data;horario;n_da_ocorrencia;tipo_de_ocorrencia;km;trecho;sentido;tipo_de_acidente;automovel;bicicleta;caminhao;moto;onibus;outros;tracao_animal;transporte_de_cargas_especiais;trator_maquinas;utilitarios;ilesos;levemente_feridos;moderadamente_feridos;gravemente_feridos;mortos
"03/11/2019";"06:11:00";"16";"com vítima";"209";"BR-386/RS";"Sul";"Colisão - Frontal";1;0;0;0;1;0;0;0;0;0;0;15;3;3;1
"03/11/2019";"06:20:00";"17";"Sem vítima";"305";"BR-386/RS";"Norte";"Choque Defensa";0;0;0;0;0;0;0;0;0;0;1;0;0;0;0
"03/11/2019";"01:34:00";"90";"Sem vítima";"77";"BR-290/RS";"Oeste";"Colisão - Traseira";2;0;0;0;0;0;0;0;0;0;5;0;0;0;0
"03/11/2019";"03:03:00";"104";"Sem vítima";"346";"BR-386/RS";"Sul";;2;0;0;0;0;0;0;0;0;0;3;0;0;0;0
"03/11/2019";"05:32:00";"141";"Sem vítima";"231";"BR-386/RS";"Sul";"Queda de ribanceira";1;0;0;0;0;0;0;0;0;0;1;0;0;0;0
"03/11/2019";"08:30:00";"172";"Sem vítima";"224";"BR-386/RS";"Sul";"Saída de pista";1;0;0;0;0;0;0;0;0;0;3;0;0;0;0
"04/11/2019";"06:10:00";"23";"Sem vítima";"395";"BR-386/RS";"Norte";"Saída de pista";0;0;0;0;1;0;0;0;0;0;1;0;0;0;0
"04/11/2019";"11:44:00";"87";"Sem vítima";"347";"BR-386/RS";"Sul";"Choque com veículo no acostamento";2;0;0;0;0;0;0;0;0;0;2;0;0;0;0
"04/11/2019";"02:22:00";"107";"Sem vítima";"11";"BR-290/RS";"Leste";"Capotamento";1;0;0;0;0;0;0;0;0;0;3;0;0;0;0
"04/11/2019";"03:06:00";"118";"Sem vítima";"360";"BR-386/RS";"Sul";"Capotamento";1;0;0;0;0;0;0;0;0;0;1;0;0;0;0
"04/11/2019";"04:29:00";"132";"Sem vítima";"71.38";"BR-101/RS";"Norte";"Saída de pista";1;0;0;0;0;0;0;0;0;0;3;0;0;0;0
"04/11/2019";"05:36:00";"144";"com vítima";"37";"BR-290/RS";"Leste";"Colisão - Lateral";2;0;0;0;0;0;0;0;0;0;1;0;0;1;0
"04/11/2019";"05:37:00";"145";"Sem vítima";"94";"BR-290/RS";"Leste";"Colisão - Traseira";1;0;1;0;0;0;0;0;0;0;2;0;0;0;0
"04/11/2019";"08:56:00";"167";"Sem vítima";"81";"BR-290/RS";"Oeste";"Queda de ribanceira";1;0;0;0;0;0;0;0;0;0;1;0;0;0;0
"04/11/2019";"09:53:00";"173";"Sem vítima";"5";"BR-290/RS";"Oeste";"Outros";1;0;1;0;0;0;0;0;0;0;2;0;0;0;0
"05/11/2019";"02:16:00";"179";"Sem vítima";"41";"BR-290/RS";"Oeste";"Queda de ribanceira";0;0;1;0;0;0;0;0;0;0;1;0;0;0;0
"05/11/2019";"04:40:00";"190";"Sem vítima";"405";"BR-386/RS";"Norte";"Choque - Sinalização";1;0;0;0;0;0;0;0;0;0;4;0;0;0;0
"05/11/2019";"08:00:00";"211";"Sem vítima";"399";"BR-386/RS";"Norte";"Saída de pista";0;0;0;0;1;0;0;0;0;0;2;0;0;0;0
"05/11/2019";"09:25:00";"244";"Sem vítima";"245";"BR-386/RS";"Sul";"Capotamento";1;0;0;0;0;0;0;0;0;0;2;0;0;0;0
"05/11/2019";"09:41:00";"250";"Sem vítima";"296";"BR-386/RS";"Sul";"Saída de pista";0;0;0;0;1;0;0;0;0;0;1;0;0;0;0
"05/11/2019";"09:45:00";"251";"Sem vítima";"95";"BR-290/RS";"Oeste";"Colisão - Traseira";2;0;0;0;0;0;0;0;0;0;5;0;0;0;0
"05/11/2019";"12:12:00";"284";"Sem vítima";"352";"BR-386/RS";"Sul";"Saída de pista";1;0;0;0;0;0;0;0;0;0;1;0;0;0;0
"05/11/2019";"12:20:00";"286";"Sem vítima";"309";"BR-386/RS";"Sul";"Saída de pista";0;0;1;0;0;0;0;0;0;0;1;0;0;0;0
"05/11/2019";"03:02:00";"311";"com vítima";"3";"BR-101/RS";"Norte";"Queda de ribanceira";2;0;0;0;0;0;0;0;0;0;1;1;1;0;0
"05/11/2019";"05:01:00";"329";"Sem vítima";"40";"BR-101/RS";"Sul";"Tombamento";0;0;1;0;0;0;0;0;0;0;1;0;0;0;0
"05/11/2019";"05:36:00";"331";"Sem vítima";"438";"BR-386/RS";"Ambos";"Choque - Meio Fio";1;0;1;0;0;0;0;0;0;0;3;0;0;0;0
"05/11/2019";"09:51:00";"357";"Sem vítima";"32";"BR-101/RS";"Norte";"Colisão - Traseira";1;0;1;0;0;0;0;0;0;0;2;0;0;0;0
"06/11/2019";"05:10:00";"17";"com vítima";"407";"BR-386/RS";"Sul";"Colisão - Traseira";0;0;3;0;0;0;0;0;0;0;0;0;2;1;0
"06/11/2019";"07:28:00";"35";"Sem vítima";"95.21";"BR-290/RS";"Leste";"Colisão - Traseira";2;0;0;0;0;0;0;0;0;0;7;0;0;0;0
"06/11/2019";"12:32:00";"120";"Sem vítima";"354";"BR-386/RS";"Norte";"Colisão - Lateral";1;0;0;0;0;1;0;0;0;0;2;0;0;0;0
"06/11/2019";"01:47:00";"131";"com vítima";"429";"BR-386/RS";"Ambos";"Queda de ribanceira";1;0;0;0;0;0;0;0;0;0;0;1;0;0;0
"06/11/2019";"01:59:00";"133";"com vítima";"90";"BR-290/RS";"Oeste";"Queda de ribanceira";1;0;0;0;0;0;0;0;0;0;0;0;1;0;0
"06/11/2019";"02:46:00";"141";"Sem vítima";"435";"BR-386/RS";"Sul";"Colisão - Lateral";1;0;1;0;0;0;0;0;0;0;2;0;0;0;0
"06/11/2019";"05:43:00";"177";"Sem vítima";"55";"BR-101/RS";"Ambos";"Queda de ribanceira";1;0;1;0;0;1;0;0;0;0;2;0;0;0;0
"06/11/2019";"05:49:00";"180";"Sem vítima";"96";"BR-290/RS";"Oeste";"Colisão - Traseira";2;0;0;0;0;0;0;0;0;0;4;0;0;0;0
"06/11/2019";"08:58:00";"217";"Sem vítima";"344";"BR-386/RS";"Sul";"Colisão - Frontal";2;0;0;0;0;0;0;0;0;0;2;0;0;0;0
"06/11/2019";"10:58:00";"227";"Sem vítima";"248.11";"BR-386/RS";"Norte";"Queda de ribanceira";1;0;0;0;0;0;0;0;0;0;4;0;0;0;0
"07/11/2019";"05:55:00";"20";"com vítima";"12";"BR-290/RS";"Oeste";"Queda de ribanceira";0;0;1;0;0;0;0;0;0;0;1;1;0;0;0
"07/11/2019";"07:46:00";"37";"Sem vítima";"347";"BR-386/RS";"Norte";"Queda de ribanceira";0;0;1;0;0;0;0;0;0;0;1;0;0;0;0
"07/11/2019";"08:06:00";"42";"com vítima";"352";"BR-386/RS";"Norte";"Queda de ribanceira";1;0;0;0;0;0;0;0;0;0;0;2;0;0;0
"07/11/2019";"08:26:00";"47";"Sem vítima";"68";"BR-290/RS";"Oeste";"Saída de pista";1;0;0;0;0;0;0;0;0;0;1;0;0;0;0
"07/11/2019";"10:22:00";"65";"Sem vítima";"93";"BR-290/RS";"Oeste";"Choque Barreira";1;0;0;0;0;0;0;0;0;0;1;0;0;0;0
"07/11/2019";"10:55:00";"74";"Sem vítima";"11";"BR-290/RS";"Leste";"Capotamento";1;0;0;0;0;0;0;0;0;0;2;0;0;0;0
"07/11/2019";"12:45:00";"88";"Sem vítima";"236";"BR-386/RS";"Norte";"Queda de ribanceira";1;0;0;0;0;0;0;0;0;0;1;0;0;0;0
"08/11/2019";"12:24:00";"4";"Sem vítima";"398";"BR-386/RS";"Norte";"Queda de ribanceira";1;0;0;0;0;0;0;0;0;0;1;0;0;0;0
"08/11/2019";"05:17:00";"31";"com vítima";"348";"BR-386/RS";"Sul";"Saída de pista";1;0;0;0;0;0;0;0;0;0;0;1;0;0;0
"08/11/2019";"05:56:00";"33";"com vítima";"430";"BR-386/RS";"Norte";"Colisão - Frontal";2;0;1;0;0;0;0;0;0;0;5;0;0;1;0
"08/11/2019";"06:13:00";"36";"com vítima";"23";"BR-101/RS";"Sul";"Colisão - Lateral";1;0;1;0;0;0;0;0;0;0;0;3;0;0;0
"08/11/2019";"11:31:00";"129";"Sem vítima";"22";"BR-290/RS";"Leste";"Colisão - Traseira";1;0;1;0;0;0;0;0;0;0;4;0;0;0;0
"08/11/2019";"12:17:00";"137";"com vítima";"346";"BR-386/RS";"Norte";"Colisão - Traseira";2;0;1;0;0;0;0;0;0;0;3;1;0;0;0
"08/11/2019";"04:16:00";"180";"com vítima";"414";"BR-386/RS";"Norte";"Colisão - Traseira";1;0;0;1;0;0;0;0;0;0;2;1;0;0;0
"08/11/2019";"08:44:00";"242";"com vítima";"21";"BR-101/RS";"Sul";"Colisão - Traseira";1;0;1;0;0;0;0;0;0;0;5;1;0;0;0
"08/11/2019";"09:07:00";"248";"Sem vítima";"45";"BR-101/RS";"Sul";"Choque Defensa";1;0;0;0;0;0;0;0;0;0;1;0;0;0;0
"09/11/2019";"12:17:00";"3";"Sem vítima";"401.1";"BR-386/RS";"Norte";"Saída de pista";1;0;0;0;0;0;0;0;0;0;2;0;0;0;0
"09/11/2019";"01:33:00";"9";"Sem vítima";"40";"BR-290/RS";"Leste";"Choque com veículo na faixa de rolamento";0;0;2;0;0;0;0;0;0;0;1;0;0;0;0
"09/11/2019";"03:36:00";"21";"Sem vítima";"229";"BR-386/RS";"Sul";"Queda de ribanceira";1;0;0;0;0;0;0;0;0;0;3;0;0;0;0
"09/11/2019";"05:20:00";"26";"Sem vítima";"244";"BR-386/RS";"Sul";"Colisão - Traseira";0;0;2;0;0;0;0;0;0;0;2;0;0;0;0
"09/11/2019";"06:28:00";"32";"Sem vítima";"33.26";"BR-101/RS";"Sul";"Queda de ribanceira";1;0;0;0;0;0;0;0;0;0;2;0;0;0;0
"09/11/2019";"07:33:00";"45";"com vítima";"33";"BR-290/RS";"Leste";"Colisão - Lateral";1;0;0;0;1;0;0;0;0;0;27;2;0;0;0
"09/11/2019";"10:12:00";"92";"Sem vítima";"372";"BR-386/RS";"Sul";"Saída de pista";1;0;0;0;0;0;0;0;0;0;5;0;0;0;0
"09/11/2019";"10:36:00";"102";"Sem vítima";"420";"BR-386/RS";"Norte";"Saída de pista";1;0;0;0;0;0;0;0;0;0;2;0;0;0;0
"09/11/2019";"11:46:00";"121";"Sem vítima";"437";"BR-386/RS";"Norte";"Colisão - Traseira";2;0;0;0;0;0;0;0;0;0;4;0;0;0;0
"09/11/2019";"01:17:00";"137";"Sem vítima";"22";"BR-290/RS";"Leste";"Saída de pista";0;0;1;0;0;0;0;0;0;0;1;0;0;0;0
"09/11/2019";"02:38:00";"149";"Sem vítima";"391";"BR-386/RS";"Norte";"Saída de pista";2;0;0;0;0;0;0;0;0;0;3;0;0;0;0
"09/11/2019";"10:25:00";"218";"Sem vítima";"401";"BR-386/RS";"Norte";"Choque - Meio Fio";1;0;0;0;0;0;0;0;0;0;1;0;0;0;0
"10/11/2019";"05:01:00";"21";"com vítima";"74";"BR-290/RS";"Oeste";"Atropelamento - Andarilho";1;0;0;0;0;0;0;0;0;0;0;0;0;1;0
"10/11/2019";"05:52:00";"24";"Sem vítima";"412";"BR-386/RS";"Sul";"Choque Barreira";1;0;0;0;0;0;0;0;0;0;1;0;0;0;0
"10/11/2019";"07:43:00";"40";"Sem vítima";"91.24";"BR-290/RS";"Leste";"Colisão - Lateral";1;0;1;0;0;0;0;0;0;0;2;0;0;0;0
"10/11/2019";"09:24:00";"60";"Sem vítima";"86";"BR-290/RS";"Oeste";"Queda de moto";0;0;0;1;0;0;0;0;0;0;1;0;0;0;0
"10/11/2019";"09:36:00";"62";"Sem vítima";"4";"BR-290/RS";"Leste";"Queda de ribanceira";1;0;0;0;0;0;0;0;0;0;1;0;0;0;0
"10/11/2019";"02:21:00";"108";"com vítima";"410";"BR-386/RS";"Sul";"Colisão - Lateral";2;0;0;0;0;0;0;0;0;0;4;0;2;0;1
"10/11/2019";"02:56:00";"113";"com vítima";"10";"BR-290/RS";"Leste";"Capotamento";1;0;0;0;0;0;0;0;0;0;1;1;1;0;0
"10/11/2019";"03:01:00";"114";"com vítima";"14";"BR-101/RS";"Sul";"Capotamento";1;0;0;0;0;0;0;0;0;0;0;2;0;0;0
"10/11/2019";"03:30:00";"118";"com vítima";"61";"BR-290/RS";"Oeste";"Capotamento";1;0;0;0;0;0;0;0;0;0;0;1;1;0;0
"10/11/2019";"05:03:00";"129";"com vítima";"268";"BR-386/RS";"Sul";"Colisão - Transversal";1;0;0;1;0;0;0;0;0;0;5;1;1;0;0
"11/11/2019";"01:52:00";"13";"Sem vítima";"55";"BR-101/RS";"Norte";"Capotamento";0;0;0;0;1;0;0;0;0;0;1;0;0;0;0
"11/11/2019";"06:48:00";"37";"com vítima";"21";"BR-290/RS";"Leste";"Colisão - Traseira";0;0;1;0;1;0;0;0;0;0;0;0;1;0;0
"11/11/2019";"09:05:00";"89";"Sem vítima";"22";"BR-101/RS";"Norte";"Queda de ribanceira";0;0;0;0;1;0;0;0;0;0;1;0;0;0;0
"11/11/2019";"09:48:00";"105";"com vítima";"349";"BR-386/RS";"Sul";"Queda de ribanceira";1;0;0;0;0;0;0;0;0;0;0;1;0;0;0
"11/11/2019";"10:39:00";"117";"Sem vítima";"55";"BR-101/RS";"Sul";"Colisão - Traseira";0;0;1;0;0;1;0;0;0;0;2;0;0;0;0
"11/11/2019";"11:11:00";"128";"com vítima";"29";"BR-101/RS";"Norte";"Capotamento";1;0;0;0;0;0;0;0;0;0;0;1;0;0;0
"11/11/2019";"01:20:00";"154";"com vítima";"350";"BR-386/RS";"Sul";"Queda de moto";1;0;0;0;0;0;0;0;0;0;0;2;0;0;0
"11/11/2019";"03:31:00";"191";"Sem vítima";"305";"BR-386/RS";"Norte";"Tombamento";0;0;2;0;0;0;0;0;0;0;1;0;0;0;0
"11/11/2019";"04:06:00";"196";"Sem vítima";"356";"BR-386/RS";"Sul";"Queda de ribanceira";1;0;0;0;0;0;0;0;0;0;1;0;0;0;0
"11/11/2019";"04:56:00";"204";"Sem vítima";"410";"BR-386/RS";"Sul";"Outros";0;0;1;0;0;0;0;0;0;0;1;0;0;0;0
"11/11/2019";"07:32:00";"236";"com vítima";"344";"BR-386/RS";"Ambos";"Atropelamento - Andarilho";1;0;0;0;0;0;0;0;0;0;1;0;0;1;0
"12/11/2019";"07:10:00";"29";"Sem vítima";"61";"BR-290/RS";"Oeste";"Queda de ribanceira";1;0;0;0;0;0;0;0;0;0;1;0;0;0;0
"12/11/2019";"03:00:00";"147";"com vítima";"86";"BR-101/RS";"Sul";"Colisão - Lateral";2;0;0;0;0;0;0;0;0;0;1;2;0;0;0
"12/11/2019";"04:07:00";"161";"com vítima";"14";"BR-101/RS";"Norte";;1;0;0;0;0;0;0;0;0;0;0;0;2;1;0
"12/11/2019";"06:25:00";"183";"Sem vítima";"1";"BR-448/RS";"Norte";"Colisão - Traseira";3;0;0;0;0;0;0;0;0;0;3;0;0;0;0
"13/11/2019";"07:15:00";"27";"Sem vítima";"89";"BR-290/RS";"Oeste";"Colisão - Traseira";2;0;0;0;0;0;0;0;0;0;1;0;0;0;0
"13/11/2019";"08:41:00";"68";"Sem vítima";"95.24";"BR-290/RS";"Oeste";"Colisão - Lateral";1;0;1;0;0;0;0;0;0;0;2;0;0;0;0
"13/11/2019";"02:15:00";"161";"Sem vítima";"349";"BR-386/RS";"Sul";"Colisão - Traseira";1;0;2;0;0;0;0;0;0;0;3;0;0;0;0
"13/11/2019";"04:30:00";"190";"Sem vítima";"372";"BR-386/RS";"Sul";"Colisão - Frontal";0;0;0;0;1;0;0;0;0;0;1;0;0;0;0
"13/11/2019";"04:46:00";"197";"Sem vítima";"96";"BR-290/RS";"Leste";"Colisão - Traseira";2;0;0;0;0;0;0;0;0;0;2;0;0;0;0
"13/11/2019";"04:48:00";"198";"Sem vítima";"13";"BR-290/RS";"Leste";"Colisão - Traseira";2;0;0;0;0;0;0;0;0;0;4;0;0;0;0
"13/11/2019";"07:22:00";"231";"Sem vítima";"91";"BR-290/RS";"Leste";"Queda de moto";0;0;0;1;0;0;0;0;0;0;2;0;0;0;0
"14/11/2019";"03:29:00";"9";"Sem vítima";"374";"BR-386/RS";"Sul";"Choque Praça - Submarino";1;0;0;0;0;0;0;0;0;0;1;0;0;0;0
"14/11/2019";"06:36:00";"23";"Sem vítima";"92";"BR-290/RS";"Oeste";"Colisão - Traseira";2;0;0;0;0;0;0;0;0;0;1;0;0;0;0
"14/11/2019";"07:24:00";"25";"com vítima";"437";"BR-386/RS";"Sul";"Colisão - Frontal";1;0;1;0;0;0;0;0;0;0;1;0;2;0;0
"14/11/2019";"07:32:00";"28";"Sem vítima";"11";"BR-290/RS";"Leste";"Colisão - Traseira";0;0;2;0;1;0;0;0;0;0;5;0;0;0;0
"14/11/2019";"07:46:00";"34";"Sem vítima";"96";"BR-290/RS";"Oeste";"Colisão - Traseira";1;0;1;0;0;0;0;0;0;0;2;0;0;0;0
"14/11/2019";"08:00:00";"37";"Sem vítima";"16";"BR-290/RS";"Ambos";"Saída de pista";1;0;0;0;0;0;0;0;0;0;6;0;0;0;0
"14/11/2019";"09:37:00";"63";"Sem vítima";"11";"BR-290/RS";"Leste";"Saída de pista";1;0;0;0;0;0;0;0;0;0;3;0;0;0;0
"14/11/2019";"09:54:00";"68";"Sem vítima";"16";"BR-290/RS";"Ambos";"Capotamento";1;0;0;0;0;0;0;0;0;0;2;0;0;0;0
"14/11/2019";"11:51:00";"91";"Sem vítima";"44";"BR-101/RS";"Norte";"Saída de pista";0;0;0;0;1;0;0;0;0;0;1;0;0;0;0
"14/11/2019";"12:25:00";"99";"Sem vítima";"352";"BR-386/RS";"Norte";"Colisão - Traseira";2;0;0;0;0;0;0;0;0;0;2;0;0;0;0
"14/11/2019";"02:44:00";"131";"Sem vítima";"92.39";"BR-290/RS";"Oeste";"Colisão - Lateral";1;0;0;1;0;0;0;0;0;0;4;0;0;0;0
"14/11/2019";"04:55:00";"176";"Sem vítima";"400";"BR-386/RS";"Norte";"Choque - Meio Fio";1;0;0;0;0;0;0;0;0;0;1;0;0;0;0
"14/11/2019";"08:08:00";"243";"Sem vítima";"346";"BR-386/RS";"Sul";"Queda de ribanceira";1;0;0;0;0;0;0;0;0;0;1;0;0;0;0
"14/11/2019";"11:03:00";"285";"Sem vítima";"21";"BR-290/RS";"Leste";"Colisão - Traseira";3;0;0;0;0;0;0;0;0;0;8;0;0;0;0
"15/11/2019";"12:47:00";"8";"com vítima";"407";"BR-386/RS";"Norte";"Colisão - Lateral";2;0;0;0;0;0;0;0;0;0;4;2;0;1;0
"15/11/2019";"12:48:00";"9";"Sem vítima";"304";"BR-386/RS";"Ambos";;0;0;0;0;1;0;0;0;0;0;1;0;0;0;0
"15/11/2019";"06:23:00";"56";"Sem vítima";"47";"BR-290/RS";"Ambos";"Queda de ribanceira";0;0;0;0;1;0;0;0;0;0;1;0;0;0;0
"15/11/2019";"06:57:00";"63";"com vítima";"37";"BR-101/RS";"Norte";"Colisão - Traseira";2;0;0;0;0;0;0;0;0;0;4;3;1;0;0
"15/11/2019";"07:40:00";"76";"Sem vítima";"428";"BR-386/RS";"Norte";"Queda de ribanceira";1;0;0;0;0;0;0;0;0;0;2;0;0;0;0
"15/11/2019";"08:42:00";"100";"Sem vítima";"43";"BR-101/RS";"Norte";"Colisão - Traseira";2;0;0;0;0;0;0;0;0;0;5;0;0;0;0
"15/11/2019";"08:58:00";"104";"Sem vítima";"54";"BR-290/RS";"Leste";"Colisão - Traseira";2;0;0;0;0;0;0;0;0;0;4;0;0;0;0
"15/11/2019";"09:15:00";"119";"Sem vítima";"216";"BR-386/RS";"Norte";"Colisão - Lateral";2;0;0;0;0;0;0;0;0;0;4;0;0;0;0
"15/11/2019";"10:35:00";"147";"Sem vítima";"50";"BR-290/RS";"Leste";"Queda de ribanceira";1;0;0;0;0;0;0;0;0;0;2;0;0;0;0
"15/11/2019";"11:49:00";"168";"Sem vítima";"67";"BR-290/RS";"Leste";"Colisão - Lateral";1;0;0;0;1;0;0;0;0;0;3;0;0;0;0
"15/11/2019";"01:55:00";"204";"Sem vítima";"6";"BR-290/RS";"Leste";"Colisão - Traseira";2;0;0;0;0;0;0;0;0;0;2;0;0;0;0
"15/11/2019";"03:48:00";"238";"Sem vítima";"200";"BR-386/RS";"Norte";"Queda de ribanceira";1;0;0;0;0;0;0;0;0;0;2;0;0;0;0
"15/11/2019";"09:21:00";"306";"com vítima";"321";"BR-386/RS";"Norte";"Colisão - Lateral";1;0;0;1;0;0;0;0;0;0;0;0;1;0;0
"16/11/2019";"01:35:00";"4";"Sem vítima";"397.18";"BR-386/RS";"Sul";"Saída de pista";1;0;0;0;0;0;0;0;0;0;3;0;0;0;0
"16/11/2019";"05:55:00";"16";"Sem vítima";"54";"BR-290/RS";"Leste";"Queda de ribanceira";1;0;0;0;0;0;0;0;0;0;1;0;0;0;0
"16/11/2019";"07:18:00";"24";"com vítima";"371";"BR-386/RS";"Sul";"Queda de ribanceira";1;0;0;0;0;0;0;0;0;0;1;0;1;0;0
"16/11/2019";"07:42:00";"34";"Sem vítima";"71";"BR-290/RS";"Leste";"Colisão - Traseira";1;0;0;0;0;0;0;0;0;0;4;0;0;0;0
"16/11/2019";"07:46:00";"35";"Sem vítima";"54";"BR-290/RS";"Oeste";"Queda de ribanceira";1;0;0;0;0;0;0;0;0;0;3;0;0;0;0
"16/11/2019";"09:55:00";"85";"com vítima";"92";"BR-290/RS";"Oeste";"Queda de moto";0;0;0;1;0;0;0;0;0;0;0;0;1;0;0
"16/11/2019";"10:52:00";"74";"Sem vítima";"92";"BR-290/RS";"Leste";"Queda de moto";0;0;0;1;0;0;0;0;0;0;1;0;0;0;0
"16/11/2019";"11:20:00";"93";"Sem vítima";"209";"BR-386/RS";"Norte";"Colisão - Traseira";2;0;0;0;0;0;0;0;0;0;3;0;0;0;0
"16/11/2019";"11:43:00";"102";"com vítima";"387";"BR-386/RS";"Sul";"Colisão - Lateral";1;0;0;1;0;0;0;0;0;0;1;0;1;0;0
"16/11/2019";"04:41:00";"154";"Sem vítima";"227";"BR-386/RS";"Sul";"Colisão - Traseira";2;0;0;0;0;0;0;0;0;0;5;0;0;0;0
"16/11/2019";"08:38:00";"199";"Sem vítima";"12";"BR-290/RS";"Leste";"Colisão - Traseira";1;0;0;1;0;0;0;0;0;0;4;0;0;0;0
"16/11/2019";"09:24:00";"206";"com vítima";"344";"BR-386/RS";"Norte";"Colisão - Transversal";2;0;0;0;0;0;0;0;0;0;2;1;0;0;0
"16/11/2019";"11:54:00";"223";"Sem vítima";"4";"BR-448/RS";"Norte";"Choque Defensa";1;0;0;0;0;0;0;0;0;0;1;0;0;0;0
"17/11/2019";"01:30:00";"3";"Sem vítima";"35";"BR-101/RS";"Norte";"Queda de ribanceira";1;0;0;0;0;0;0;0;0;0;4;0;0;0;0
"17/11/2019";"10:30:00";"52";"Sem vítima";"75";"BR-290/RS";"Oeste";"Queda de moto";0;0;0;1;0;0;0;0;0;0;1;0;0;0;0
"17/11/2019";"10:56:00";"60";"Sem vítima";"1";"BR-290/RS";"Oeste";"Colisão - Traseira";2;0;0;0;0;0;0;0;0;0;8;0;0;0;0
"17/11/2019";"12:03:00";"83";"Sem vítima";"199";"BR-386/RS";"Norte";"Colisão - Traseira";1;0;1;0;0;0;0;0;0;0;4;0;0;0;0
"17/11/2019";"12:06:00";"84";"Sem vítima";"4";"BR-290/RS";"Oeste";"Colisão - Lateral";1;0;0;0;1;0;0;0;0;0;2;0;0;0;0
"17/11/2019";"12:51:00";"99";"com vítima";"1";"BR-290/RS";"Oeste";"Colisão - Traseira";2;0;0;0;0;0;0;0;0;0;5;1;0;0;0
"17/11/2019";"01:48:00";"111";"Sem vítima";"7";"BR-101/RS";"Sul";"Capotamento";2;0;0;0;0;0;0;0;0;0;1;0;0;0;0
"17/11/2019";"02:04:00";"118";"com vítima";"46";"BR-290/RS";"Oeste";"Queda de ribanceira";1;0;0;0;0;0;0;0;0;0;2;0;1;0;0
"17/11/2019";"02:28:00";"124";"Sem vítima";"234";"BR-386/RS";"Sul";"Colisão - Traseira";2;0;0;0;0;0;0;0;0;0;3;0;0;0;0
"17/11/2019";"02:57:00";"137";"Sem vítima";"201";"BR-386/RS";"Sul";"Engavetamento";4;0;0;0;0;0;0;0;0;0;11;0;0;0;0
"17/11/2019";"03:09:00";"144";"Sem vítima";"424";"BR-386/RS";"Norte";"Colisão - Traseira";2;0;0;0;0;0;0;0;0;0;2;0;0;0;0
"17/11/2019";"03:10:00";"145";"Sem vítima";"85";"BR-101/RS";"Sul";"Colisão - Lateral";1;0;1;0;0;0;0;0;0;0;4;0;0;0;0
"17/11/2019";"04:39:00";"169";"Sem vítima";"77";"BR-290/RS";"Leste";"Colisão - Traseira";2;0;0;0;0;0;0;0;0;0;1;0;0;0;0
"17/11/2019";"04:58:00";"176";"Sem vítima";"97";"BR-290/RS";"Oeste";"Colisão - Traseira";1;0;0;0;0;0;0;0;0;0;1;0;0;0;0
"17/11/2019";"06:20:00";"213";"Sem vítima";"362.07";"BR-386/RS";"Sul";"Queda de ribanceira";1;0;0;0;0;0;0;0;0;0;1;0;0;0;0
"17/11/2019";"08:13:00";"243";"com vítima";"346.12";"BR-386/RS";"Norte";"Colisão - Traseira";0;0;0;1;0;0;0;0;0;0;1;1;0;0;0
"17/11/2019";"08:29:00";"248";"Sem vítima";"319.24";"BR-386/RS";"Norte";"Colisão - Lateral";2;0;0;0;0;0;0;0;0;0;2;0;0;0;0
"17/11/2019";"09:00:00";"263";"Sem vítima";"345.31";"BR-386/RS";"Norte";"Saída de pista";1;0;0;0;0;0;0;0;0;0;1;0;0;0;0
"18/11/2019";"12:59:00";"9";"Sem vítima";"11";"BR-290/RS";"Oeste";"Capotamento";1;0;0;0;0;0;0;0;0;0;2;0;0;0;0
"18/11/2019";"06:02:00";"22";"Sem vítima";"92";"BR-290/RS";"Leste";"Colisão - Traseira";1;0;1;0;0;0;0;0;0;0;4;0;0;0;0
"18/11/2019";"06:48:00";"29";"com vítima";"13";"BR-101/RS";"Norte";"Colisão - Lateral";2;0;0;0;0;0;0;0;0;0;2;1;0;0;0
"18/11/2019";"07:47:00";"43";"Sem vítima";"376";"BR-386/RS";"Norte";"Queda de ribanceira";0;0;1;0;0;0;0;0;0;0;1;0;0;0;0
"18/11/2019";"08:36:00";"62";"Sem vítima";"95";"BR-290/RS";"Oeste";"Colisão - Traseira";0;0;0;2;0;0;0;0;0;0;2;0;0;0;0
"18/11/2019";"09:13:00";"81";"Sem vítima";"19";"BR-290/RS";"Leste";"Colisão - Traseira";1;0;1;0;0;0;0;0;0;0;3;0;0;0;0
"18/11/2019";"09:51:00";"92";"com vítima";"282";"BR-386/RS";"Norte";"Colisão - Lateral";2;0;0;0;0;0;0;0;0;0;0;1;0;2;0
"18/11/2019";"11:04:00";"116";"com vítima";"42";"BR-101/RS";"Norte";"Colisão - Lateral";1;0;0;1;0;0;0;0;0;0;1;1;0;0;0
"18/11/2019";"01:10:00";"141";"Sem vítima";"56";"BR-290/RS";"Oeste";"Colisão - Lateral";2;0;0;0;0;0;0;0;0;0;3;0;0;0;0
"18/11/2019";"02:16:00";"154";"Sem vítima";"245";"BR-386/RS";"Norte";"Colisão - Traseira";2;0;0;0;0;0;0;0;0;0;4;0;0;0;0
"18/11/2019";"02:34:00";"160";"com vítima";"217.25";"BR-386/RS";"Norte";"Colisão - Lateral";1;0;0;0;1;0;0;0;0;0;0;1;1;0;0
"18/11/2019";"03:32:00";"170";"Sem vítima";"8";"BR-448/RS";"Sul";"Colisão - Traseira";2;0;0;0;0;0;0;0;0;0;2;0;0;0;0
"18/11/2019";"06:48:00";"204";"com vítima";"346";"BR-386/RS";"Norte";"Atropelamento - Esportista";1;0;0;0;0;0;0;0;0;0;0;1;0;0;0
"18/11/2019";"08:04:00";"222";"com vítima";"29";"BR-290/RS";"Leste";"Queda de ribanceira";1;0;0;0;0;0;0;0;0;0;0;0;1;0;0