data;horario;n_da_ocorrencia;tipo_de_ocorrencia;km;trecho;sentido;tipo_de_acidente;automovel;bicicleta;caminhao;moto;onibus;outros;tracao_animal;transporte_de_cargas_especiais;trator_maquinas;utilitarios;ilesos;levemente_feridos;moderadamente_feridos;gravemente_feridos;mortos
"11/03/2020";"04:26:00";"181";"com vítima";"396";"BR-386/RS";"Sul";"Queda de moto";2;0;0;0;0;0;0;0;0;0;1;1;0;0;0
"11/03/2020";"08:31:00";"229";"Sem vítima";"442";"BR-386/RS";"Sul";"Colisão - Lateral";2;0;0;0;0;0;0;0;0;0;3;0;0;0;0
"12/03/2020";"08:42:00";"59";"com vítima";"327";"BR-386/RS";"Sul";"Queda de moto";0;0;0;1;0;0;0;0;0;0;0;0;1;0;0
"12/03/2020";"11:51:00";"107";"com vítima";"217";"BR-386/RS";"Sul";"Tombamento";0;0;1;0;0;0;0;0;0;0;0;0;1;0;0
"12/03/2020";"02:57:00";"162";"com vítima";"438";"BR-386/RS";"Sul";"Colisão - Traseira";0;0;2;0;0;0;0;0;0;0;1;0;1;0;0
"13/03/2020";"12:20:00";"1";"com vítima";"323";"BR-386/RS";"Norte";"Colisão - Frontal";0;0;0;1;0;1;0;0;0;0;1;0;0;0;2
"13/03/2020";"07:02:00";"34";"com vítima";"97";"BR-290/RS";"Leste";"Atropelamento - Usuário";0;0;1;0;0;0;0;0;0;0;1;0;1;0;0
"13/03/2020";"07:17:00";"37";"Sem vítima";"97";"BR-290/RS";"Leste";"Engavetamento";4;0;0;0;0;0;0;0;0;0;9;0;0;0;0
"13/03/2020";"07:47:00";"50";"Sem vítima";"19";"BR-290/RS";"Leste";"Colisão - Traseira";1;0;1;0;0;0;0;0;0;0;5;0;0;0;0
"13/03/2020";"09:45:00";"113";"Sem vítima";"415";"BR-386/RS";"Norte";"Queda de ribanceira";1;0;0;0;0;0;0;0;0;0;1;0;0;0;0
"13/03/2020";"09:49:00";"112";"Sem vítima";"426";"BR-386/RS";"Sul";"Colisão - Traseira";1;0;1;0;0;0;0;0;0;0;2;0;0;0;0
"13/03/2020";"05:53:00";"272";"com vítima";"11";"BR-101/RS";"Sul";"Queda de ribanceira";1;0;0;0;0;0;0;0;0;0;0;3;0;0;0
"14/03/2020";"07:30:00";"229";"Sem vítima";"1";"BR-448/RS";"Norte";"Saída de pista";1;0;0;0;0;0;0;0;0;0;1;0;0;0;0
"14/03/2020";"09:06:00";"263";"Sem vítima";"30";"BR-290/RS";"Leste";"Saída de pista";1;0;0;0;0;0;0;0;0;0;1;0;0;0;0
"14/03/2020";"01:55:00";"356";"com vítima";"21";"BR-448/RS";"Sul";"Choque Barreira";1;0;0;0;0;0;0;0;0;0;0;1;0;0;0
"14/03/2020";"03:08:00";"383";"Sem vítima";"426";"BR-386/RS";"Norte";"Colisão - Traseira";1;0;1;0;0;0;0;0;0;0;2;0;0;0;0
"14/03/2020";"07:29:00";"467";"Sem vítima";"98";"BR-290/RS";"Leste";"Saída de pista";1;0;0;0;0;0;0;0;0;0;1;0;0;0;0
"14/03/2020";"08:02:00";"478";"Sem vítima";"185";"BR-386/RS";"Norte";"Colisão - Traseira";1;0;1;0;0;0;0;0;0;0;3;0;0;0;0
"14/03/2020";"11:28:00";"506";"Sem vítima";"92";"BR-290/RS";"Leste";"Colisão - Traseira";2;0;0;0;0;0;0;0;0;0;3;0;0;0;0
"15/03/2020";"12:57:00";"7";"Sem vítima";"235";"BR-386/RS";"Norte";"Colisão - Traseira";1;0;0;0;0;0;0;0;0;0;1;0;0;0;0
"15/03/2020";"03:30:00";"20";"Sem vítima";"346";"BR-386/RS";"Sul";"Choque Defensa";2;0;0;0;0;0;0;0;0;0;2;0;0;0;0
"15/03/2020";"08:54:00";"53";"com vítima";"56";"BR-101/RS";"Norte";"Capotamento";1;0;0;0;0;0;0;0;0;0;2;0;1;1;0
"16/03/2020";"07:26:00";"40";"Sem vítima";"92";"BR-290/RS";"Leste";"Choque Defensa";1;0;0;0;0;0;0;0;0;0;1;0;0;0;0
"16/03/2020";"08:00:00";"49";"com vítima";"342";"BR-386/RS";"Ambos";"Colisão - Transversal";2;0;0;0;0;0;0;0;0;0;2;0;1;0;0
"16/03/2020";"08:29:00";"56";"com vítima";"12";"BR-290/RS";"Oeste";"Queda de ribanceira";1;0;0;0;0;0;0;0;0;0;4;0;1;0;0
"16/03/2020";"08:37:00";"57";"com vítima";"48";"BR-290/RS";"Oeste";"Tombamento";0;0;1;0;0;0;0;0;0;0;0;1;0;0;0
"16/03/2020";"10:22:00";"74";"Sem vítima";"21";"BR-448/RS";"Ambos";"Choque Barreira";3;0;0;0;0;0;0;0;0;0;3;0;0;0;0
"16/03/2020";"10:51:00";"80";"Sem vítima";"11";"BR-290/RS";"Leste";"Queda de ribanceira";1;0;0;0;0;0;0;0;0;0;1;0;0;0;0
"16/03/2020";"11:57:00";"91";"Sem vítima";"442";"BR-386/RS";"Norte";"Queda de ribanceira";1;0;0;0;0;0;0;0;0;0;1;0;0;0;0
"16/03/2020";"12:30:00";"95";"com vítima";"444";"BR-386/RS";"Norte";"Atropelamento de Animal";2;0;0;0;0;0;0;1;0;0;1;1;1;0;0
"16/03/2020";"12:44:00";"96";"Sem vítima";"11";"BR-290/RS";"Oeste";"Queda de ribanceira";1;0;0;0;0;0;0;0;0;0;3;0;0;0;0
"16/03/2020";"12:45:00";"97";"Sem vítima";"28";"BR-290/RS";"Leste";"Queda de ribanceira";1;0;0;0;0;0;0;0;0;0;2;0;0;0;0
"16/03/2020";"01:11:00";"100";"Sem vítima";"76";"BR-101/RS";"Norte";"Queda de ribanceira";1;0;0;0;0;0;0;0;0;0;3;0;0;0;0
"16/03/2020";"02:12:00";"110";"Sem vítima";"38";"BR-290/RS";"Leste";"Queda de ribanceira";1;0;0;0;0;0;0;0;0;0;2;0;0;0;0
"16/03/2020";"02:44:00";"112";"Sem vítima";"6";"BR-290/RS";"Oeste";"Queda de ribanceira";1;0;0;0;0;0;0;0;0;0;4;0;0;0;0
"16/03/2020";"02:48:00";"114";"com vítima";"347";"BR-386/RS";"Sul";"Colisão - Traseira";2;0;0;0;0;0;0;0;0;0;2;1;0;0;0
"16/03/2020";"03:43:00";"123";"Sem vítima";"15";"BR-290/RS";"Leste";"Queda de ribanceira";0;0;0;0;0;0;0;1;0;0;1;0;0;0;0
"16/03/2020";"04:01:00";"129";"Sem vítima";"10";"BR-290/RS";"Oeste";"Queda de ribanceira";2;0;0;0;0;0;0;0;0;0;3;0;0;0;0
"16/03/2020";"05:09:00";"148";"Sem vítima";"11";"BR-290/RS";"Leste";"Queda de ribanceira";1;0;0;0;0;0;0;0;0;0;1;0;0;0;0
"16/03/2020";"09:41:00";"190";"com vítima";"350";"BR-386/RS";"Norte";"Saída de pista";1;0;0;0;0;0;0;0;0;0;0;0;1;0;0
"16/03/2020";"10:15:00";"195";"com vítima";"10";"BR-290/RS";"Leste";"Colisão - Traseira";0;0;0;0;1;1;0;0;0;0;1;0;0;1;0
"17/03/2020";"05:35:00";"10";"Sem vítima";"305";"BR-386/RS";"Norte";"Tombamento";0;0;1;0;0;0;0;0;0;0;1;0;0;0;0
"17/03/2020";"09:29:00";"217";"com vítima";"5";"BR-448/RS";"Norte";"Queda de moto";1;0;0;0;0;0;0;0;0;0;1;1;0;0;0
"18/03/2020";"07:02:00";"26";"com vítima";"86";"BR-290/RS";"Oeste";"Colisão - Lateral";1;0;0;1;0;0;0;0;0;0;1;1;0;0;0
"18/03/2020";"08:30:00";"55";"com vítima";"357";"BR-386/RS";"Sul";"Capotamento";1;0;0;0;0;0;0;0;0;0;0;2;0;0;0
"18/03/2020";"12:14:00";"104";"Sem vítima";"304";"BR-386/RS";"Norte";"Saída de pista";0;0;0;0;0;0;0;2;0;0;2;0;0;0;0
"18/03/2020";"03:35:00";"152";"Sem vítima";"98";"BR-290/RS";"Leste";"Colisão - Lateral";1;0;0;0;0;0;0;1;0;0;2;0;0;0;0
"19/03/2020";"03:32:00";"13";"Sem vítima";"405";"BR-386/RS";"Sul";"Queda de ribanceira";1;0;0;0;0;0;0;0;0;0;1;0;0;0;0
"19/03/2020";"10:25:00";"107";"Sem vítima";"67";"BR-101/RS";"Norte";"Colisão - Lateral";1;0;1;0;0;0;0;0;0;0;3;0;0;0;0
"19/03/2020";"04:42:00";"207";"Sem vítima";"96";"BR-290/RS";"Leste";"Colisão - Traseira";2;0;0;0;0;0;0;0;0;0;5;0;0;0;0
"19/03/2020";"05:48:00";"218";"com vítima";"93";"BR-290/RS";"Leste";"Colisão - Traseira";1;0;0;1;0;0;0;0;0;0;1;1;0;0;0
"19/03/2020";"08:15:00";"249";"Sem vítima";"2";"BR-290/RS";"Oeste";"Queda de ribanceira";1;0;0;0;0;0;0;0;0;0;1;0;0;0;0
"19/03/2020";"10:32:00";"267";"com vítima";"17";"BR-290/RS";"Leste";"Colisão - Traseira";2;0;0;0;0;0;0;0;0;0;0;2;0;0;0
"19/03/2020";"11:23:00";"272";"com vítima";"233.9";"BR-386/RS";"Norte";"Saída de pista";1;0;0;0;0;0;0;0;0;0;0;4;0;1;1
"20/03/2020";"10:58:00";"109";"com vítima";"42";"BR-290/RS";"Oeste";"Colisão - Traseira";1;0;0;0;0;0;0;1;0;0;1;1;0;0;0
"20/03/2020";"07:11:00";"200";"com vítima";"22";"BR-448/RS";"Sul";"Colisão - Traseira";1;0;0;1;0;0;0;0;0;0;2;0;2;0;0
"21/03/2020";"03:28:00";"9";"Sem vítima";"15";"BR-290/RS";"Oeste";"Queda de moto";0;0;0;1;0;0;0;0;0;0;1;0;0;0;0
"21/03/2020";"07:54:00";"36";"Sem vítima";"334";"BR-386/RS";"Sul";"Tombamento";0;0;1;0;0;0;0;0;0;0;1;0;0;0;0
"21/03/2020";"01:22:00";"91";"Sem vítima";"334";"BR-386/RS";"Sul";"Colisão - Traseira";2;0;0;0;0;0;0;0;0;0;7;0;0;0;0
"21/03/2020";"05:30:00";"116";"Sem vítima";"246";"BR-386/RS";"Sul";"Colisão - Transversal";2;0;0;0;0;0;0;0;0;0;5;0;0;0;0
"22/03/2020";"02:48:00";"50";"Sem vítima";"86";"BR-290/RS";"Leste";"Capotamento";1;0;0;0;0;0;0;0;0;0;1;0;0;0;0
"22/03/2020";"07:42:00";"76";"com vítima";"32";"BR-290/RS";"Oeste";"Tombamento";0;0;1;0;0;0;0;0;0;0;0;0;0;0;1
"22/03/2020";"09:14:00";"83";"com vítima";"31";"BR-101/RS";"Sul";"Queda de ribanceira";0;0;0;0;0;0;0;1;0;0;0;1;0;0;0
"22/03/2020";"09:58:00";"88";"Sem vítima";"31";"BR-101/RS";"Sul";"Colisão - Traseira";1;0;1;0;0;0;0;0;0;0;2;0;0;0;0
"23/03/2020";"07:36:00";"34";"Sem vítima";"97.12";"BR-290/RS";"Ambos";"Colisão - Frontal";2;0;0;0;0;0;0;0;0;0;2;0;0;0;0
"23/03/2020";"01:24:00";"113";"Sem vítima";"24";"BR-290/RS";"Oeste";"Colisão - Traseira";2;0;0;0;0;0;0;0;0;0;3;0;0;0;0
"24/03/2020";"02:10:00";"128";"Sem vítima";"97.29";"BR-290/RS";"Leste";"Colisão - Traseira";2;0;1;0;0;0;0;0;0;0;4;0;0;0;0
"24/03/2020";"06:01:00";"166";"Sem vítima";"275.13";"BR-386/RS";"Norte";"Colisão - Traseira";2;0;0;0;0;0;0;0;0;0;6;0;0;0;0
"24/03/2020";"06:12:00";"167";"com vítima";"52";"BR-290/RS";"Leste";"Colisão - Transversal";2;0;0;0;0;0;0;0;0;0;1;1;0;0;0
"25/03/2020";"01:46:00";"6";"Sem vítima";"94";"BR-290/RS";"Oeste";"Choque Defensa";1;0;0;0;0;0;0;0;0;0;1;0;0;0;0
"25/03/2020";"06:13:00";"13";"Sem vítima";"229";"BR-386/RS";"Sul";"Queda de ribanceira";1;0;0;0;0;0;0;0;0;0;1;0;0;0;0
"25/03/2020";"04:39:00";"147";"Sem vítima";"216";"BR-386/RS";"Norte";"Saída de pista";1;0;0;0;0;0;0;0;0;0;1;0;0;0;0
"25/03/2020";"06:42:00";"167";"Sem vítima";"210";"BR-386/RS";"Sul";"Colisão - Traseira";0;0;1;0;1;0;0;0;0;0;2;0;0;0;0
"26/03/2020";"10:49:00";"89";"com vítima";"39";"BR-290/RS";"Leste";"Capotamento";1;0;0;0;0;0;0;0;0;0;0;0;1;0;0
"27/03/2020";"02:41:00";"4";"com vítima";"48";"BR-290/RS";"Oeste";"Capotamento";1;0;0;0;0;0;0;0;0;0;0;2;0;0;0
"27/03/2020";"08:57:00";"69";"Sem vítima";"38";"BR-290/RS";"Oeste";"Queda de ribanceira";1;0;0;0;0;0;0;0;0;0;1;0;0;0;0
"27/03/2020";"09:59:00";"82";"Sem vítima";"69";"BR-290/RS";"Oeste";"Colisão - Lateral";2;0;0;0;0;0;0;0;0;0;2;0;0;0;0
"27/03/2020";"05:13:00";"160";"Sem vítima";"10";"BR-101/RS";"Sul";"Queda de ribanceira";1;0;0;0;0;0;0;0;0;0;1;0;0;0;0
"27/03/2020";"06:54:00";"170";"com vítima";"77";"BR-101/RS";"Norte";"Colisão - Lateral";1;0;0;0;0;0;0;1;0;0;4;1;0;0;0
"27/03/2020";"07:37:00";"175";"Sem vítima";"15";"BR-448/RS";"Sul";"Choque Defensa";1;0;0;0;0;0;0;0;0;0;1;0;0;0;0
"28/03/2020";"12:54:00";"4";"com vítima";"43";"BR-290/RS";"Leste";"Queda de ribanceira";1;0;0;0;0;0;0;0;0;0;0;0;1;0;0
"28/03/2020";"03:29:00";"17";"Sem vítima";"67";"BR-290/RS";"Leste";"Atropelamento de Animal";0;0;1;0;0;0;0;0;0;0;1;0;0;0;0
"28/03/2020";"09:58:00";"72";"Sem vítima";"92";"BR-290/RS";"Oeste";"Choque Defensa";0;0;1;1;0;0;0;0;0;0;2;0;0;0;0
"28/03/2020";"06:33:00";"148";"Sem vítima";"75";"BR-290/RS";"Leste";"Choque Defensa";1;0;0;0;0;0;0;0;0;0;4;0;0;0;0
"28/03/2020";"10:01:00";"164";"Sem vítima";"282";"BR-386/RS";"Norte";"Atropelamento de Animal";1;0;0;0;0;0;0;0;0;0;1;0;0;0;0
"29/03/2020";"03:58:00";"64";"Sem vítima";"15";"BR-101/RS";"Sul";"Capotamento";1;0;0;0;0;0;0;0;0;0;1;0;0;0;0
"30/03/2020";"04:02:00";"9";"com vítima";"49";"BR-290/RS";"Oeste";"Atropelamento de Animal";0;0;0;1;0;0;0;0;0;0;0;1;0;0;0
"30/03/2020";"07:33:00";"168";"Sem vítima";"37";"BR-101/RS";"Norte";"Choque com objeto sobre a pista";1;0;3;0;0;0;0;0;0;0;4;0;0;0;0
"30/03/2020";"09:08:00";"182";"Sem vítima";"192";"BR-386/RS";"Norte";"Colisão - Frontal";1;0;1;0;0;0;0;0;0;0;2;0;0;0;0
"30/03/2020";"10:44:00";"189";"com vítima";"438";"BR-386/RS";"Sul";"Saída de pista";1;0;0;0;0;0;0;0;0;0;0;3;1;0;0
"31/03/2020";"07:31:00";"29";"com vítima";"288";"BR-386/RS";"Norte";"Queda de ribanceira";1;0;0;0;0;0;0;0;0;0;0;1;0;0;0
"01/04/2020";"07:19:00";"16";"com vítima";"347";"BR-386/RS";"Sul";"Engavetamento";2;0;0;2;0;0;0;0;0;0;2;0;3;0;0
"01/04/2020";"04:33:00";"128";"Sem vítima";"426";"BR-386/RS";"Sul";"Colisão - Traseira";0;0;1;0;0;0;0;1;0;0;2;0;0;0;0
"02/04/2020";"02:51:00";"116";"com vítima";"432";"BR-386/RS";"Sul";"Colisão - Lateral";3;0;0;0;0;0;0;0;0;0;2;1;0;0;0
"02/04/2020";"05:24:00";"134";"com vítima";"273";"BR-386/RS";"Sul";"Saída de pista";1;0;0;0;0;0;0;0;0;0;0;2;0;0;0
"03/04/2020";"02:47:00";"11";"com vítima";"369";"BR-386/RS";"Norte";"Queda de ribanceira";0;0;0;1;0;0;0;0;0;0;0;0;1;0;0
"03/04/2020";"12:25:00";"97";"Sem vítima";"323";"BR-386/RS";"Sul";"Colisão - Lateral";1;0;0;0;0;0;0;1;0;0;4;0;0;0;0
"03/04/2020";"05:20:00";"137";"com vítima";"88";"BR-290/RS";"Leste";"Queda de moto";0;0;0;1;0;0;0;0;0;0;0;1;1;0;0
"03/04/2020";"06:19:00";"146";"Sem vítima";"257";"BR-386/RS";"Norte";"Tombamento";0;0;1;0;0;0;0;0;0;0;1;0;0;0;0
"03/04/2020";"06:44:00";"151";"Sem vítima";"216";"BR-386/RS";"Sul";"Colisão - Lateral";2;0;0;0;0;0;0;0;0;0;2;0;0;0;0
"03/04/2020";"08:23:00";"165";"Sem vítima";"43";"BR-101/RS";"Sul";"Queda de ribanceira";0;0;1;0;0;0;0;0;0;0;1;0;0;0;0
"04/04/2020";"03:02:00";"8";"Sem vítima";"31";"BR-290/RS";"Leste";"Queda de ribanceira";0;0;1;0;0;0;0;0;0;0;1;0;0;0;0
"04/04/2020";"05:03:00";"13";"Sem vítima";"84";"BR-101/RS";"Sul";"Atropelamento de Animal";1;0;0;0;0;0;0;0;0;0;1;0;0;0;0
"04/04/2020";"08:54:00";"42";"com vítima";"34";"BR-290/RS";"Leste";"Colisão - Traseira";2;0;0;0;0;0;0;0;0;0;0;3;0;0;0
"04/04/2020";"05:19:00";"102";"Sem vítima";"446";"BR-386/RS";"Norte";"Colisão - Traseira";2;0;0;0;0;0;0;0;0;0;2;0;0;0;0
"04/04/2020";"07:35:00";"109";"Sem vítima";"358";"BR-386/RS";"Norte";"Queda de ribanceira";1;0;0;0;0;0;0;0;0;0;1;0;0;0;0
"04/04/2020";"08:05:00";"116";"com vítima";"286";"BR-386/RS";"Norte";"Colisão - Lateral";2;0;0;0;0;0;0;0;0;0;7;1;0;0;0
"05/04/2020";"11:19:00";"46";"Sem vítima";"311";"BR-386/RS";"Sul";"Choque - Arvore";1;0;0;0;0;0;0;0;0;0;1;0;0;0;0
"05/04/2020";"12:40:00";"58";"Sem vítima";"40";"BR-290/RS";"Oeste";"Queda de ribanceira";1;0;0;0;0;0;0;0;0;0;2;0;0;0;0
"05/04/2020";"08:41:00";"110";"Sem vítima";"57";"BR-290/RS";"Leste";"Atropelamento de Animal";1;0;0;0;0;0;0;0;0;0;2;0;0;0;0
"06/04/2020";"06:19:00";"7";"Sem vítima";"359";"BR-386/RS";"Sul";"Saída de pista";1;0;0;0;0;0;0;0;0;0;3;0;0;0;0
"06/04/2020";"07:23:00";"16";"Sem vítima";"64";"BR-290/RS";"Oeste";"Queda de ribanceira";1;0;0;0;0;0;0;0;0;0;1;0;0;0;0
"06/04/2020";"09:51:00";"51";"com vítima";"411";"BR-386/RS";"Norte";"Colisão - Traseira";1;0;1;0;0;0;0;0;0;0;1;0;1;0;0
"06/04/2020";"04:39:00";"121";"Sem vítima";"358";"BR-386/RS";"Norte";"Colisão - Lateral";0;0;0;0;0;0;0;2;0;0;2;0;0;0;0
"06/04/2020";"10:13:00";"151";"Sem vítima";"33";"BR-101/RS";"Norte";"Atropelamento de Animal";0;0;0;0;0;0;0;1;0;0;1;0;0;0;0
"07/04/2020";"12:46:00";"1";"Sem vítima";"16";"BR-290/RS";"Leste";"Colisão - Lateral";1;0;0;0;0;0;0;1;0;0;3;0;0;0;0
"07/04/2020";"06:19:00";"8";"com vítima";"18";"BR-290/RS";"Oeste";"Queda de ribanceira";1;0;0;0;0;0;0;0;0;0;1;1;0;0;0
"07/04/2020";"06:20:00";"9";"Sem vítima";"87";"BR-101/RS";"Norte";"Choque - Poste";0;0;1;0;0;0;0;0;0;0;1;0;0;0;0
"07/04/2020";"10:02:00";"74";"com vítima";"256";"BR-386/RS";"Sul";"Queda de ribanceira";0;0;0;0;1;0;0;0;0;0;0;0;2;1;0
"07/04/2020";"07:04:00";"160";"Sem vítima";"380";"BR-386/RS";"Norte";"Queda de moto";0;0;0;1;0;0;0;0;0;0;1;0;0;0;0
"07/04/2020";"08:26:00";"165";"Sem vítima";"215";"BR-386/RS";"Sul";"Colisão - Lateral";0;0;0;0;0;0;0;2;0;0;2;0;0;0;0
"08/04/2020";"02:45:00";"120";"Sem vítima";"20";"BR-290/RS";"Leste";"Queda de ribanceira";1;0;0;0;0;0;0;0;0;0;3;0;0;0;0
"08/04/2020";"06:03:00";"150";"com vítima";"345";"BR-386/RS";"Norte";"Colisão - Traseira";1;0;0;1;0;0;0;0;0;0;2;1;0;0;0
"08/04/2020";"08:34:00";"174";"com vítima";"83";"BR-290/RS";"Oeste";"Queda de moto";0;0;0;1;0;0;0;0;0;0;0;1;0;0;0
"09/04/2020";"07:24:00";"25";"Sem vítima";"82";"BR-290/RS";"Oeste";"Queda de ribanceira";1;0;0;0;0;0;0;0;0;0;4;0;0;0;0
"09/04/2020";"10:53:00";"74";"com vítima";"30";"BR-101/RS";"Norte";"Queda de ribanceira";1;0;0;0;0;0;0;0;0;0;1;1;1;0;0
"09/04/2020";"11:54:00";"81";"com vítima";"439";"BR-386/RS";"Norte";"Colisão - Lateral";0;0;0;1;1;0;0;0;0;0;0;1;0;0;0
"09/04/2020";"03:26:00";"114";"Sem vítima";"88";"BR-290/RS";"Leste";"Colisão - Traseira";2;0;0;0;0;0;0;0;0;0;2;0;0;0;0
"10/04/2020";"03:04:00";"4";"Sem vítima";"26";"BR-290/RS";"Oeste";"Queda de ribanceira";0;0;1;0;0;0;0;0;0;0;1;0;0;0;0
"10/04/2020";"01:57:00";"55";"Sem vítima";"5";"BR-290/RS";"Oeste";"Saída de pista";1;0;0;0;0;0;0;0;0;0;2;0;0;0;0
"10/04/2020";"04:06:00";"66";"Sem vítima";"77";"BR-290/RS";"Leste";"Colisão - Traseira";2;0;0;0;0;0;0;0;0;0;2;0;0;0;0
"10/04/2020";"05:36:00";"76";"Sem vítima";"11";"BR-290/RS";"Oeste";"Queda de ribanceira";1;0;0;0;0;0;0;0;0;0;1;0;0;0;0
"10/04/2020";"11:16:00";"107";"Sem vítima";"417";"BR-386/RS";"Norte";"Tombamento";0;0;1;0;0;0;0;0;0;0;1;0;0;0;0
"11/04/2020";"11:01:00";"39";"com vítima";"90";"BR-290/RS";"Leste";"Colisão - Lateral";0;0;0;1;0;0;0;1;0;0;1;0;0;1;0
"12/04/2020";"08:23:00";"21";"com vítima";"21";"BR-448/RS";"Sul";"Queda de moto";0;0;0;1;0;0;0;0;0;0;0;1;0;0;0
"12/04/2020";"09:13:00";"25";"Sem vítima";"39";"BR-101/RS";"Sul";"Queda de ribanceira";0;0;0;1;0;0;0;0;0;0;1;0;0;0;0
"12/04/2020";"07:49:00";"115";"Sem vítima";"343";"BR-386/RS";"Sul";"Queda de ribanceira";1;0;0;0;0;0;0;0;0;0;1;0;0;0;0
"12/04/2020";"08:14:00";"119";"Sem vítima";"237.18";"BR-386/RS";"Norte";"Colisão - Traseira";1;0;0;0;0;0;0;1;0;0;2;0;0;0;0
"13/04/2020";"01:05:00";"6";"Sem vítima";"44";"BR-290/RS";"Leste";"Atropelamento de Animal";1;0;0;0;0;0;0;0;0;0;2;0;0;0;0
"13/04/2020";"07:49:00";"34";"com vítima";"367";"BR-386/RS";"Sul";"Colisão - Lateral";2;0;0;0;0;0;0;0;0;0;1;1;0;0;0
"13/04/2020";"08:26:00";"46";"Sem vítima";"41";"BR-290/RS";"Leste";"Queda de ribanceira";1;0;0;0;0;0;0;0;0;0;2;0;0;0;0
"13/04/2020";"04:09:00";"131";"com vítima";"240";"BR-386/RS";"Sul";"Colisão - Transversal";2;0;0;0;0;0;0;0;0;0;2;1;0;0;0
"13/04/2020";"06:57:00";"149";"Sem vítima";"291";"BR-386/RS";"Norte";"Colisão - Lateral";1;0;1;0;0;0;0;0;0;0;2;0;0;0;0
"13/04/2020";"09:35:00";"161";"com vítima";"293";"BR-386/RS";"Norte";"Queda de ribanceira";1;0;0;0;0;0;0;0;0;0;0;1;0;0;0
"14/04/2020";"06:29:00";"8";"com vítima";"342";"BR-386/RS";"Norte";"Queda de moto";0;0;0;1;0;0;0;0;0;0;0;1;0;0;0
"14/04/2020";"10:20:00";"84";"com vítima";"94";"BR-290/RS";"Oeste";"Colisão - Lateral";0;0;0;1;0;0;0;0;0;0;0;1;0;0;0
"15/04/2020";"04:57:00";"12";"Sem vítima";"39";"BR-101/RS";"Norte";"Atropelamento de Animal";1;0;0;0;0;0;0;0;0;0;1;0;0;0;0
"15/04/2020";"07:21:00";"30";"Sem vítima";"349";"BR-386/RS";"Sul";"Engavetamento";3;0;0;0;0;0;0;0;0;0;3;0;0;0;0
"15/04/2020";"07:24:00";"33";"com vítima";"370";"BR-386/RS";"Sul";"Colisão - Lateral";0;0;0;1;0;0;0;1;0;0;1;0;1;0;0
"15/04/2020";"07:50:00";"41";"Sem vítima";"441";"BR-386/RS";"Sul";"Colisão - Lateral";1;0;0;0;0;0;0;2;0;0;3;0;0;0;0
"15/04/2020";"09:02:00";"78";"Sem vítima";"319";"BR-386/RS";"Sul";"Colisão - Lateral";0;0;1;0;0;0;0;1;0;0;2;0;0;0;0
"15/04/2020";"07:26:00";"182";"Sem vítima";"92";"BR-290/RS";"Oeste";"Queda de ribanceira";1;0;0;0;0;0;0;0;0;0;2;0;0;0;0
"16/04/2020";"02:12:00";"7";"Sem vítima";"192";"BR-386/RS";"Norte";"Saída de pista";1;0;0;0;0;0;0;0;0;0;1;0;0;0;0
"16/04/2020";"08:37:00";"63";"com vítima";"367";"BR-386/RS";"Norte";"Tombamento";0;0;1;0;0;0;0;0;0;0;1;0;2;0;0
"16/04/2020";"11:28:00";"101";"Sem vítima";"205";"BR-386/RS";"Norte";"Colisão - Lateral";1;0;0;0;0;0;0;1;0;0;2;0;0;0;0
"16/04/2020";"11:59:00";"106";"Sem vítima";"426";"BR-386/RS";"Norte";"Choque Praça - Cabine";0;0;0;0;0;0;0;1;0;0;1;0;0;0;0
"16/04/2020";"04:45:00";"148";"com vítima";"60";"BR-290/RS";"Oeste";"Choque Praça - Cabine";1;0;0;0;0;0;0;0;0;0;0;2;0;0;0
"17/04/2020";"08:35:00";"64";"Sem vítima";"197";"BR-386/RS";"Norte";"Colisão - Traseira";1;0;0;0;1;0;0;0;0;0;1;0;0;0;0
"17/04/2020";"09:01:00";"71";"Sem vítima";"52";"BR-101/RS";"Norte";"Queda de ribanceira";1;0;0;0;0;0;0;0;0;0;1;0;0;0;0
"17/04/2020";"09:49:00";"77";"com vítima";"81";"BR-101/RS";"Norte";"Capotamento";1;0;0;0;0;0;0;0;0;0;1;1;1;0;0
"17/04/2020";"10:00:00";"80";"Sem vítima";"433";"BR-386/RS";"Sul";"Colisão - Traseira";1;0;1;0;0;0;0;0;0;0;3;0;0;0;0
"17/04/2020";"11:04:00";"89";"com vítima";"16";"BR-101/RS";"Norte";"Choque Barreira";1;0;0;0;0;0;0;0;0;0;0;0;1;0;0
"17/04/2020";"04:01:00";"119";"com vítima";"89";"BR-290/RS";"Leste";"Colisão - Traseira";1;0;0;1;0;0;0;0;0;0;1;1;1;0;0
"17/04/2020";"11:52:00";"176";"Sem vítima";"68";"BR-101/RS";"Norte";"Capotamento";1;0;0;0;0;0;0;0;0;0;2;0;0;0;0
"18/04/2020";"04:27:00";"18";"com vítima";"332";"BR-386/RS";"Norte";"Choque Defensa";1;0;0;0;0;0;0;0;0;0;1;0;1;0;0
"18/04/2020";"12:09:00";"61";"Sem vítima";"19";"BR-290/RS";"Oeste";"Colisão - Traseira";1;0;0;0;0;0;0;1;0;0;2;0;0;0;0
"18/04/2020";"12:52:00";"67";"Sem vítima";"19";"BR-290/RS";"Leste";"Colisão - Traseira";1;0;0;0;0;0;0;1;0;0;2;0;0;0;0
"18/04/2020";"07:08:00";"108";"Sem vítima";"345";"BR-386/RS";"Norte";"Colisão - Lateral";2;0;0;0;0;0;0;0;0;0;5;0;0;0;0