data;horario;n_da_ocorrencia;tipo_de_ocorrencia;km;trecho;sentido;tipo_de_acidente;automovel;bicicleta;caminhao;moto;onibus;outros;tracao_animal;transporte_de_cargas_especiais;trator_maquinas;utilitarios;ilesos;levemente_feridos;moderadamente_feridos;gravemente_feridos;mortos
"18/05/2020";"08:11:00";"31";"Sem vítima";"78";"BR-290/RS";"Leste";"Outros";1;0;0;0;0;0;0;0;0;0;1;0;0;0;0
"18/05/2020";"10:32:00";"69";"com vítima";"9";"BR-101/RS";"Sul";"Capotamento";1;0;0;0;0;0;0;0;0;0;0;1;0;0;0
"18/05/2020";"01:11:00";"100";"Sem vítima";"342";"BR-386/RS";"Norte";"Colisão - Transversal";1;0;0;0;0;0;0;1;0;0;2;0;0;0;0
"18/05/2020";"06:55:00";"164";"com vítima";"439";"BR-386/RS";"Norte";"Atropelamento - Morador/Trabalhador/Estudante";0;0;0;0;1;0;0;0;0;0;2;0;0;1;0
"19/05/2020";"04:47:00";"10";"Sem vítima";"72";"BR-290/RS";"Oeste";"Queda de ribanceira";0;0;1;0;0;0;0;0;0;0;1;0;0;0;0
"19/05/2020";"06:23:00";"12";"com vítima";"90";"BR-290/RS";"Oeste";"Queda de ribanceira";1;0;0;0;0;0;0;0;0;0;0;0;2;0;0
"19/05/2020";"06:35:00";"14";"Sem vítima";"19";"BR-290/RS";"Leste";"Tombamento";0;0;0;0;0;0;0;2;0;0;1;0;0;0;0
"19/05/2020";"05:18:00";"140";"com vítima";"352";"BR-386/RS";"Norte";"Queda de ribanceira";1;0;0;0;0;0;0;0;0;0;0;0;1;0;0
"19/05/2020";"11:27:00";"185";"Sem vítima";"40";"BR-290/RS";"Leste";"Queda de ribanceira";0;0;0;0;0;0;0;1;0;0;1;0;0;0;0
"20/05/2020";"08:34:00";"46";"com vítima";"445";"BR-386/RS";"Sul";"Colisão - Traseira";1;0;0;0;0;0;0;1;0;0;1;1;0;0;0
"20/05/2020";"11:59:00";"94";"Sem vítima";"92";"BR-290/RS";"Leste";"Queda de moto";0;0;0;1;0;0;0;0;0;0;1;0;0;0;0
"20/05/2020";"10:39:00";"201";"com vítima";"95";"BR-290/RS";"Leste";"Atropelamento - Usuário";1;0;0;0;0;0;0;0;0;0;0;1;0;0;0
"21/05/2020";"05:41:00";"5";"com vítima";"416";"BR-386/RS";"Sul";"Colisão - Traseira";0;0;0;0;0;0;0;2;0;0;1;0;1;0;0
"21/05/2020";"09:41:00";"66";"Sem vítima";"98";"BR-290/RS";"Oeste";"Colisão - Lateral";1;0;1;0;0;0;0;0;0;0;2;0;0;0;0
"21/05/2020";"09:51:00";"68";"com vítima";"39";"BR-290/RS";"Leste";"Queda de ribanceira";0;0;0;0;1;0;0;0;0;0;0;2;0;0;0
"21/05/2020";"11:39:00";"93";"Sem vítima";"251";"BR-386/RS";"Sul";"Colisão - Traseira";0;0;0;0;1;0;0;0;0;0;2;0;0;0;0
"21/05/2020";"12:15:00";"96";"com vítima";"70";"BR-290/RS";"Oeste";"Queda de ribanceira";1;0;0;0;0;0;0;0;0;0;0;1;0;0;0
"21/05/2020";"01:17:00";"104";"com vítima";"348";"BR-386/RS";"Norte";"Colisão - Traseira";2;0;0;0;0;0;0;0;0;0;1;0;1;0;0
"21/05/2020";"02:40:00";"112";"com vítima";"357";"BR-386/RS";"Sul";"Saída de pista";1;0;0;0;0;0;0;0;0;0;0;1;0;0;0
"21/05/2020";"03:20:00";"119";"Sem vítima";"393";"BR-386/RS";"Norte";"Saída de pista";1;0;0;0;0;0;0;0;0;0;1;0;0;0;0
"21/05/2020";"03:31:00";"121";"Sem vítima";"389";"BR-386/RS";"Norte";"Queda de ribanceira";0;0;1;0;0;0;0;0;0;0;1;0;0;0;0
"21/05/2020";"03:59:00";"125";"com vítima";"417";"BR-386/RS";"Norte";"Colisão - Lateral";2;0;0;0;0;0;0;0;0;0;1;0;1;0;0
"21/05/2020";"04:35:00";"127";"Sem vítima";"373";"BR-386/RS";"Norte";"Colisão - Lateral";1;0;1;0;0;0;0;0;0;0;2;0;0;0;0
"21/05/2020";"05:07:00";"131";"Sem vítima";"440";"BR-386/RS";"Sul";"Colisão - Frontal";1;0;1;0;0;0;0;0;0;0;2;0;0;0;0
"21/05/2020";"06:50:00";"146";"Sem vítima";"77";"BR-290/RS";"Oeste";;0;0;0;1;0;0;0;0;0;0;1;0;0;0;0
"21/05/2020";"07:36:00";"149";"Sem vítima";"86";"BR-290/RS";"Leste";"Colisão - Traseira";2;0;0;0;0;0;0;0;0;0;3;0;0;0;0
"21/05/2020";"07:52:00";"155";"Sem vítima";"400";"BR-386/RS";"Sul";"Queda de ribanceira";1;0;0;0;0;0;0;0;0;0;2;0;0;0;0
"21/05/2020";"09:50:00";"169";"Sem vítima";"20";"BR-290/RS";"Leste";;1;0;0;0;0;0;0;0;0;0;1;0;0;0;0
"21/05/2020";"11:25:00";"178";"Sem vítima";"351";"BR-386/RS";"Norte";"Saída de pista";2;0;0;0;0;0;0;0;0;0;2;0;0;0;0
"22/05/2020";"12:22:00";"3";"Sem vítima";"414";"BR-386/RS";"Norte";"Tombamento";0;0;1;0;0;0;0;0;0;0;1;0;0;0;0
"22/05/2020";"01:08:00";"7";"Sem vítima";"56";"BR-101/RS";"Sul";"Saída de pista";1;0;0;0;0;0;0;0;0;0;2;0;0;0;0
"22/05/2020";"04:51:00";"16";"Sem vítima";"37";"BR-290/RS";"Leste";"Queda de ribanceira";0;0;0;0;1;0;0;0;0;0;2;0;0;0;0
"22/05/2020";"07:40:00";"30";"Sem vítima";"93";"BR-290/RS";"Leste";"Choque Barreira";1;0;0;0;0;0;0;0;0;0;1;0;0;0;0
"22/05/2020";"10:53:00";"78";"com vítima";"38";"BR-290/RS";"Oeste";"Capotamento";1;0;0;0;0;0;0;0;0;0;1;1;1;0;0
"22/05/2020";"01:44:00";"104";"com vítima";"19";"BR-101/RS";"Norte";"Atropelamento - Usuário";1;0;0;0;0;0;0;0;0;0;1;0;0;1;0
"22/05/2020";"02:16:00";"110";"com vítima";"401";"BR-386/RS";"Norte";"Choque Defensa";1;0;0;0;0;0;0;0;0;0;1;1;1;0;0
"22/05/2020";"07:12:00";"158";"com vítima";"444";"BR-386/RS";"Norte";"Atropelamento de Animal";1;0;0;0;0;0;0;0;0;0;0;1;0;0;0
"23/05/2020";"02:37:00";"4";"Sem vítima";"420";"BR-386/RS";"Sul";"Saída de pista";1;0;0;0;0;0;0;0;0;0;1;0;0;0;0
"23/05/2020";"06:31:00";"14";"Sem vítima";"60";"BR-290/RS";"Leste";"Queda de ribanceira";1;0;0;0;0;0;0;0;0;0;1;0;0;0;0
"23/05/2020";"09:14:00";"33";"com vítima";"88";"BR-290/RS";"Oeste";"Choque com veículo no acostamento";0;0;1;1;0;0;0;0;0;0;1;0;1;0;0
"23/05/2020";"03:24:00";"85";"Sem vítima";"85";"BR-290/RS";"Leste";"Choque Barreira";1;0;0;0;0;0;0;0;0;0;2;0;0;0;0
"23/05/2020";"05:12:00";"105";"com vítima";"249";"BR-386/RS";"Sul";"Queda de ribanceira";0;0;0;0;1;0;0;0;0;0;0;2;1;0;0
"23/05/2020";"06:48:00";"114";"Sem vítima";"270";"BR-386/RS";"Ambos";"Choque - Sinalização";1;0;0;0;0;0;0;0;0;0;1;0;0;0;0
"24/05/2020";"05:37:00";"114";"com vítima";"1";"BR-101/RS";"Sul";"Colisão - Traseira";1;0;0;1;0;0;0;0;0;0;1;2;0;0;0
"24/05/2020";"11:00:00";"154";"Sem vítima";"347";"BR-386/RS";"Norte";"Choque - Arvore";1;0;0;0;0;0;0;0;0;0;1;0;0;0;0
"25/05/2020";"08:16:00";"46";"Sem vítima";"92";"BR-290/RS";"Oeste";"Queda de moto";0;0;0;1;0;0;0;0;0;0;2;0;0;0;0
"25/05/2020";"04:20:00";"150";"com vítima";"26";"BR-290/RS";"Oeste";"Colisão - Lateral";1;0;1;0;0;0;0;0;0;0;1;1;0;0;0
"26/05/2020";"03:03:00";"126";"Sem vítima";"6";"BR-448/RS";"Norte";"Colisão - Lateral";2;0;0;0;0;0;0;0;0;0;2;0;0;0;0
"26/05/2020";"03:49:00";"134";"com vítima";"96";"BR-290/RS";"Leste";"Colisão - Lateral";1;0;2;0;0;0;0;0;0;0;3;1;0;0;0
"26/05/2020";"04:19:00";"138";"com vítima";"245";"BR-386/RS";"Sul";"Colisão - Lateral";1;0;0;0;0;0;0;1;0;0;1;1;0;0;0
"27/05/2020";"03:42:00";"17";"Sem vítima";"304";"BR-386/RS";"Norte";"Queda de ribanceira";1;0;0;0;0;0;0;0;0;0;1;0;0;0;0
"27/05/2020";"11:02:00";"78";"Sem vítima";"248";"BR-386/RS";"Norte";"Colisão - Transversal";2;0;0;0;0;0;0;0;0;0;2;0;0;0;0
"27/05/2020";"04:22:00";"112";"Sem vítima";"440";"BR-386/RS";"Sul";"Queda de moto";0;0;0;1;0;0;0;0;0;0;1;0;0;0;0
"27/05/2020";"04:48:00";"115";"com vítima";"72";"BR-290/RS";"Oeste";"Choque Defensa";1;0;0;0;0;0;0;0;0;0;0;1;0;0;0
"27/05/2020";"09:01:00";"143";"Sem vítima";"270";"BR-386/RS";"Sul";"Queda de ribanceira";1;0;0;0;0;0;0;0;0;0;1;0;0;0;0
"28/05/2020";"07:11:00";"24";"com vítima";"359";"BR-386/RS";"Norte";"Colisão - Frontal";1;0;1;0;0;0;0;0;0;0;0;1;0;0;2
"28/05/2020";"07:16:00";"26";"Sem vítima";"19";"BR-290/RS";"Leste";"Colisão - Lateral";0;0;0;0;1;0;0;1;0;0;3;0;0;0;0
"28/05/2020";"04:14:00";"126";"Sem vítima";"10";"BR-448/RS";"Norte";"Engavetamento";1;0;1;0;1;0;0;0;0;0;4;0;0;0;0
"29/05/2020";"06:55:00";"17";"Sem vítima";"295";"BR-386/RS";"Sul";"Capotamento";1;0;0;0;0;0;0;0;0;0;1;0;0;0;0
"29/05/2020";"08:44:00";"56";"Sem vítima";"98";"BR-290/RS";"Oeste";"Colisão - Traseira";2;0;0;0;0;0;0;0;0;0;2;0;0;0;0
"29/05/2020";"09:28:00";"185";"Sem vítima";"257";"BR-386/RS";"Norte";"Queda de ribanceira";1;0;0;0;0;0;0;0;0;0;1;0;0;0;0
"30/05/2020";"06:39:00";"11";"Sem vítima";"61";"BR-290/RS";"Leste";"Colisão - Traseira";2;0;0;0;0;0;0;0;0;0;3;0;0;0;0
"30/05/2020";"07:49:00";"21";"Sem vítima";"371";"BR-386/RS";"Norte";"Saída de pista";1;0;0;0;0;0;0;0;0;0;1;0;0;0;0
"30/05/2020";"12:00:00";"64";"com vítima";"55";"BR-101/RS";"Norte";"Queda de ribanceira";1;0;0;0;0;0;0;0;0;0;0;1;0;0;0
"30/05/2020";"03:20:00";"96";"com vítima";"61";"BR-290/RS";"Oeste";"Queda de ribanceira";1;0;0;0;0;0;0;0;0;0;2;2;0;0;0
"30/05/2020";"04:10:00";"105";"com vítima";"348";"BR-386/RS";"Sul";"Saída de pista";1;0;0;0;0;0;0;0;0;0;1;0;1;0;0
"30/05/2020";"06:23:00";"124";"Sem vítima";"81";"BR-101/RS";"Norte";"Atropelamento de Animal";1;0;0;0;0;0;0;0;0;0;3;0;0;0;0
"30/05/2020";"11:23:00";"158";"com vítima";"55";"BR-290/RS";"Oeste";"Queda de ribanceira";0;0;0;0;1;0;0;0;0;0;0;0;0;0;1
"31/05/2020";"01:30:00";"1";"Sem vítima";"15";"BR-290/RS";"Leste";"Queda de ribanceira";1;0;0;0;0;0;0;0;0;0;2;0;0;0;0
"31/05/2020";"12:18:00";"48";"com vítima";"32";"BR-101/RS";"Sul";"Capotamento";1;0;0;0;0;0;0;0;0;0;0;1;0;0;0
"31/05/2020";"04:58:00";"91";"com vítima";"344";"BR-386/RS";"Sul";"Colisão - Lateral";1;0;0;1;0;0;0;0;0;0;1;0;1;0;0
"31/05/2020";"05:07:00";"93";"Sem vítima";"423";"BR-386/RS";"Sul";"Colisão - Lateral";1;0;1;0;0;0;0;0;0;0;2;0;0;0;0
"31/05/2020";"06:59:00";"124";"com vítima";"387";"BR-386/RS";"Sul";"Colisão - Lateral";0;0;0;1;0;1;0;0;0;0;0;0;2;0;0
"31/05/2020";"07:37:00";"128";"com vítima";"390";"BR-386/RS";"Norte";"Colisão - Lateral";1;0;0;1;0;0;0;0;0;0;0;2;0;0;0
"31/05/2020";"08:42:00";"135";"Sem vítima";"92";"BR-290/RS";"Leste";"Queda de ribanceira";1;0;0;0;0;0;0;0;0;0;3;0;0;0;0
"01/06/2020";"04:45:00";"11";"com vítima";"86";"BR-290/RS";"Oeste";"Atropelamento - Usuário";0;0;1;0;0;0;0;0;0;0;1;0;0;1;0
"01/06/2020";"07:21:00";"21";"Sem vítima";"77";"BR-290/RS";"Leste";"Colisão - Traseira";2;0;0;0;0;0;0;0;0;0;2;0;0;0;0
"01/06/2020";"07:56:00";"27";"Sem vítima";"435";"BR-386/RS";"Sul";"Engavetamento";2;0;1;0;0;0;0;0;0;0;3;0;0;0;0
"01/06/2020";"01:13:00";"107";"Sem vítima";"77";"BR-290/RS";"Oeste";"Colisão - Traseira";1;0;1;0;0;0;0;0;0;0;5;0;0;0;0
"01/06/2020";"04:31:00";"139";"Sem vítima";"430";"BR-386/RS";"Norte";"Choque com veículo na faixa de rolamento";1;0;1;0;0;0;0;0;0;0;2;0;0;0;0
"01/06/2020";"05:56:00";"152";"com vítima";"82";"BR-101/RS";"Sul";"Atropelamento - Andarilho";2;0;0;0;0;0;0;0;0;0;3;0;0;1;0
"01/06/2020";"07:02:00";"165";"Sem vítima";"83";"BR-290/RS";"Oeste";"Colisão - Lateral";2;0;0;0;0;0;0;0;0;0;3;0;0;0;0
"01/06/2020";"07:17:00";"168";"Sem vítima";"248";"BR-386/RS";"Norte";"Colisão - Lateral";1;0;1;0;0;0;0;0;0;0;3;0;0;0;0
"02/06/2020";"06:20:00";"152";"Sem vítima";"79";"BR-290/RS";"Oeste";"Choque Barreira";1;0;0;0;0;0;0;0;0;0;1;0;0;0;0
"02/06/2020";"07:29:00";"137";"Sem vítima";"92";"BR-290/RS";"Leste";"Queda de ribanceira";1;0;0;0;0;0;0;0;0;0;1;0;0;0;0
"02/06/2020";"07:29:00";"166";"Sem vítima";"92";"BR-290/RS";"Leste";"Queda de moto";0;0;0;1;0;0;0;0;0;0;1;0;0;0;0
"03/06/2020";"08:35:00";"197";"Sem vítima";"300";"BR-386/RS";"Norte";"Saída de pista";1;0;0;0;0;0;0;0;0;0;1;0;0;0;0
"03/06/2020";"08:47:00";"198";"Sem vítima";"227";"BR-386/RS";"Norte";"Colisão - Lateral";1;0;1;0;0;0;0;0;0;0;3;0;0;0;0
"03/06/2020";"09:00:00";"199";"Sem vítima";"77";"BR-290/RS";"Oeste";"Colisão - Traseira";2;0;0;0;0;0;0;0;0;0;2;0;0;0;0
"04/06/2020";"04:40:00";"6";"com vítima";"73";"BR-101/RS";"Sul";"Colisão - Traseira";0;0;2;0;0;0;0;0;0;0;1;1;0;0;0
"04/06/2020";"01:47:00";"124";"Sem vítima";"62";"BR-101/RS";"Norte";"Colisão - Traseira";0;0;2;0;0;0;0;0;0;0;2;0;0;0;0
"04/06/2020";"03:45:00";"138";"Sem vítima";"78";"BR-290/RS";"Oeste";"Colisão - Traseira";2;0;0;0;0;0;0;0;0;0;2;0;0;0;0
"05/06/2020";"05:41:00";"7";"Sem vítima";"316";"BR-386/RS";"Norte";"Queda de ribanceira";0;0;1;0;0;0;0;0;0;0;1;0;0;0;0
"05/06/2020";"07:27:00";"15";"Sem vítima";"22";"BR-448/RS";"Norte";"Choque Defensa";1;0;0;0;0;0;0;0;0;0;1;0;0;0;0
"05/06/2020";"08:49:00";"31";"com vítima";"342";"BR-386/RS";"Norte";"Colisão - Lateral";2;0;0;0;0;0;0;0;0;0;1;1;0;0;0
"05/06/2020";"08:53:00";"34";"Sem vítima";"258";"BR-386/RS";"Norte";"Queda de ribanceira";1;0;0;0;0;0;0;0;0;0;1;0;0;0;0
"05/06/2020";"12:52:00";"83";"Sem vítima";"439";"BR-386/RS";"Sul";"Colisão - Traseira";1;0;1;0;0;0;0;0;0;0;2;0;0;0;0
"05/06/2020";"01:29:00";"87";"com vítima";"444";"BR-386/RS";"Norte";"Queda de moto";1;0;0;0;0;0;0;0;0;0;0;1;0;0;0
"05/06/2020";"02:07:00";"92";"Sem vítima";"89";"BR-290/RS";"Leste";"Colisão - Traseira";3;0;0;0;0;0;0;0;0;0;3;0;0;0;0
"05/06/2020";"02:11:00";"94";"Sem vítima";"256";"BR-386/RS";"Norte";;1;0;0;0;0;0;0;0;0;0;1;0;0;0;0
"05/06/2020";"02:53:00";"97";"com vítima";"410";"BR-386/RS";"Norte";"Queda de ribanceira";1;0;0;0;0;0;0;0;0;0;0;2;0;0;0
"05/06/2020";"03:14:00";"102";"Sem vítima";"94";"BR-290/RS";"Oeste";"Choque Defensa";1;0;0;0;0;0;0;0;0;0;1;0;0;0;0
"05/06/2020";"04:38:00";"114";"Sem vítima";"19.21";"BR-290/RS";"Leste";"Colisão - Lateral";2;0;1;0;0;0;0;0;0;0;5;0;0;0;0
"05/06/2020";"06:04:00";"128";"com vítima";"401";"BR-386/RS";"Norte";"Queda de ribanceira";0;0;1;0;0;0;0;0;0;0;0;1;0;0;0
"05/06/2020";"06:18:00";"133";"com vítima";"344";"BR-386/RS";"Sul";"Colisão - Lateral";1;0;1;0;0;0;0;0;0;0;1;0;3;0;0
"05/06/2020";"06:37:00";"135";"Sem vítima";"360";"BR-386/RS";"Norte";"Saída de pista";0;0;2;0;0;0;0;0;0;0;4;0;0;0;0
"05/06/2020";"06:39:00";"136";"com vítima";"6";"BR-290/RS";"Leste";"Queda de ribanceira";1;0;0;0;0;0;0;0;0;0;0;1;0;0;0
"05/06/2020";"07:11:00";"143";"Sem vítima";"11";"BR-101/RS";"Sul";"Queda de ribanceira";1;0;0;0;0;0;0;0;0;0;1;0;0;0;0
"05/06/2020";"08:12:00";"153";"com vítima";"441";"BR-386/RS";"Ambos";"Atropelamento de Animal";2;0;0;0;0;0;0;0;0;0;0;4;0;2;0
"05/06/2020";"11:38:00";"180";"Sem vítima";"375";"BR-386/RS";"Norte";"Saída de pista";1;0;0;0;0;0;0;0;0;0;1;0;0;0;0
"06/06/2020";"02:44:00";"13";"Sem vítima";"38";"BR-290/RS";"Leste";"Queda de ribanceira";1;0;0;0;0;0;0;0;0;0;6;0;0;0;0
"06/06/2020";"05:44:00";"19";"com vítima";"347";"BR-386/RS";"Norte";"Queda de ribanceira";1;0;0;0;0;0;0;0;0;0;0;1;0;0;0
"06/06/2020";"07:14:00";"116";"Sem vítima";"346";"BR-386/RS";"Sul";"Outros";1;0;0;0;0;0;0;0;0;0;1;0;0;0;0
"07/06/2020";"01:17:00";"6";"com vítima";"92";"BR-290/RS";"Leste";"Colisão - Traseira";1;0;1;0;0;0;0;0;0;0;1;2;1;0;0
"07/06/2020";"05:02:00";"16";"com vítima";"89";"BR-290/RS";"Leste";"Capotamento";1;0;0;0;0;0;0;0;0;0;0;0;1;0;0
"08/06/2020";"02:35:00";"7";"Sem vítima";"278";"BR-386/RS";"Norte";"Queda de ribanceira";1;0;0;0;0;0;0;0;0;0;5;0;0;0;0
"08/06/2020";"06:39:00";"17";"Sem vítima";"5";"BR-101/RS";"Sul";"Colisão - Lateral";1;0;1;0;0;0;0;0;0;0;5;0;0;0;0
"08/06/2020";"07:39:00";"33";"com vítima";"365";"BR-386/RS";"Sul";"Queda de ribanceira";1;0;0;0;0;0;0;0;0;0;0;0;1;0;0
"08/06/2020";"08:16:00";"42";"Sem vítima";"91";"BR-290/RS";"Oeste";"Choque Defensa";1;0;0;0;0;0;0;0;0;0;2;0;0;0;0
"08/06/2020";"10:21:00";"86";"Sem vítima";"22";"BR-448/RS";"Sul";"Colisão - Traseira";0;0;2;0;0;0;0;0;0;0;1;0;0;0;0
"08/06/2020";"11:02:00";"92";"com vítima";"42";"BR-290/RS";"Oeste";"Queda de moto";0;0;0;1;0;0;0;0;0;0;0;2;0;0;0
"08/06/2020";"11:09:00";"95";"Sem vítima";"21";"BR-448/RS";"Sul";"Colisão - Traseira";0;0;2;0;0;0;0;0;0;0;2;0;0;0;0
"08/06/2020";"06:17:00";"175";"com vítima";"442";"BR-386/RS";"Sul";"Colisão - Lateral";0;0;2;0;0;0;0;0;0;0;0;3;0;0;0
"08/06/2020";"06:38:00";"178";"Sem vítima";"390";"BR-386/RS";"Norte";"Saída de pista";1;0;0;0;0;0;0;0;0;0;1;0;0;0;0
"08/06/2020";"07:15:00";"184";"Sem vítima";"372";"BR-386/RS";"Sul";"Tombamento";0;0;1;0;0;0;0;0;0;0;1;0;0;0;0
"08/06/2020";"11:59:00";"1";"Sem vítima";"208";"BR-386/RS";"Sul";"Choque Defensa";1;0;0;0;0;0;0;0;0;0;1;0;0;0;0
"09/06/2020";"01:34:00";"5";"com vítima";"419";"BR-386/RS";"Sul";"Choque Barreira";1;0;0;0;0;0;0;0;0;0;1;2;1;0;0
"09/06/2020";"08:07:00";"41";"Sem vítima";"17";"BR-448/RS";"Norte";"Capotamento";1;0;0;0;0;0;0;0;0;0;1;0;0;0;0
"09/06/2020";"11:04:00";"199";"Sem vítima";"413";"BR-386/RS";"Sul";"Choque - Sinalização";1;0;0;0;0;0;0;0;0;0;1;0;0;0;0
"10/06/2020";"06:24:00";"13";"Sem vítima";"227";"BR-386/RS";"Sul";"Queda de ribanceira";0;0;0;0;0;1;0;0;0;0;1;0;0;0;0
"10/06/2020";"07:19:00";"16";"Sem vítima";"20";"BR-290/RS";"Oeste";"Capotamento";1;0;0;0;0;0;0;0;0;0;2;0;0;0;0
"10/06/2020";"04:49:00";"140";"Sem vítima";"385";"BR-386/RS";"Sul";"Queda de ribanceira";1;0;0;0;0;0;0;0;0;0;1;0;0;0;0
"10/06/2020";"07:24:00";"168";"Sem vítima";"319";"BR-386/RS";"Sul";"Queda de ribanceira";1;0;0;0;0;0;0;0;0;0;1;0;0;0;0
"10/06/2020";"08:15:00";"178";"Sem vítima";"14";"BR-290/RS";"Oeste";"Colisão - Traseira";1;0;1;0;0;0;0;0;0;0;3;0;0;0;0
"10/06/2020";"08:32:00";"180";"com vítima";"351";"BR-386/RS";"Sul";"Choque com objeto sobre a pista";2;0;0;1;0;0;0;0;0;0;4;0;1;0;0
"10/06/2020";"08:42:00";"186";"Sem vítima";"33";"BR-290/RS";"Oeste";"Queda de ribanceira";1;0;0;0;0;0;0;0;0;0;1;0;0;0;0
"10/06/2020";"09:11:00";"192";"Sem vítima";"417";"BR-386/RS";"Sul";"Saída de pista";2;0;0;0;0;0;0;0;0;0;4;0;0;0;0
"10/06/2020";"10:44:00";"204";"Sem vítima";"51";"BR-101/RS";"Norte";"Queda de ribanceira";1;0;0;0;0;0;0;0;0;0;2;0;0;0;0
"11/06/2020";"02:53:00";"18";"Sem vítima";"27";"BR-290/RS";"Oeste";"Queda de ribanceira";0;0;1;0;0;0;0;0;0;0;1;0;0;0;0
"11/06/2020";"01:47:00";"97";"com vítima";"296";"BR-386/RS";"Norte";"Colisão - Lateral";2;0;0;0;0;0;0;0;0;0;4;1;0;0;0
"11/06/2020";"05:57:00";"143";"Sem vítima";"225";"BR-386/RS";"Sul";"Saída de pista";1;0;0;0;0;0;0;0;0;0;1;0;0;0;0
"11/06/2020";"07:16:00";"156";"Sem vítima";"19";"BR-290/RS";"Oeste";"Choque - Sinalização";1;0;0;0;0;0;0;0;0;0;1;0;0;0;0
"11/06/2020";"07:29:00";"158";"Sem vítima";"374";"BR-386/RS";"Sul";"Outros";1;0;0;0;0;0;0;0;0;0;1;0;0;0;0
"12/06/2020";"12:14:00";"2";"Sem vítima";"249";"BR-386/RS";"Norte";"Saída de pista";1;0;0;0;0;0;0;0;0;0;2;0;0;0;0
"12/06/2020";"07:17:00";"38";"Sem vítima";"374";"BR-386/RS";"Sul";"Queda de ribanceira";1;0;0;0;0;0;0;0;0;0;2;0;0;0;0
"12/06/2020";"07:31:00";"44";"com vítima";"330";"BR-386/RS";"Ambos";"Colisão - Lateral";2;0;0;0;0;0;0;0;0;0;1;1;1;0;0
"12/06/2020";"04:27:00";"172";"com vítima";"370";"BR-386/RS";"Norte";"Colisão - Traseira";1;0;1;1;0;0;0;0;0;0;2;0;1;1;0
"12/06/2020";"05:37:00";"186";"Sem vítima";"18";"BR-101/RS";"Norte";"Saída de pista";1;0;0;0;0;0;0;0;0;0;1;0;0;0;0
"13/06/2020";"07:23:00";"23";"Sem vítima";"310";"BR-386/RS";"Sul";"Queda de ribanceira";1;0;0;0;0;0;0;0;0;0;2;0;0;0;0
"13/06/2020";"07:59:00";"29";"Sem vítima";"11";"BR-290/RS";"Leste";"Saída de pista";1;0;0;0;0;0;0;0;0;0;3;0;0;0;0
"13/06/2020";"11:50:00";"66";"Sem vítima";"9";"BR-101/RS";"Norte";"Colisão - Lateral";1;0;1;0;0;0;0;0;0;0;3;0;0;0;0
"13/06/2020";"02:04:00";"97";"Sem vítima";"99";"BR-290/RS";"Leste";"Engavetamento";3;0;0;0;0;0;0;0;0;0;5;0;0;0;0
"13/06/2020";"02:29:00";"106";"com vítima";"221";"BR-386/RS";"Sul";"Saída de pista";1;0;0;0;0;0;0;0;0;0;2;1;0;0;0
"13/06/2020";"03:33:00";"117";"Sem vítima";"35";"BR-101/RS";"Ambos";"Engavetamento";3;0;0;0;0;0;0;0;0;0;3;0;0;0;0
"13/06/2020";"04:01:00";"126";"Sem vítima";"35";"BR-101/RS";"Norte";"Colisão - Traseira";1;0;1;0;0;0;0;0;0;0;2;0;0;0;0
"13/06/2020";"05:57:00";"148";"com vítima";"10";"BR-448/RS";"Norte";"Queda de moto";0;0;0;1;0;0;0;0;0;0;1;0;1;0;0
"14/06/2020";"01:40:00";"86";"Sem vítima";"77";"BR-290/RS";"Oeste";"Colisão - Traseira";2;0;0;0;0;0;0;0;0;0;2;0;0;0;0
"14/06/2020";"04:51:00";"115";"com vítima";"9";"BR-101/RS";"Norte";"Atropelamento - Esportista";0;0;0;1;0;0;0;0;0;0;0;1;0;1;0
"14/06/2020";"05:03:00";"120";"Sem vítima";"35";"BR-101/RS";"Sul";"Colisão - Lateral";1;0;1;0;0;0;0;0;0;0;2;0;0;0;0
"14/06/2020";"05:37:00";"128";"Sem vítima";"98";"BR-290/RS";"Leste";"Engavetamento";4;0;0;0;0;0;0;0;0;0;4;0;0;0;0
"15/06/2020";"06:27:00";"19";"Sem vítima";"68.44";"BR-290/RS";"Leste";"Queda de moto";0;0;1;1;0;0;0;0;0;0;2;0;0;0;0
"15/06/2020";"09:57:00";"71";"Sem vítima";"75";"BR-290/RS";"Leste";"Choque Defensa";1;0;0;0;0;0;0;0;0;0;1;0;0;0;0
"15/06/2020";"12:56:00";"112";"com vítima";"310";"BR-386/RS";"Sul";"Colisão - Lateral";2;0;0;0;0;0;0;0;0;0;2;1;0;0;0
"15/06/2020";"06:09:00";"166";"Sem vítima";"343";"BR-386/RS";"Norte";"Colisão - Traseira";2;0;0;0;0;0;0;0;0;0;2;0;0;0;0
"15/06/2020";"06:11:00";"167";"com vítima";"345";"BR-386/RS";"Norte";"Colisão - Traseira";2;0;0;0;0;0;0;0;0;0;3;1;0;0;0
"15/06/2020";"08:16:00";"183";"com vítima";"352";"BR-386/RS";"Norte";"Atropelamento - Andarilho";1;0;0;0;0;0;0;0;0;0;1;0;0;0;1
"15/06/2020";"09:45:00";"191";"Sem vítima";"409";"BR-386/RS";"Sul";"Atropelamento de Animal";1;0;0;0;0;0;0;0;0;0;1;0;0;0;0
"16/06/2020";"05:06:00";"13";"Sem vítima";"304";"BR-386/RS";"Norte";"Queda de ribanceira";1;0;0;0;0;0;0;0;0;0;1;0;0;0;0