data;horario;n_da_ocorrencia;tipo_de_ocorrencia;km;trecho;sentido;tipo_de_acidente;automovel;bicicleta;caminhao;moto;onibus;outros;tracao_animal;transporte_de_cargas_especiais;trator_maquinas;utilitarios;ilesos;levemente_feridos;moderadamente_feridos;gravemente_feridos;mortos
"14/09/2020";"09:09:00";"50";"Acidente s";"414";"BR-386/RS";"Sul";"Saída de pista";1;0;0;0;0;0;0;0;0;0;1;0;0;0;0
"14/09/2020";"11:21:00";"176";"Acidente s";"52";"BR-290/RS";"Oeste";"Queda de ribanceira";1;0;0;0;0;0;0;0;0;0;1;0;0;0;0
"15/09/2020";"01:14:00";"6";"Acidente s";"376";"BR-386/RS";"Sul";"Atropelamento de Animal";1;0;0;0;0;0;0;0;0;0;2;0;0;0;0
"15/09/2020";"03:51:00";"13";"Acidente s";"82";"BR-290/RS";"Leste";"Atropelamento de Animal";1;0;0;0;0;0;0;0;0;0;1;0;0;0;0
"15/09/2020";"07:11:00";"23";"Acidente s";"307";"BR-386/RS";"Norte";"Tombamento";0;0;0;0;0;0;0;1;0;0;1;0;0;0;0
"15/09/2020";"09:52:00";"77";"Acidente s";"440";"BR-386/RS";"Norte";"Colisão - Lateral";1;0;0;0;0;0;0;1;0;0;2;0;0;0;0
"15/09/2020";"02:00:00";"123";"Acidente c";"31";"BR-290/RS";"Oeste";"Colisão - Transversal";2;0;0;0;0;0;0;0;0;0;1;2;0;0;0
"15/09/2020";"08:05:00";"177";"Acidente s";"440";"BR-386/RS";"Norte";"Queda de ribanceira";1;0;0;0;0;0;0;0;0;0;1;0;0;0;0
"15/09/2020";"08:28:00";"179";"Acidente s";"356";"BR-386/RS";"Norte";"Saída de pista";1;0;0;0;0;0;0;0;0;0;1;0;0;0;0
"15/09/2020";"09:59:00";"194";"Acidente s";"37";"BR-101/RS";"Norte";"Choque Barreira";1;0;0;0;0;0;0;0;0;0;4;0;0;0;0
"15/09/2020";"11:38:00";"202";"Acidente s";"76";"BR-290/RS";"Oeste";"Choque Defensa";1;0;0;0;0;0;0;0;0;0;2;0;0;0;0
"16/09/2020";"12:43:00";"2";"Acidente s";"80";"BR-290/RS";"Leste";"Choque Barreira";1;0;0;0;0;0;0;0;0;0;1;0;0;0;0
"16/09/2020";"07:33:00";"20";"Acidente s";"205";"BR-386/RS";"Norte";"Queda de ribanceira";1;0;0;0;0;0;0;0;0;0;1;0;0;0;0
"16/09/2020";"07:38:00";"22";"Acidente c";"97";"BR-290/RS";"Oeste";"Colisão - Lateral";2;0;0;1;0;0;0;0;0;0;4;0;1;0;0
"16/09/2020";"11:46:00";"60";"Acidente s";"396";"BR-386/RS";"Norte";"Queda de ribanceira";1;0;0;0;0;0;0;0;0;0;2;0;0;0;0
"16/09/2020";"11:55:00";"62";"Acidente s";"16";"BR-448/RS";"Norte";"Choque Defensa";1;0;0;0;0;0;0;0;0;0;1;0;0;0;0
"16/09/2020";"01:35:00";"80";"Acidente s";"1";"BR-290/RS";"Leste";"Queda de ribanceira";1;0;0;0;0;0;0;0;0;0;2;0;0;0;0
"16/09/2020";"02:15:00";"86";"Acidente s";"181";"BR-386/RS";"Norte";"Colisão - Traseira";2;0;0;0;0;0;0;0;0;0;2;0;0;0;0
"16/09/2020";"02:26:00";"89";"Acidente s";"401";"BR-386/RS";"Norte";"Queda de ribanceira";1;0;0;0;0;0;0;0;0;0;1;0;0;0;0
"16/09/2020";"02:45:00";"92";"Acidente s";"405";"BR-386/RS";"Norte";"Queda de ribanceira";1;0;0;0;0;0;0;0;0;0;1;0;0;0;0
"16/09/2020";"03:10:00";"97";"Acidente c";"432";"BR-386/RS";"Sul";"Colisão - Traseira";0;0;2;0;0;0;0;0;0;1;3;1;0;0;0
"16/09/2020";"03:21:00";"98";"Acidente s";"38";"BR-290/RS";"Leste";"Queda de ribanceira";1;0;0;0;0;0;0;0;0;0;1;0;0;0;0
"16/09/2020";"04:35:00";"106";"Acidente s";"440";"BR-386/RS";"Norte";"Queda de ribanceira";1;0;0;0;0;0;0;0;0;0;1;0;0;0;0
"16/09/2020";"04:40:00";"107";"Acidente s";"304";"BR-386/RS";"Norte";"Queda de ribanceira";1;0;0;0;0;0;0;0;0;0;3;0;0;0;0
"16/09/2020";"09:12:00";"143";"Acidente s";"290";"BR-386/RS";"Sul";"Colisão - Frontal";1;0;0;0;0;0;0;1;0;1;4;0;0;0;0
"17/09/2020";"05:46:00";"35";"Acidente s";"57";"BR-290/RS";"Oeste";"Queda de ribanceira";0;0;1;0;0;0;0;0;0;0;1;0;0;0;0
"17/09/2020";"08:26:00";"75";"Acidente s";"77";"BR-290/RS";"Leste";"Choque Praça - Cabine";0;0;0;0;0;0;0;1;0;0;1;0;0;0;0
"17/09/2020";"07:35:00";"232";"Acidente c";"344";"BR-386/RS";"Norte";"Colisão - Lateral";1;0;0;1;0;0;0;0;0;0;0;2;0;0;0
"17/09/2020";"08:40:00";"245";"Acidente s";"75";"BR-290/RS";"Oeste";"Tombamento";0;0;1;0;0;0;0;0;0;0;2;0;0;0;0
"18/09/2020";"08:03:00";"42";"Acidente s";"87";"BR-290/RS";"Oeste";"Colisão - Traseira";2;0;0;0;0;0;0;0;0;0;2;0;0;0;0
"18/09/2020";"08:21:00";"51";"Acidente s";"89";"BR-290/RS";"Oeste";"Colisão - Lateral";1;0;1;0;0;0;0;0;0;0;2;0;0;0;0
"18/09/2020";"12:32:00";"112";"Acidente s";"93";"BR-290/RS";"Leste";"Choque com objeto sobre a pista";1;0;1;0;0;0;0;0;0;0;2;0;0;0;0
"18/09/2020";"12:41:00";"115";"Acidente s";"44";"BR-290/RS";"Leste";"Queda de ribanceira";1;0;0;0;0;0;0;0;0;0;5;0;0;0;0
"18/09/2020";"01:18:00";"127";"Acidente c";"43";"BR-290/RS";"Oeste";"Queda de ribanceira";1;0;0;0;0;0;0;0;0;0;0;1;0;0;0
"18/09/2020";"03:10:00";"151";"Acidente s";"418";"BR-386/RS";"Norte";"Queda de ribanceira";1;0;0;0;0;0;0;0;0;0;2;0;0;0;0
"18/09/2020";"05:26:00";"199";"Acidente s";"89";"BR-290/RS";"Leste";"Colisão - Lateral";1;0;1;0;0;0;0;0;0;0;2;0;0;0;0
"18/09/2020";"06:32:00";"218";"Acidente c";"356";"BR-386/RS";"Norte";"Queda de ribanceira";1;0;0;0;0;0;0;0;0;0;0;0;0;0;1
"18/09/2020";"09:12:00";"259";"Acidente s";"446";"BR-386/RS";"Sul";"Queda de ribanceira";1;0;0;0;0;0;0;0;0;0;1;0;0;0;0
"18/09/2020";"09:22:00";"264";"Acidente s";"85";"BR-290/RS";"Oeste";"Atropelamento de Animal";1;0;0;0;0;0;0;0;0;0;1;0;0;0;0
"18/09/2020";"10:58:00";"278";"Acidente s";"41";"BR-290/RS";"Leste";;1;0;0;0;0;0;0;0;0;0;1;0;0;0;0
"19/09/2020";"02:03:00";"9";"Acidente s";"436";"BR-386/RS";"Sul";"Colisão - Traseira";1;0;0;0;0;0;0;0;0;1;2;0;0;0;0
"19/09/2020";"08:39:00";"50";"Acidente s";"58";"BR-290/RS";"Leste";"Choque com objeto sobre a pista";3;0;0;0;0;0;0;0;0;0;4;0;0;0;0
"19/09/2020";"09:38:00";"71";"Acidente c";"252";"BR-386/RS";"Norte";"Capotamento";1;0;0;0;0;0;0;0;0;0;3;1;1;0;0
"19/09/2020";"09:59:00";"81";"Acidente s";"60";"BR-290/RS";"Leste";"Colisão - Traseira";0;0;1;0;0;0;0;1;0;0;3;0;0;0;0
"19/09/2020";"10:50:00";"90";"Acidente s";"271";"BR-386/RS";"Sul";"Colisão - Traseira";0;0;0;0;0;0;0;1;0;1;3;0;0;0;0
"19/09/2020";"12:04:00";"112";"Acidente s";"333";"BR-386/RS";"Norte";"Colisão - Frontal";2;0;0;0;0;0;0;0;0;0;6;0;0;0;0
"19/09/2020";"09:14:00";"199";"Acidente s";"371";"BR-386/RS";"Sul";"Atropelamento de Animal";1;0;0;0;0;0;0;0;0;0;5;0;0;0;0
"20/09/2020";"06:34:00";"18";"Acidente s";"10";"BR-448/RS";"Norte";"Choque Defensa";1;0;0;0;0;0;0;0;0;0;1;0;0;0;0
"20/09/2020";"02:44:00";"96";"Acidente s";"19";"BR-290/RS";"Oeste";"Choque Praça - Cabine";0;0;0;0;0;0;0;1;0;0;1;0;0;0;0
"20/09/2020";"06:37:00";"139";"Acidente s";"97";"BR-290/RS";"Oeste";"Colisão - Lateral";1;0;0;1;0;0;0;0;0;0;4;0;0;0;0
"20/09/2020";"07:23:00";"146";"Acidente s";"35";"BR-290/RS";"Leste";"Queda de ribanceira";1;0;0;0;0;0;0;0;0;0;1;0;0;0;0
"20/09/2020";"09:36:00";"160";"Acidente s";"68";"BR-290/RS";"Oeste";"Queda de ribanceira";1;0;0;0;0;0;0;0;0;0;1;0;0;0;0
"20/09/2020";"10:44:00";"161";"Acidente s";"68";"BR-290/RS";"Oeste";"Queda de ribanceira";1;0;0;0;0;0;0;0;0;0;4;0;0;0;0
"21/09/2020";"11:08:00";"104";"Acidente s";"92";"BR-290/RS";"Leste";"Outros";0;0;0;1;0;0;0;2;0;0;4;0;0;0;0
"21/09/2020";"11:27:00";"112";"Acidente s";"295";"BR-386/RS";"Norte";"Colisão - Transversal";2;0;0;0;0;0;0;0;0;0;7;0;0;0;0
"21/09/2020";"11:33:00";"113";"Acidente c";"95";"BR-290/RS";"Leste";;0;0;0;1;0;0;0;0;0;0;0;0;1;0;0
"21/09/2020";"11:58:00";"117";"Acidente c";"351";"BR-386/RS";"Sul";"Choque com veículo na faixa de rolamento";1;0;0;0;0;0;0;0;0;1;1;0;1;0;0
"21/09/2020";"01:26:00";"134";"Acidente s";"437";"BR-386/RS";"Sul";"Choque Barreira";0;0;0;0;0;1;0;0;0;1;3;0;0;0;0
"21/09/2020";"07:09:00";"195";"Acidente s";"444";"BR-386/RS";"Norte";"Engavetamento";2;0;0;0;0;0;0;0;0;1;2;0;0;0;0
"22/09/2020";"06:26:00";"17";"Acidente s";"36";"BR-290/RS";"Leste";"Queda de ribanceira";0;0;1;0;0;0;0;0;0;0;2;0;0;0;0
"22/09/2020";"11:10:00";"99";"Acidente s";"9";"BR-448/RS";"Sul";"Choque Defensa";1;0;0;0;0;0;0;0;0;0;3;0;0;0;0
"22/09/2020";"11:16:00";"101";"Acidente s";"389";"BR-386/RS";"Sul";"Colisão - Traseira";1;0;0;1;0;0;0;0;0;0;2;0;0;0;0
"22/09/2020";"03:36:00";"151";"Acidente c";"23.27";"BR-290/RS";"Leste";"Colisão - Traseira";2;0;0;0;0;0;0;0;0;0;4;0;1;0;0
"22/09/2020";"05:30:00";"177";"Acidente s";"238";"BR-386/RS";"Norte";"Queda de ribanceira";1;0;0;0;0;0;0;0;0;0;1;0;0;0;0
"22/09/2020";"09:00:00";"202";"Acidente s";"84";"BR-101/RS";"Norte";"Colisão - Traseira";1;0;0;0;0;0;0;0;0;0;3;0;0;0;0
"22/09/2020";"10:31:00";"215";"Acidente c";"435";"BR-386/RS";"Sul";"Colisão - Traseira";2;0;0;0;0;0;0;0;0;0;2;0;1;0;0
"23/09/2020";"05:31:00";"12";"Acidente c";"23";"BR-290/RS";"Oeste";"Tombamento";0;0;0;0;0;0;0;1;0;0;0;1;0;0;0
"23/09/2020";"08:01:00";"40";"Acidente c";"76";"BR-290/RS";"Oeste";"Colisão - Lateral";1;0;0;1;0;0;0;0;0;0;1;1;0;0;0
"23/09/2020";"05:08:00";"187";"Acidente s";"77";"BR-290/RS";"Oeste";"Choque Praça - Cabine";0;0;2;0;0;0;0;0;0;0;2;0;0;0;0
"23/09/2020";"05:17:00";"189";"Acidente s";"346";"BR-386/RS";"Sul";"Colisão - Traseira";1;0;0;0;0;0;0;1;0;0;3;0;0;0;0
"23/09/2020";"07:36:00";"211";"Acidente c";"347";"BR-386/RS";"Norte";"Capotamento";1;0;0;0;0;0;0;0;0;0;0;0;1;0;0
"24/09/2020";"07:09:00";"22";"Acidente s";"87";"BR-290/RS";"Leste";"Queda de moto";0;0;0;1;0;0;0;0;0;0;1;0;0;0;0
"24/09/2020";"10:28:00";"97";"Acidente s";"31";"BR-101/RS";"Sul";"Choque - Caixa de Captação/Fibra";0;0;0;0;0;0;0;0;0;1;1;0;0;0;0
"24/09/2020";"10:29:00";"98";"Acidente s";"92";"BR-290/RS";"Oeste";"Queda de moto";0;0;0;1;0;0;0;0;0;0;1;0;0;0;0
"24/09/2020";"10:29:00";"226";"Acidente c";"38.54";"BR-290/RS";"Leste";"Atropelamento - Funcionário";1;0;0;0;0;0;0;0;0;1;1;0;1;0;0
"25/09/2020";"07:42:00";"31";"Acidente c";"23";"BR-290/RS";"Oeste";"Colisão - Lateral";0;0;1;0;0;0;0;1;0;0;1;2;0;0;0
"25/09/2020";"12:07:00";"113";"Acidente s";"71";"BR-290/RS";"Oeste";"Outros";1;0;0;0;0;0;0;0;0;0;1;0;0;0;0
"25/09/2020";"12:38:00";"119";"Acidente s";"60";"BR-290/RS";"Leste";"Colisão - Traseira";2;0;0;0;0;0;0;0;0;0;2;0;0;0;0
"25/09/2020";"02:19:00";"140";"Acidente c";"433";"BR-386/RS";"Norte";"Colisão - Traseira";1;0;1;0;0;0;0;0;0;0;2;2;0;0;0
"25/09/2020";"02:36:00";"144";"Acidente s";"215";"BR-386/RS";"Sul";"Colisão - Lateral";2;0;0;0;0;0;0;0;0;0;4;0;0;0;0
"25/09/2020";"07:18:00";"221";"Acidente s";"97.5";"BR-290/RS";"Oeste";"Colisão - Traseira";2;0;0;0;0;0;0;0;0;0;3;0;0;0;0
"26/09/2020";"04:54:00";"24";"Acidente s";"3";"BR-290/RS";"Oeste";"Queda de ribanceira";1;0;0;0;0;0;0;0;0;0;1;0;0;0;0
"26/09/2020";"11:51:00";"115";"Acidente s";"16";"BR-101/RS";"Norte";"Colisão - Lateral";1;0;0;0;0;0;0;1;0;0;3;0;0;0;0
"26/09/2020";"04:44:00";"188";"Acidente s";"19";"BR-290/RS";"Leste";"Colisão - Traseira";2;0;0;0;0;0;0;0;0;0;2;0;0;0;0
"26/09/2020";"05:42:00";"195";"Acidente s";"12";"BR-290/RS";"Leste";"Tombamento";0;0;0;0;0;0;0;0;0;1;2;0;0;0;0
"26/09/2020";"06:23:00";"201";"Acidente s";"60";"BR-290/RS";"Oeste";"Colisão - Traseira";2;0;0;0;0;0;0;0;0;0;2;0;0;0;0
"27/09/2020";"04:56:00";"9";"Acidente s";"414";"BR-386/RS";"Sul";"Capotamento";1;0;0;0;0;0;0;0;0;0;1;0;0;0;0
"27/09/2020";"11:55:00";"50";"Acidente s";"72";"BR-290/RS";"Oeste";"Queda de ribanceira";1;0;0;0;0;0;0;0;0;0;2;0;0;0;0
"27/09/2020";"12:07:00";"52";"Acidente s";"93";"BR-290/RS";"Oeste";"Choque Defensa";1;0;0;0;0;0;0;0;0;0;1;0;0;0;0
"27/09/2020";"12:34:00";"56";"Acidente s";"22";"BR-448/RS";"Sul";"Capotamento";1;0;0;0;0;0;0;0;0;0;2;0;0;0;0
"27/09/2020";"12:46:00";"57";"Acidente s";"94";"BR-290/RS";"Oeste";"Outros";1;0;0;0;0;0;0;0;0;0;1;0;0;0;0
"27/09/2020";"01:33:00";"64";"Acidente s";"22";"BR-448/RS";"Sul";"Choque Defensa";1;0;0;0;0;0;0;0;0;0;1;0;0;0;0
"27/09/2020";"01:41:00";"67";"Acidente s";"440";"BR-386/RS";"Norte";"Queda de ribanceira";1;0;0;0;0;0;0;0;0;0;1;0;0;0;0
"27/09/2020";"02:23:00";"77";"Acidente s";"399";"BR-386/RS";"Sul";"Queda de ribanceira";1;0;0;0;0;0;0;0;0;0;1;0;0;0;0
"27/09/2020";"03:22:00";"90";"Acidente s";"53";"BR-101/RS";"Norte";"Queda de ribanceira";1;0;0;0;0;0;0;0;0;0;4;0;0;0;0
"27/09/2020";"06:27:00";"118";"Acidente s";"19";"BR-290/RS";"Oeste";"Choque Praça - Submarino";1;0;0;0;0;0;0;0;0;0;2;0;0;0;0
"27/09/2020";"08:52:00";"149";"Acidente s";"270";"BR-386/RS";"Sul";"Saída de pista";1;0;0;0;0;0;0;0;0;0;2;0;0;0;0
"27/09/2020";"10:50:00";"158";"Atropelame";"86";"BR-290/RS";"Leste";"Atropelamento - Usuário";1;0;0;0;0;0;0;0;0;0;1;0;1;0;0
"28/09/2020";"09:29:00";"70";"Acidente c";"347";"BR-386/RS";"Norte";"Colisão - Traseira";0;0;1;1;0;0;0;0;0;0;1;1;0;0;0
"28/09/2020";"11:52:00";"109";"Acidente c";"22";"BR-448/RS";"Sul";"Tombamento";0;0;0;0;0;0;0;1;0;0;0;1;0;0;0
"28/09/2020";"02:27:00";"136";"Acidente s";"94";"BR-290/RS";"Leste";"Colisão - Lateral";1;0;0;0;0;0;0;1;0;0;5;0;0;0;0
"28/09/2020";"03:52:00";"151";"Acidente s";"60";"BR-290/RS";"Leste";"Colisão - Traseira";1;0;0;0;0;0;0;1;0;0;4;0;0;0;0
"28/09/2020";"05:44:00";"171";"Acidente s";"345";"BR-386/RS";"Norte";"Colisão - Traseira";3;0;0;0;0;0;0;0;0;0;6;0;0;0;0
"28/09/2020";"07:02:00";"181";"Acidente s";"311";"BR-386/RS";"Sul";"Colisão - Traseira";0;0;0;0;0;0;0;2;0;0;2;0;0;0;0
"29/09/2020";"12:53:00";"2";"Acidente c";"16.5";"BR-101/RS";"Norte";"Colisão - Traseira";0;0;1;0;0;0;0;0;0;1;2;0;1;0;0
"29/09/2020";"07:59:00";"37";"Acidente s";"342";"BR-386/RS";"Norte";"Colisão - Lateral";2;0;0;0;0;0;0;0;0;0;2;0;0;0;0
"29/09/2020";"10:02:00";"91";"Acidente c";"373";"BR-386/RS";"Norte";"Capotamento";1;0;0;0;0;0;0;0;0;0;0;1;0;0;0
"29/09/2020";"02:51:00";"146";"Acidente s";"345";"BR-386/RS";"Norte";"Colisão - Traseira";0;0;0;0;0;0;0;1;0;1;2;0;0;0;0
"29/09/2020";"04:16:00";"165";"Acidente s";"426";"BR-386/RS";"Sul";"Colisão - Traseira";2;0;0;0;0;0;0;0;0;0;3;0;0;0;0
"29/09/2020";"07:41:00";"197";"Acidente s";"44";"BR-290/RS";"Leste";"Choque com objeto sobre a pista";1;0;0;0;0;0;0;0;0;0;1;0;0;0;0
"30/09/2020";"01:16:00";"4";"Acidente c";"374";"BR-386/RS";"Sul";"Queda de moto";0;0;0;1;0;0;0;0;0;0;0;0;1;0;0
"30/09/2020";"06:50:00";"25";"Acidente s";"24.39";"BR-290/RS";"Leste";"Queda de ribanceira";0;0;1;0;0;0;0;0;0;0;2;0;0;0;0
"30/09/2020";"08:20:00";"48";"Acidente s";"360";"BR-386/RS";"Ambos";"Queda de ribanceira";1;0;1;0;0;0;0;0;0;0;4;0;0;0;0
"30/09/2020";"08:51:00";"53";"Acidente s";"355";"BR-386/RS";"Norte";"Queda de ribanceira";1;0;0;0;0;0;0;0;0;0;2;0;0;0;0
"30/09/2020";"09:15:00";"62";"Acidente s";"71";"BR-290/RS";"Leste";"Choque Defensa";1;0;0;0;0;0;0;0;0;0;1;0;0;0;0
"30/09/2020";"09:26:00";"66";"Acidente s";"94";"BR-290/RS";"Oeste";"Choque Barreira";1;0;0;0;0;0;0;0;0;0;1;0;0;0;0
"30/09/2020";"09:29:00";"69";"Acidente s";"351";"BR-386/RS";"Norte";"Choque Defensa";1;0;0;0;0;0;0;0;0;0;1;0;0;0;0
"30/09/2020";"09:38:00";"71";"Acidente c";"35";"BR-290/RS";"Oeste";"Queda de ribanceira";1;0;0;0;0;0;0;0;0;0;0;0;1;0;0
"30/09/2020";"10:16:00";"75";"Acidente s";"401";"BR-386/RS";"Sul";"Queda de ribanceira";1;0;0;0;0;0;0;0;0;0;2;0;0;0;0
"30/09/2020";"11:18:00";"89";"Acidente s";"9";"BR-448/RS";"Norte";"Queda de ribanceira";1;0;0;0;0;0;0;0;0;0;1;0;0;0;0
"30/09/2020";"11:24:00";"91";"Acidente s";"92";"BR-290/RS";"Leste";"Choque Defensa";1;0;0;0;0;0;0;0;0;0;1;0;0;0;0
"30/09/2020";"11:37:00";"93";"Acidente s";"426";"BR-386/RS";"Sul";"Choque Barreira";0;0;0;0;0;0;0;0;0;1;1;0;0;0;0
"30/09/2020";"12:02:00";"97";"Acidente c";"193";"BR-386/RS";"Sul";"Queda de ribanceira";1;0;0;0;0;0;0;0;0;0;1;1;0;0;0
"30/09/2020";"12:14:00";"101";"Acidente s";"84";"BR-101/RS";"Sul";"Choque - Sinalização";1;0;0;0;0;0;0;0;0;0;3;0;0;0;0
"30/09/2020";"01:06:00";"105";"Acidente s";"11";"BR-290/RS";"Ambos";"Queda de ribanceira";1;0;0;0;0;0;0;0;0;0;3;0;0;0;0
"30/09/2020";"01:16:00";"110";"Acidente s";"13";"BR-290/RS";"Oeste";"Queda de ribanceira";1;0;0;0;0;0;0;0;0;0;2;0;0;0;0
"01/10/2020";"02:01:00";"10";"Acidente c";"279";"BR-386/RS";"Norte";"Capotamento";1;0;0;0;0;0;0;0;0;0;0;0;0;0;1
"01/10/2020";"09:48:00";"104";"Acidente s";"400";"BR-386/RS";"Sul";"Queda de ribanceira";1;0;0;0;0;0;0;0;0;0;1;0;0;0;0
"01/10/2020";"10:00:00";"108";"Acidente s";"62";"BR-290/RS";"Oeste";;0;0;0;0;0;0;0;1;0;0;1;0;0;0;0
"01/10/2020";"03:32:00";"189";"Acidente c";"375";"BR-386/RS";"Sul";"Choque com veículo na faixa de rolamento";0;0;1;1;0;0;0;0;0;0;0;1;0;0;0
"01/10/2020";"03:34:00";"190";"Acidente s";"92";"BR-290/RS";"Leste";;2;0;0;0;0;0;0;0;0;0;2;0;0;0;0
"01/10/2020";"07:25:00";"229";"Acidente s";"94";"BR-290/RS";"Leste";"Engavetamento";3;0;0;0;0;0;0;0;0;0;3;0;0;0;0
"01/10/2020";"08:59:00";"244";"Acidente c";"245";"BR-386/RS";"Sul";"Atropelamento de Animal";0;0;0;0;0;0;0;0;0;1;0;1;0;0;0
"02/10/2020";"06:10:00";"23";"Acidente s";"87";"BR-290/RS";"Oeste";"Queda de ribanceira";1;0;0;0;0;0;0;0;0;0;2;0;0;0;0
"02/10/2020";"06:26:00";"25";"Acidente s";"28";"BR-290/RS";"Leste";"Queda de ribanceira";1;0;0;0;0;0;0;0;0;0;1;0;0;0;0
"02/10/2020";"08:22:00";"53";"Acidente s";"37";"BR-290/RS";"Oeste";"Queda de ribanceira";1;0;0;0;0;0;0;0;0;0;1;0;0;0;0
"02/10/2020";"11:02:00";"90";"Acidente s";"243";"BR-386/RS";"Sul";"Tombamento";0;0;1;0;0;0;0;0;0;0;1;0;0;0;0
"02/10/2020";"12:55:00";"109";"Acidente s";"335";"BR-386/RS";"Norte";"Queda de ribanceira";1;0;0;0;0;0;0;0;0;0;2;0;0;0;0
"02/10/2020";"01:32:00";"121";"Acidente c";"233";"BR-386/RS";"Sul";"Engavetamento";1;0;0;0;0;0;0;1;0;1;2;0;1;0;0
"02/10/2020";"02:06:00";"130";"Acidente c";"347";"BR-386/RS";"Norte";"Queda de moto";0;0;0;1;0;0;0;0;0;0;0;1;0;0;0
"02/10/2020";"04:08:00";"155";"Acidente s";"26";"BR-290/RS";"Oeste";"Queda de ribanceira";1;0;0;0;0;0;0;0;0;0;1;0;0;0;0
"02/10/2020";"07:29:00";"196";"Acidente s";"234";"BR-386/RS";"Norte";"Queda de ribanceira";1;0;0;0;0;0;0;0;0;0;2;0;0;0;0
"02/10/2020";"08:52:00";"208";"Acidente s";"29";"BR-290/RS";"Oeste";"Choque com objeto sobre a pista";1;0;0;0;0;0;0;0;0;0;2;0;0;0;0
"02/10/2020";"10:06:00";"212";"Acidente s";"431";"BR-386/RS";"Norte";"Queda de ribanceira";0;0;1;0;0;0;0;0;0;0;1;0;0;0;0
"02/10/2020";"11:09:00";"224";"Acidente s";"435";"BR-386/RS";"Norte";"Colisão - Traseira";2;0;0;0;0;0;0;0;0;0;1;0;0;0;0
"02/10/2020";"11:36:00";"227";"Acidente s";"50";"BR-101/RS";"Norte";;1;0;0;0;0;0;0;0;0;0;2;0;0;0;0
"03/10/2020";"12:56:00";"4";"Acidente s";"10";"BR-101/RS";"Sul";"Saída de pista";0;0;1;0;0;0;0;0;0;0;1;0;0;0;0
"03/10/2020";"01:14:00";"7";"Acidente s";"84.01";"BR-101/RS";"Norte";"Saída de pista";1;0;0;0;0;0;0;0;0;0;1;0;0;0;0
"03/10/2020";"04:34:00";"12";"Acidente s";"68";"BR-290/RS";"Oeste";"Queda de ribanceira";1;0;0;0;0;0;0;0;0;0;1;0;0;0;0
"03/10/2020";"04:47:00";"13";"Atropelame";"440";"BR-386/RS";"Sul";"Atropelamento - Morador/Trabalhador/Estudante";1;0;0;0;0;0;0;0;0;0;1;0;0;0;1
"03/10/2020";"07:47:00";"22";"Acidente s";"69";"BR-290/RS";"Oeste";"Queda de ribanceira";1;0;0;0;0;0;0;0;0;0;1;0;0;0;0
"03/10/2020";"07:52:00";"24";"Acidente s";"423";"BR-386/RS";"Sul";"Queda de ribanceira";1;0;0;0;0;0;0;0;0;0;1;0;0;0;0
"03/10/2020";"08:02:00";"26";"Acidente s";"443";"BR-386/RS";"Norte";"Saída de pista";1;0;0;0;0;0;0;0;0;0;1;0;0;0;0
"03/10/2020";"10:17:00";"46";"Acidente s";"262";"BR-386/RS";"Sul";"Colisão - Traseira";1;0;0;0;0;0;0;0;0;1;5;0;0;0;0
"03/10/2020";"10:58:00";"55";"Acidente c";"340";"BR-386/RS";"Norte";"Capotamento";1;0;0;0;0;0;0;0;0;0;0;1;0;0;0
"03/10/2020";"11:03:00";"57";"Acidente s";"270";"BR-386/RS";"Norte";"Colisão - Lateral";2;0;0;0;0;0;0;0;0;0;3;0;0;0;0
"03/10/2020";"11:32:00";"60";"Acidente s";"352";"BR-386/RS";"Norte";"Choque Defensa";1;0;0;0;0;0;0;0;0;0;1;0;0;0;0
"03/10/2020";"11:34:00";"62";"Acidente s";"82";"BR-290/RS";"Oeste";"Queda de ribanceira";1;0;0;0;0;0;0;0;0;0;1;0;0;0;0
"03/10/2020";"11:35:00";"63";"Acidente s";"445";"BR-386/RS";"Sul";"Saída de pista";1;0;0;0;0;0;0;0;0;0;1;0;0;0;0
"03/10/2020";"12:17:00";"70";"Acidente c";"15";"BR-448/RS";"Sul";"Choque Barreira";1;0;0;0;0;0;0;0;0;0;1;0;1;0;0
"03/10/2020";"12:20:00";"74";"Acidente s";"2";"BR-290/RS";"Leste";"Queda de ribanceira";1;0;0;0;0;0;0;0;0;0;2;0;0;0;0
"03/10/2020";"04:45:00";"97";"Acidente s";"65";"BR-290/RS";"Ambos";"Saída de pista";1;0;0;0;0;0;0;0;0;0;3;0;0;0;0
"03/10/2020";"05:21:00";"100";"Acidente s";"10";"BR-448/RS";"Norte";"Queda de ribanceira";1;0;0;0;0;0;0;0;0;0;2;0;0;0;0
"04/10/2020";"03:10:00";"6";"Acidente s";"14";"BR-448/RS";"Norte";"Saída de pista";1;0;0;0;0;0;0;0;0;0;1;0;0;0;0
"04/10/2020";"06:01:00";"12";"Acidente s";"60";"BR-290/RS";"Leste";"Choque Praça - Submarino";1;0;0;0;0;0;0;0;0;0;4;0;0;0;0
"04/10/2020";"10:28:00";"38";"Acidente c";"404";"BR-386/RS";"Sul";"Capotamento";1;0;0;0;0;0;0;0;0;0;0;1;1;0;0
"04/10/2020";"11:00:00";"44";"Acidente s";"345";"BR-386/RS";"Norte";"Queda de ribanceira";1;0;0;0;0;0;0;0;0;0;1;0;0;0;0
"04/10/2020";"12:34:00";"58";"Acidente s";"440";"BR-386/RS";"Norte";"Saída de pista";1;0;0;0;0;0;0;0;0;0;1;0;0;0;0