data;horario;n_da_ocorrencia;tipo_de_ocorrencia;km;trecho;sentido;tipo_de_acidente;automovel;bicicleta;caminhao;moto;onibus;outros;tracao_animal;transporte_de_cargas_especiais;trator_maquinas;utilitarios;ilesos;levemente_feridos;moderadamente_feridos;gravemente_feridos;mortos
"22/06/2021";"07:32:00";"203";"Acidente s";"375";"BR-386/RS";"Sul";"Choque Praça - Cabine";0;0;0;0;0;0;0;1;0;0;1;0;0;0;0
"23/06/2021";"03:30:00";"166";"Acidente s";"417";"BR-386/RS";"Norte";"Queda de ribanceira";1;0;0;0;0;0;0;0;0;0;3;0;0;0;0
"23/06/2021";"06:30:00";"191";"Acidente c";"84";"BR-290/RS";"Leste";"Engavetamento";3;0;0;0;0;0;0;0;0;1;4;0;2;0;0
"24/06/2021";"01:11:00";"6";"Acidente s";"272";"BR-386/RS";"Sul";"Atropelamento de Animal";1;0;0;0;0;0;0;1;0;0;2;0;0;0;0
"24/06/2021";"06:21:00";"30";"Acidente c";"358";"BR-386/RS";"Sul";"Engavetamento";2;0;0;0;0;0;0;0;0;0;7;0;0;0;0
"24/06/2021";"08:34:00";"85";"Acidente s";"350";"BR-386/RS";"Norte";"Colisão - Lateral";0;0;1;0;0;0;0;0;0;0;1;0;0;0;0
"24/06/2021";"08:55:00";"94";"Acidente s";"15";"BR-448/RS";"Norte";"Colisão - Lateral";0;0;0;0;0;0;0;1;0;0;1;0;0;0;0
"24/06/2021";"09:50:00";"111";"Acidente c";"302";"BR-386/RS";"Sul";"Capotamento";0;0;0;0;0;0;0;1;0;0;2;0;0;0;0
"24/06/2021";"10:08:00";"115";"Acidente s";"363";"BR-386/RS";"Sul";"Queda de ribanceira";1;0;1;1;0;0;0;0;0;0;1;0;1;1;0
"24/06/2021";"11:25:00";"131";"Acidente s";"75";"BR-101/RS";"Norte";"Saída de pista";2;0;0;0;0;0;0;0;0;1;3;0;0;0;0
"24/06/2021";"11:31:00";"133";"Acidente s";"13";"BR-290/RS";"Leste";"Colisão - Lateral";3;0;0;0;0;0;0;0;0;0;5;0;0;0;0
"24/06/2021";"12:06:00";"138";"Acidente s";"95";"BR-290/RS";"Oeste";"Colisão - Lateral";1;0;0;0;0;0;0;0;0;0;0;0;2;0;0
"24/06/2021";"01:55:00";"152";"Acidente s";"430";"BR-386/RS";"Norte";;1;0;0;0;0;0;0;0;0;0;1;0;0;0;0
"24/06/2021";"06:39:00";"221";"Acidente s";"339";"BR-386/RS";"Sul";"Atropelamento de Animal";1;0;0;0;0;0;0;0;0;0;1;0;0;0;0
"25/06/2021";"07:57:00";"46";"Acidente c";"444";"BR-386/RS";"Sul";"Colisão - Traseira";2;0;1;0;0;0;0;0;0;0;3;0;0;0;0
"25/06/2021";"08:38:00";"67";"Acidente c";"18";"BR-448/RS";"Sul";"Engavetamento";4;0;0;0;0;0;0;0;0;0;3;0;1;0;0
"25/06/2021";"09:40:00";"84";"Acidente s";"17";"BR-448/RS";"Sul";"Colisão - Traseira";2;0;0;0;0;0;0;1;0;0;5;0;0;0;0
"25/06/2021";"09:55:00";"87";"Acidente s";"17";"BR-448/RS";"Sul";"Choque Defensa";1;0;0;1;0;0;0;0;0;0;1;0;1;0;0
"25/06/2021";"01:53:00";"136";"Acidente s";"79";"BR-290/RS";"Leste";"Colisão - Traseira";1;0;1;0;0;0;0;0;0;0;1;0;0;1;0
"25/06/2021";"05:02:00";"184";"Acidente c";"433";"BR-386/RS";"Sul";"Colisão - Traseira";3;0;0;0;0;0;0;0;0;0;2;1;0;0;0
"25/06/2021";"05:25:00";"190";"Acidente c";"444";"BR-386/RS";"Sul";"Colisão - Lateral";2;0;0;0;0;0;0;0;0;0;2;0;0;0;0
"25/06/2021";"05:30:00";"193";"Acidente s";"90";"BR-290/RS";"Leste";"Colisão - Traseira";1;0;0;0;0;0;0;0;0;0;1;0;0;0;0
"25/06/2021";"05:57:00";"199";"Acidente s";"345";"BR-386/RS";"Sul";"Engavetamento";1;0;0;0;0;1;0;0;0;0;6;0;0;0;0
"25/06/2021";"06:20:00";"206";"Acidente c";"439";"BR-386/RS";"Sul";"Engavetamento";1;0;0;0;0;0;0;0;0;1;2;1;0;0;0
"25/06/2021";"07:37:00";"221";"Acidente s";"437";"BR-386/RS";"Sul";"Colisão - Traseira";2;0;0;0;0;0;0;0;0;0;2;1;0;0;0
"25/06/2021";"10:03:00";"249";"Acidente c";"19";"BR-448/RS";"Norte";"Colisão - Traseira";1;0;0;1;0;0;0;0;0;0;2;0;0;0;0
"26/06/2021";"02:43:00";"9";"Acidente s";"269";"BR-386/RS";"Norte";"Choque Talude";1;0;0;0;0;0;0;0;0;0;2;0;0;0;0
"26/06/2021";"07:41:00";"34";"Acidente s";"409";"BR-386/RS";"Norte";"Saída de pista";1;0;0;0;0;0;0;0;0;0;1;0;0;0;0
"26/06/2021";"08:51:00";"45";"Acidente s";"360";"BR-386/RS";"Norte";"Choque Barreira";1;0;0;0;0;0;0;0;0;0;3;0;0;0;0
"26/06/2021";"09:10:00";"47";"Acidente c";"66";"BR-290/RS";"Oeste";"Queda de ribanceira";1;0;0;0;0;0;0;0;0;0;1;0;0;0;0
"26/06/2021";"09:14:00";"49";"Acidente s";"419";"BR-386/RS";"Sul";"Queda de ribanceira";1;0;0;0;0;0;0;0;0;0;1;0;0;0;0
"26/06/2021";"10:10:00";"58";"Acidente c";"96";"BR-290/RS";"Oeste";"Colisão - Traseira";1;0;0;0;0;0;0;0;0;0;1;1;0;0;0
"26/06/2021";"10:14:00";"61";"Acidente s";"318";"BR-386/RS";"Norte";"Choque Talude";1;0;0;0;0;0;0;0;0;0;1;0;0;0;0
"26/06/2021";"11:24:00";"69";"Acidente s";"356";"BR-386/RS";"Norte";"Saída de pista";1;0;0;0;0;0;0;0;0;0;0;1;0;0;0
"26/06/2021";"11:27:00";"70";"Acidente s";"17";"BR-448/RS";"Norte";"Choque Barreira";1;0;0;0;0;0;0;0;0;0;2;0;0;0;0
"26/06/2021";"12:02:00";"74";"Acidente s";"410";"BR-386/RS";"Norte";"Queda de ribanceira";1;0;0;0;0;0;0;1;0;0;2;0;0;0;0
"26/06/2021";"12:48:00";"79";"Acidente c";"361";"BR-386/RS";"Norte";"Saída de pista";1;0;0;0;0;0;0;0;0;0;1;0;0;0;0
"26/06/2021";"01:19:00";"83";"Acidente s";"16";"BR-290/RS";"Leste";"Queda de ribanceira";1;0;0;0;0;0;0;0;0;0;1;0;0;0;0
"26/06/2021";"01:31:00";"87";"Acidente c";"414";"BR-386/RS";"Sul";;2;0;0;0;0;0;0;0;0;0;4;0;0;0;0
"26/06/2021";"03:29:00";"108";"Acidente s";"411";"BR-386/RS";"Sul";"Queda de ribanceira";1;0;0;0;0;0;0;0;0;0;1;0;0;0;0
"26/06/2021";"04:08:00";"111";"Acidente s";"345";"BR-386/RS";"Sul";;1;0;0;0;0;0;0;0;0;0;2;0;0;0;0
"26/06/2021";"06:17:00";"125";"Acidente s";"343";"BR-386/RS";"Sul";"Saída de pista";1;0;0;0;0;0;0;0;0;0;2;0;0;0;0
"26/06/2021";"06:41:00";"131";"Acidente s";"353";"BR-386/RS";"Norte";"Saída de pista";1;0;0;0;0;0;0;0;0;0;1;1;0;0;0
"26/06/2021";"06:54:00";"133";"Acidente s";"25";"BR-101/RS";"Sul";"Colisão - Traseira";1;0;0;0;0;0;0;0;0;0;2;0;0;0;0
"26/06/2021";"07:06:00";"136";"Acidente s";"422";"BR-386/RS";"Sul";"Saída de pista";2;0;0;0;0;0;0;0;0;0;4;1;0;0;0
"27/06/2021";"12:52:00";"9";"Acidente c";"287";"BR-386/RS";"Norte";"Colisão - Transversal";1;0;0;0;0;0;0;0;0;0;2;0;0;0;0
"27/06/2021";"06:29:00";"23";"Acidente s";"90";"BR-290/RS";"Oeste";"Choque Defensa";2;0;0;0;0;0;0;0;0;0;3;0;1;0;0
"27/06/2021";"06:48:00";"24";"Acidente s";"90";"BR-290/RS";"Leste";;2;0;0;0;0;0;0;0;0;0;3;1;0;0;0
"27/06/2021";"08:17:00";"36";"Acidente s";"10";"BR-448/RS";"Norte";"Capotamento";1;0;0;1;0;0;0;0;0;0;2;0;0;0;0
"27/06/2021";"10:08:00";"49";"Acidente s";"75";"BR-290/RS";"Leste";"Choque Defensa";0;0;1;0;0;0;0;1;0;0;2;0;0;0;0
"27/06/2021";"01:38:00";"82";"Acidente c";"416";"BR-386/RS";"Norte";"Colisão - Lateral";0;0;0;1;0;0;0;0;0;0;0;1;0;0;0
"27/06/2021";"05:56:00";"124";"Acidente c";"69";"BR-290/RS";"Oeste";"Colisão - Lateral";1;0;0;0;0;0;0;0;0;1;1;0;0;0;1
"27/06/2021";"07:05:00";"131";"Acidente s";"92";"BR-290/RS";"Leste";"Colisão - Transversal";1;0;0;0;0;0;0;0;0;0;1;0;0;0;0
"27/06/2021";"08:03:00";"145";"Acidente s";"26";"BR-290/RS";"Oeste";"Colisão - Traseira";1;0;0;0;0;0;0;0;0;0;1;0;0;0;0
"27/06/2021";"09:00:00";"154";"Acidente c";"57";"BR-101/RS";"Norte";"Queda de moto";1;0;0;0;0;0;0;0;0;0;1;0;0;0;0
"27/06/2021";"09:24:00";"158";"Acidente s";"2";"BR-101/RS";"Sul";"Choque - Poste";1;0;0;0;0;0;0;0;0;0;2;0;0;0;0
"28/06/2021";"04:34:00";"14";"Acidente s";"339";"BR-386/RS";"Sul";"Queda de ribanceira";1;0;0;0;0;0;0;0;0;0;1;0;0;0;0
"28/06/2021";"05:17:00";"17";"Acidente s";"445";"BR-386/RS";"Norte";"Atropelamento de Animal";1;0;1;0;0;0;0;0;0;0;2;0;0;0;0
"28/06/2021";"07:42:00";"52";"Acidente s";"426";"BR-386/RS";"Sul";"Colisão - Traseira";1;0;1;0;0;0;0;0;0;0;2;0;0;1;0
"28/06/2021";"11:39:00";"156";"Acidente c";"10";"BR-448/RS";"Norte";"Colisão - Lateral";1;0;0;0;0;0;0;0;0;0;1;0;0;0;0
"28/06/2021";"04:54:00";"218";"Acidente s";"78";"BR-101/RS";"Ambos";"Saída de pista";1;0;2;0;0;0;0;0;0;0;2;1;0;0;0
"28/06/2021";"07:22:00";"244";"Acidente s";"270.08";"BR-386/RS";"Sul";"Colisão - Traseira";0;0;0;0;0;0;0;1;0;0;1;0;0;0;0
"28/06/2021";"10:53:00";"270";"Acidente c";"388";"BR-386/RS";"Norte";"Colisão - Lateral";0;0;0;0;0;1;0;0;0;1;2;0;0;0;0
"29/06/2021";"01:24:00";"7";"Acidente s";"7";"BR-448/RS";"Norte";"Queda de moto";1;0;1;0;0;0;0;0;0;0;4;0;0;0;0
"29/06/2021";"07:37:00";"50";"Acidente c";"343";"BR-386/RS";"Norte";"Colisão - Lateral";2;0;0;0;0;0;0;0;0;0;3;0;0;0;0
"29/06/2021";"07:56:00";"62";"Acidente s";"26";"BR-101/RS";"Ambos";"Capotamento";2;0;0;0;0;0;0;0;0;0;3;0;0;0;0
"29/06/2021";"04:45:00";"220";"Acidente s";"341";"BR-386/RS";"Norte";"Colisão - Lateral";0;0;0;1;0;0;0;0;0;0;1;0;0;0;0
"29/06/2021";"06:09:00";"241";"Acidente s";"435";"BR-386/RS";"Norte";"Colisão - Transversal";1;0;0;1;0;0;0;0;0;0;1;0;1;0;0
"29/06/2021";"06:46:00";"247";"Acidente s";"2";"BR-290/RS";"Oeste";"Colisão - Transversal";1;0;0;0;0;0;0;1;0;0;3;0;0;0;0
"30/06/2021";"06:56:00";"28";"Acidente s";"225";"BR-386/RS";"Sul";"Saída de pista";1;0;1;0;0;0;0;0;0;0;1;0;1;0;0
"30/06/2021";"08:08:00";"52";"Acidente s";"375";"BR-386/RS";"Norte";"Choque Praça - Cabine";1;0;0;1;0;0;0;0;0;0;3;0;0;0;0
"30/06/2021";"01:01:00";"120";"Acidente c";"96";"BR-290/RS";"Leste";"Queda de moto";0;0;0;0;0;1;0;0;0;0;1;0;0;0;0
"30/06/2021";"06:09:00";"172";"Acidente c";"352";"BR-386/RS";"Norte";"Colisão - Traseira";0;0;0;0;0;1;0;0;0;0;1;0;0;0;0
"30/06/2021";"06:30:00";"177";"Acidente s";"88";"BR-290/RS";"Leste";"Colisão - Traseira";0;0;0;1;0;0;0;0;0;0;0;0;1;0;0
"01/07/2021";"04:03:00";"18";"Acidente c";"70";"BR-101/RS";"Norte";"Tombamento";0;0;1;0;0;0;0;0;0;0;1;0;1;0;0
"01/07/2021";"05:33:00";"21";"Acidente s";"415";"BR-386/RS";"Sul";;0;0;1;0;1;0;0;0;0;0;2;0;0;0;0
"01/07/2021";"12:18:00";"131";"Acidente c";"13";"BR-101/RS";"Sul";"Colisão - Transversal";1;0;0;1;0;0;0;0;0;0;1;0;1;0;0
"01/07/2021";"07:20:00";"196";"Acidente s";"345";"BR-386/RS";"Sul";"Capotamento";1;0;1;0;0;0;0;0;0;0;2;0;0;0;0
"02/07/2021";"04:38:00";"14";"Acidente s";"86";"BR-290/RS";"Leste";"Saída de pista";1;0;0;0;0;0;0;0;0;0;1;0;0;0;0
"02/07/2021";"06:10:00";"15";"Acidente s";"293";"BR-386/RS";"Norte";"Tombamento";0;0;0;0;0;0;0;0;0;1;1;0;0;0;0
"02/07/2021";"06:17:00";"16";"Acidente c";"14";"BR-290/RS";"Oeste";"Queda de ribanceira";0;0;0;0;0;0;0;1;0;0;0;0;0;0;1
"02/07/2021";"07:57:00";"45";"Acidente s";"60";"BR-290/RS";"Leste";"Colisão - Lateral";1;0;0;0;0;0;0;1;0;0;3;0;0;0;0
"02/07/2021";"06:16:00";"240";"Acidente s";"344";"BR-386/RS";"Sul";;2;0;0;0;0;0;0;0;0;0;2;0;0;0;0
"02/07/2021";"06:44:00";"243";"Acidente s";"19";"BR-448/RS";"Norte";"Choque com veículo na faixa de rolamento";2;0;0;0;0;0;0;0;0;0;4;0;0;0;0
"02/07/2021";"07:16:00";"250";"Acidente c";"7";"BR-290/RS";"Leste";"Capotamento";2;0;0;0;0;0;0;0;0;0;6;1;0;0;0
"02/07/2021";"09:01:00";"270";"Acidente s";"417";"BR-386/RS";"Norte";"Saída de pista";1;0;0;0;0;0;0;0;0;0;3;0;0;0;0
"02/07/2021";"10:24:00";"282";"Acidente s";"386";"BR-386/RS";"Norte";"Queda de ribanceira";1;0;0;0;0;0;0;0;0;0;3;0;0;0;0
"03/07/2021";"02:19:00";"15";"Acidente c";"82";"BR-290/RS";"Oeste";"Capotamento";1;0;0;0;0;0;0;0;0;0;0;3;0;0;0
"03/07/2021";"02:38:00";"17";"Acidente c";"346";"BR-386/RS";"Norte";"Saída de pista";1;0;0;0;0;0;0;0;0;0;3;1;0;0;0
"03/07/2021";"10:16:00";"84";"Acidente c";"82";"BR-290/RS";"Leste";"Choque Barreira";1;0;0;0;0;0;0;0;0;0;0;2;0;0;0
"03/07/2021";"03:21:00";"135";"Acidente s";"22";"BR-101/RS";"Norte";"Choque com objeto sobre a pista";1;0;0;0;0;0;0;1;0;0;5;0;0;0;0
"03/07/2021";"07:35:00";"189";"Acidente s";"3";"BR-101/RS";"Sul";"Capotamento";1;0;0;0;0;0;0;0;0;0;1;0;0;0;0
"03/07/2021";"11:32:00";"215";"Acidente s";"52";"BR-101/RS";"Ambos";"Saída de pista";1;0;0;0;0;0;0;0;0;0;1;0;0;0;0
"04/07/2021";"04:48:00";"15";"Acidente s";"435";"BR-386/RS";"Norte";"Queda de ribanceira";1;0;0;0;0;0;0;0;0;0;2;0;0;0;0
"04/07/2021";"06:36:00";"23";"Acidente c";"73";"BR-101/RS";"Norte";"Saída de pista";1;0;0;0;0;0;0;0;0;0;0;1;0;0;0
"04/07/2021";"12:09:00";"60";"Acidente s";"354";"BR-386/RS";"Sul";"Colisão - Lateral";1;0;0;1;0;0;0;0;0;0;2;0;0;0;0
"04/07/2021";"07:36:00";"144";"Acidente c";"14";"BR-290/RS";"Oeste";"Capotamento";1;0;0;0;0;1;0;0;0;0;2;0;0;1;1
"04/07/2021";"10:00:00";"168";"Acidente s";"79";"BR-290/RS";"Oeste";"Colisão - Traseira";2;0;0;0;0;0;0;0;0;0;3;0;0;0;0
"04/07/2021";"10:35:00";"173";"Acidente s";"353";"BR-386/RS";"Norte";"Saída de pista";0;0;0;0;0;0;0;1;0;0;1;0;0;0;0
"05/07/2021";"05:09:00";"12";"Acidente c";"371";"BR-386/RS";"Norte";"Capotamento";1;0;0;0;0;0;0;0;0;0;0;1;0;0;0
"05/07/2021";"05:16:00";"13";"Acidente c";"439";"BR-386/RS";"Norte";;0;0;0;0;0;0;0;1;0;0;0;1;0;0;0
"05/07/2021";"05:29:00";"15";"Acidente c";"415";"BR-386/RS";"Norte";"Colisão - Transversal";1;0;0;0;0;1;0;0;0;0;2;0;0;0;1
"05/07/2021";"07:34:00";"40";"Acidente s";"86";"BR-290/RS";"Leste";"Colisão - Traseira";2;0;0;0;0;0;0;0;0;0;1;0;0;0;0
"05/07/2021";"08:21:00";"59";"Acidente s";"438";"BR-386/RS";"Sul";"Colisão - Lateral";2;0;1;0;0;0;0;0;0;0;5;0;0;0;0
"05/07/2021";"09:19:00";"79";"Acidente s";"426";"BR-386/RS";"Norte";"Colisão - Traseira";2;0;0;0;0;0;0;0;0;0;2;0;0;0;0
"05/07/2021";"03:52:00";"177";"Acidente s";"250";"BR-386/RS";"Norte";"Colisão - Traseira";1;0;0;0;0;1;0;0;0;0;4;0;0;0;0
"05/07/2021";"04:03:00";"179";"Acidente c";"440";"BR-386/RS";"Sul";"Colisão - Traseira";0;0;0;1;0;1;0;0;0;0;1;0;0;0;1
"05/07/2021";"04:10:00";"180";"Acidente s";"60";"BR-290/RS";"Leste";"Colisão - Traseira";1;0;0;0;0;0;0;0;0;1;2;0;0;0;0
"05/07/2021";"05:55:00";"202";"Acidente s";"35";"BR-101/RS";"Norte";"Colisão - Traseira";1;0;0;0;0;1;0;0;0;0;2;0;0;0;0
"05/07/2021";"06:00:00";"203";"Acidente s";"376";"BR-386/RS";"Sul";"Saída de pista";1;0;0;0;0;0;0;0;0;0;1;0;0;0;0
"05/07/2021";"08:51:00";"235";"Acidente s";"92";"BR-290/RS";"Leste";"Colisão - Lateral";2;0;0;0;0;0;0;0;0;0;3;0;0;0;0
"06/07/2021";"03:30:00";"11";"Acidente s";"14";"BR-101/RS";"Sul";"Saída de pista";0;0;1;0;0;0;0;0;0;0;1;0;0;0;0
"06/07/2021";"03:46:00";"12";"Acidente s";"414";"BR-386/RS";"Norte";"Saída de pista";1;0;0;0;0;0;0;0;0;0;2;0;0;0;0
"06/07/2021";"03:47:00";"13";"Acidente s";"37";"BR-290/RS";"Ambos";"Saída de pista";0;0;1;0;0;0;0;0;0;0;2;0;0;0;0
"06/07/2021";"02:28:00";"145";"Acidente c";"346";"BR-386/RS";"Norte";"Saída de pista";1;0;0;1;0;0;0;1;0;0;1;0;0;2;0
"06/07/2021";"06:17:00";"187";"Acidente s";"77";"BR-290/RS";"Leste";"Colisão - Traseira";2;0;0;0;0;0;0;0;0;0;2;0;0;0;0
"06/07/2021";"07:57:00";"205";"Acidente s";"299";"BR-386/RS";"Norte";"Colisão - Lateral";1;0;0;0;0;0;0;1;0;0;4;0;0;0;0
"06/07/2021";"09:22:00";"221";"Acidente s";"24";"BR-290/RS";"Leste";"Atropelamento de Animal";1;0;0;0;0;0;0;0;0;0;2;0;0;0;0
"07/07/2021";"06:14:00";"17";"Acidente c";"1";"BR-101/RS";"Sul";"Tombamento";0;0;0;0;0;0;0;1;0;0;0;1;0;0;0
"07/07/2021";"12:45:00";"138";"Acidente s";"62";"BR-101/RS";"Norte";"Tombamento";0;0;1;0;0;0;0;0;0;0;2;0;0;0;0
"07/07/2021";"01:41:00";"153";"Acidente s";"302";"BR-386/RS";"Norte";;2;0;0;0;0;0;0;0;0;0;2;0;0;0;0
"07/07/2021";"03:05:00";"166";"Acidente s";"90";"BR-290/RS";"Leste";"Choque Barreira";2;0;0;0;0;0;0;0;0;0;2;0;0;0;0
"07/07/2021";"05:15:00";"190";"Acidente s";"324";"BR-386/RS";"Norte";"Colisão - Traseira";1;0;1;0;0;0;0;0;0;0;3;0;0;0;0
"07/07/2021";"05:44:00";"197";"Acidente s";"88";"BR-290/RS";"Leste";"Colisão - Lateral";2;0;0;0;0;1;0;0;0;0;5;0;0;0;0
"07/07/2021";"06:04:00";"203";"Acidente s";"19";"BR-290/RS";"Leste";"Colisão - Traseira";2;0;0;0;0;0;0;0;0;0;5;0;0;0;0
"07/07/2021";"07:06:00";"216";"Atropelame";"69";"BR-290/RS";"Oeste";;1;0;0;0;0;0;0;0;0;0;1;0;0;0;1
"07/07/2021";"07:27:00";"220";"Acidente s";"392";"BR-386/RS";"Sul";"Colisão - Traseira";2;0;0;0;0;0;0;0;0;0;2;0;0;0;0
"08/07/2021";"12:29:00";"136";"Acidente s";"0";"BR-448/RS";"Sul";"Saída de pista";1;0;0;0;0;0;0;0;0;0;1;0;0;0;0
"08/07/2021";"02:23:00";"161";"Acidente c";"86";"BR-101/RS";"Norte";"Queda de moto";1;0;0;1;0;0;0;0;0;0;0;1;0;0;0
"08/07/2021";"05:16:00";"202";"Acidente s";"246";"BR-386/RS";"Norte";"Colisão - Traseira";1;0;0;0;0;0;0;0;0;1;2;0;0;0;0
"08/07/2021";"06:08:00";"212";"Acidente c";"283";"BR-386/RS";"Sul";"Colisão - Traseira";2;0;0;0;0;0;0;0;0;0;1;1;0;0;0
"08/07/2021";"09:45:00";"246";"Acidente s";"378";"BR-386/RS";"Ambos";"Colisão - Lateral";0;0;0;0;0;1;0;1;0;0;2;0;0;0;0
"08/07/2021";"11:21:00";"255";"Acidente s";"50";"BR-290/RS";"Leste";"Saída de pista";1;0;0;0;0;0;0;0;0;0;1;0;0;0;0
"09/07/2021";"06:51:00";"31";"Atropelame";"91";"BR-290/RS";"Oeste";"Atropelamento - Esportista";0;0;0;1;0;0;0;0;0;0;1;1;0;0;0
"09/07/2021";"07:13:00";"35";"Acidente s";"347";"BR-386/RS";"Norte";"Engavetamento";3;0;2;0;0;0;0;0;0;0;6;0;0;0;0
"09/07/2021";"07:36:00";"49";"Acidente s";"305";"BR-386/RS";"Norte";"Saída de pista";1;0;0;0;0;0;0;0;0;0;1;0;0;0;0
"09/07/2021";"07:55:00";"58";"Acidente s";"436";"BR-386/RS";"Sul";"Capotamento";1;0;0;0;0;0;0;0;0;0;1;0;0;0;0
"09/07/2021";"02:46:00";"158";"Acidente s";"224";"BR-386/RS";"Sul";"Colisão - Transversal";1;0;0;0;0;1;0;0;0;0;2;0;0;0;0
"09/07/2021";"03:08:00";"163";"Acidente s";"35";"BR-101/RS";"Norte";"Colisão - Traseira";2;0;0;0;0;0;0;0;0;0;2;0;0;0;0
"09/07/2021";"05:51:00";"190";"Acidente c";"421";"BR-386/RS";"Sul";"Queda de moto";0;0;0;1;0;0;0;0;0;0;0;0;1;0;0
"10/07/2021";"02:21:00";"13";"Acidente s";"261";"BR-386/RS";"Norte";"Choque - Sinalização";1;0;0;0;0;0;0;0;0;0;1;0;0;0;0
"10/07/2021";"03:26:00";"16";"Acidente s";"55";"BR-290/RS";"Oeste";"Queda de ribanceira";1;0;0;0;0;0;0;0;0;0;1;0;0;0;0
"10/07/2021";"11:13:00";"118";"Acidente s";"89";"BR-290/RS";"Oeste";"Colisão - Traseira";2;0;0;0;0;0;0;0;0;0;2;0;0;0;0
"10/07/2021";"02:43:00";"170";"Acidente c";"434";"BR-386/RS";"Sul";"Colisão - Frontal";1;0;0;1;0;0;0;0;0;0;1;0;0;0;1
"10/07/2021";"07:09:00";"216";"Acidente s";"350.09";"BR-386/RS";"Norte";"Colisão - Traseira";1;0;0;1;0;0;0;0;0;0;3;0;0;0;0
"11/07/2021";"08:49:00";"40";"Acidente c";"87";"BR-101/RS";"Norte";"Colisão - Traseira";1;0;0;0;0;1;0;0;0;0;1;0;1;0;0
"11/07/2021";"10:19:00";"52";"Acidente c";"71";"BR-290/RS";"Leste";"Colisão - Traseira";2;0;0;0;0;0;0;0;0;0;1;1;0;0;0
"11/07/2021";"03:07:00";"85";"Acidente s";"438";"BR-386/RS";"Sul";"Colisão - Traseira";1;0;0;0;0;1;0;0;0;0;2;0;0;0;0
"11/07/2021";"04:18:00";"98";"Acidente s";"343";"BR-386/RS";"Norte";"Colisão - Transversal";2;0;0;0;0;0;0;0;0;0;2;0;0;0;0
"11/07/2021";"06:36:00";"115";"Acidente s";"276";"BR-386/RS";"Sul";"Saída de pista";1;0;0;0;0;0;0;0;0;0;1;0;0;0;0
"11/07/2021";"07:10:00";"120";"Acidente s";"36";"BR-101/RS";"Sul";"Saída de pista";1;0;0;0;0;0;0;0;0;0;5;0;0;0;0
"11/07/2021";"08:34:00";"134";"Acidente s";"238";"BR-386/RS";"Norte";"Queda de moto";0;0;0;1;0;0;0;0;0;0;2;0;0;0;0
"11/07/2021";"09:31:00";"139";"Acidente s";"78";"BR-290/RS";"Oeste";"Saída de pista";1;0;0;0;0;0;0;0;0;0;1;0;0;0;0
"11/07/2021";"09:35:00";"140";"Acidente s";"75";"BR-101/RS";"Norte";"Saída de pista";1;0;0;0;0;0;0;0;0;0;5;0;0;0;0
"12/07/2021";"02:48:00";"18";"Acidente c";"86";"BR-290/RS";"Leste";"Saída de pista";1;0;0;0;0;0;0;0;0;0;0;0;0;1;0
"12/07/2021";"08:28:00";"80";"Atropelame";"368";"BR-386/RS";"Norte";"Atropelamento - Esportista";1;0;0;0;0;0;0;0;0;0;3;1;0;0;0
"12/07/2021";"12:44:00";"152";"Acidente s";"445";"BR-386/RS";"Norte";"Colisão - Lateral";1;0;1;0;0;0;0;0;0;0;2;0;0;0;0
"12/07/2021";"12:49:00";"153";"Acidente c";"52";"BR-101/RS";"Sul";"Colisão - Traseira";0;0;0;0;0;0;0;0;0;2;0;1;0;1;0
"12/07/2021";"01:05:00";"154";"Acidente s";"52";"BR-101/RS";"Sul";"Colisão - Traseira";0;0;0;0;0;0;0;2;0;0;2;0;0;0;0
"12/07/2021";"02:00:00";"169";"Acidente s";"50";"BR-101/RS";"Sul";"Colisão - Traseira";2;0;0;0;0;0;0;0;0;0;3;0;0;0;0
"12/07/2021";"03:37:00";"196";"Acidente s";"53";"BR-101/RS";"Sul";"Colisão - Traseira";0;0;1;0;0;0;0;0;0;1;2;0;0;0;0
"12/07/2021";"04:36:00";"203";"Acidente s";"16";"BR-448/RS";"Sul";"Choque Barreira";1;0;0;0;0;0;0;0;0;0;1;0;0;0;0
"12/07/2021";"04:51:00";"206";"Acidente s";"330";"BR-386/RS";"Sul";"Engavetamento";3;0;0;0;0;0;0;0;0;0;4;0;0;0;0
"13/07/2021";"12:07:00";"1";"Acidente s";"62";"BR-101/RS";"Norte";"Choque - Sinalização";0;0;0;0;0;2;0;0;0;0;2;0;0;0;0
"13/07/2021";"07:19:00";"37";"Acidente s";"92";"BR-290/RS";"Oeste";"Queda de moto";0;0;0;1;0;0;0;0;0;0;1;0;0;0;0
"13/07/2021";"09:03:00";"80";"Acidente s";"53";"BR-290/RS";"Oeste";"Queda de moto";0;0;0;1;0;0;0;0;0;0;1;0;0;0;0
"13/07/2021";"02:11:00";"166";"Acidente c";"84";"BR-290/RS";"Leste";"Queda de moto";0;0;0;1;0;0;0;0;0;0;0;1;0;0;0
"13/07/2021";"03:55:00";"193";"Acidente s";"414";"BR-386/RS";"Sul";"Capotamento";1;0;0;0;0;0;0;0;0;0;2;0;0;0;0
"13/07/2021";"06:40:00";"225";"Atropelame";"97";"BR-290/RS";"Leste";"Atropelamento - Usuário";0;0;0;1;0;0;0;0;0;1;2;0;0;0;1
"13/07/2021";"06:40:00";"224";"Acidente c";"9";"BR-290/RS";"Ambos";"Choque com objeto sobre a pista";1;0;1;0;0;1;0;0;0;0;3;2;0;0;0