data;horario;n_da_ocorrencia;tipo_de_ocorrencia;km;trecho;sentido;tipo_de_acidente;automovel;bicicleta;caminhao;moto;onibus;outros;tracao_animal;transporte_de_cargas_especiais;trator_maquinas;utilitarios;ilesos;levemente_feridos;moderadamente_feridos;gravemente_feridos;mortos
"30/12/2021";"09:42:00";"397";"Acidente s";"28";"BR-290/RS";"Leste";"Colisão - Traseira";1;0;0;1;0;0;0;0;0;0;6;0;0;0;0
"30/12/2021";"10:15:00";"415";"Acidente s";"55";"BR-101/RS";"Sul";"Saída de pista";1;0;0;0;0;0;0;0;0;0;4;0;0;0;0
"31/12/2021";"12:50:00";"17";"Acidente s";"4";"BR-290/RS";"Leste";"Saída de pista";1;0;0;0;0;0;0;0;0;0;1;0;0;0;0
"31/12/2021";"03:45:00";"51";"Acidente s";"230";"BR-386/RS";"Sul";"Saída de pista";0;0;1;0;0;0;0;0;0;0;1;0;0;0;0
"31/12/2021";"04:42:00";"59";"Acidente c";"19";"BR-290/RS";"Leste";"Colisão - Traseira";2;0;0;0;0;0;0;0;0;0;5;1;1;0;0
"31/12/2021";"07:57:00";"119";"Acidente s";"1";"BR-448/RS";"Norte";"Choque Defensa";0;0;0;0;0;0;0;0;0;1;1;0;0;0;0
"31/12/2021";"09:50:00";"167";"Acidente s";"296";"BR-386/RS";"Sul";"Colisão - Traseira";2;0;0;0;0;0;0;0;0;0;6;0;0;0;0
"31/12/2021";"11:23:00";"202";"Acidente s";"247";"BR-386/RS";"Sul";"Colisão - Lateral";3;0;0;0;0;1;0;0;0;0;7;0;0;0;0
"31/12/2021";"01:41:00";"256";"Acidente s";"22";"BR-448/RS";"Norte";"Colisão - Traseira";1;0;0;1;0;0;0;0;0;0;2;0;0;0;0
"01/01/2022";"05:14:00";"38";"Acidente s";"39";"BR-290/RS";"Oeste";"Saída de pista";1;0;0;0;0;0;0;0;0;0;4;0;0;0;0
"01/01/2022";"05:44:00";"43";"Acidente c";"65";"BR-290/RS";"Leste";"Saída de pista";1;0;0;0;0;0;0;0;0;0;1;0;1;0;0
"01/01/2022";"10:41:00";"119";"Acidente s";"15";"BR-290/RS";"Oeste";"Queda de ribanceira";1;0;0;0;0;0;0;0;0;0;2;0;0;0;0
"01/01/2022";"09:18:00";"293";"Acidente s";"93";"BR-290/RS";"Oeste";"Colisão - Lateral";2;0;0;0;0;0;0;0;0;0;2;0;0;0;0
"02/01/2022";"04:53:00";"33";"Acidente s";"315";"BR-386/RS";"Sul";"Choque Defensa";1;0;0;0;0;0;0;0;0;0;3;0;0;0;0
"02/01/2022";"06:36:00";"48";"Acidente s";"78";"BR-290/RS";"Oeste";"Queda de ribanceira";2;0;0;0;0;0;0;0;0;0;2;0;0;0;0
"02/01/2022";"09:13:00";"106";"Acidente s";"331";"BR-386/RS";"Norte";"Colisão - Traseira";2;0;0;0;0;0;0;0;0;0;4;0;0;0;0
"02/01/2022";"11:26:00";"180";"Acidente s";"409";"BR-386/RS";"Norte";"Saída de pista";1;0;0;0;0;0;0;0;0;0;2;0;0;0;0
"02/01/2022";"11:34:00";"185";"Acidente s";"231";"BR-386/RS";"Norte";"Colisão - Traseira";2;0;0;0;0;0;0;0;0;0;7;0;0;0;0
"02/01/2022";"11:49:00";"194";"Acidente c";"86";"BR-290/RS";"Leste";"Queda de ribanceira";1;0;0;0;0;0;0;0;0;0;0;1;0;0;0
"02/01/2022";"12:05:00";"206";"Acidente s";"60";"BR-290/RS";"Oeste";"Colisão - Traseira";2;0;0;0;0;0;0;0;0;0;2;0;0;0;0
"02/01/2022";"01:50:00";"274";"Acidente s";"395";"BR-386/RS";"Norte";"Capotamento";1;0;0;0;0;0;0;0;0;0;5;0;0;0;0
"02/01/2022";"02:19:00";"293";"Acidente s";"417";"BR-386/RS";"Sul";"Choque - Sinalização";1;0;0;0;0;0;0;0;0;0;2;0;0;0;0
"02/01/2022";"03:16:00";"324";"Acidente s";"50";"BR-290/RS";"Oeste";"Colisão - Traseira";2;0;0;0;0;0;0;0;0;0;2;0;0;0;0
"02/01/2022";"03:34:00";"336";"Acidente c";"327";"BR-386/RS";"Sul";"Colisão - Lateral";2;0;0;0;0;0;0;0;0;0;2;0;1;0;0
"02/01/2022";"04:46:00";"366";"Acidente s";"60";"BR-290/RS";"Oeste";"Colisão - Traseira";1;0;0;0;0;0;0;0;0;0;2;0;0;0;0
"02/01/2022";"05:35:00";"398";"Acidente c";"70";"BR-101/RS";"Sul";"Colisão - Traseira";3;0;0;0;0;0;0;0;0;0;3;1;1;0;0
"02/01/2022";"06:06:00";"420";"Acidente c";"76";"BR-290/RS";"Oeste";"Colisão - Traseira";2;0;0;0;0;0;0;0;0;0;3;1;0;0;0
"02/01/2022";"07:04:00";"446";"Acidente s";"371";"BR-386/RS";"Sul";"Saída de pista";1;0;0;0;0;0;0;0;0;0;2;0;0;0;0
"02/01/2022";"07:10:00";"447";"Acidente c";"58";"BR-290/RS";"Oeste";"Engavetamento";1;0;0;2;0;0;0;0;0;0;3;1;1;0;0
"02/01/2022";"08:05:00";"475";"Acidente s";"417";"BR-386/RS";"Sul";"Saída de pista";1;0;0;0;0;0;0;0;0;0;2;0;0;0;0
"02/01/2022";"08:17:00";"481";"Acidente s";"401";"BR-386/RS";"Norte";"Saída de pista";1;0;0;0;0;0;0;0;0;0;4;0;0;0;0
"02/01/2022";"08:55:00";"490";"Acidente s";"24";"BR-290/RS";"Oeste";"Queda de moto";0;0;0;1;0;0;0;0;0;0;2;0;0;0;0
"02/01/2022";"09:12:00";"498";"Acidente s";"51";"BR-290/RS";"Oeste";"Colisão - Lateral";1;0;0;1;0;0;0;0;0;0;3;0;0;0;0
"02/01/2022";"09:23:00";"504";"Acidente s";"3";"BR-290/RS";"Oeste";"Colisão - Traseira";2;0;0;0;0;0;0;0;0;0;2;0;0;0;0
"02/01/2022";"10:05:00";"528";"Acidente s";"21";"BR-290/RS";"Oeste";"Colisão - Traseira";2;0;0;0;0;0;0;0;0;0;2;0;0;0;0
"02/01/2022";"11:57:00";"577";"Acidente s";"16";"BR-290/RS";"Oeste";"Colisão - Traseira";2;0;0;0;0;0;0;0;0;0;2;0;0;0;0
"03/01/2022";"12:26:00";"11";"Acidente c";"18";"BR-290/RS";"Oeste";"Colisão - Traseira";1;0;0;1;0;0;0;0;0;0;3;1;0;0;0
"03/01/2022";"12:52:00";"16";"Acidente s";"26";"BR-290/RS";"Oeste";"Saída de pista";1;0;0;0;0;0;0;0;0;0;2;0;0;0;0
"03/01/2022";"06:40:00";"96";"Acidente c";"73";"BR-290/RS";"Oeste";"Colisão - Lateral";1;0;0;1;0;0;0;0;0;0;2;2;0;0;0
"03/01/2022";"07:23:00";"115";"Acidente s";"71";"BR-290/RS";"Oeste";"Colisão - Traseira";2;0;0;0;0;0;0;0;0;0;6;0;0;0;0
"03/01/2022";"08:14:00";"140";"Acidente c";"19";"BR-290/RS";"Leste";"Engavetamento";3;0;0;0;0;0;0;0;0;0;1;3;0;0;0
"03/01/2022";"08:15:00";"141";"Acidente c";"68";"BR-290/RS";"Oeste";"Engavetamento";3;0;0;0;0;0;0;0;0;1;11;2;0;0;0
"03/01/2022";"09:33:00";"166";"Acidente c";"250";"BR-386/RS";"Norte";"Colisão - Traseira";2;0;0;0;0;0;0;0;0;0;6;1;0;0;0
"03/01/2022";"09:44:00";"174";"Acidente c";"440";"BR-386/RS";"Sul";"Queda de moto";0;0;0;1;0;0;0;0;0;0;1;1;0;0;0
"03/01/2022";"11:28:00";"215";"Acidente s";"32";"BR-101/RS";"Sul";"Colisão - Traseira";2;0;0;0;0;0;0;0;0;0;6;0;0;0;0
"03/01/2022";"11:28:00";"212";"Acidente s";"71";"BR-101/RS";"Sul";"Queda de ribanceira";4;0;0;0;0;0;0;0;0;0;13;0;0;0;0
"03/01/2022";"11:54:00";"220";"Acidente s";"417";"BR-386/RS";"Sul";"Colisão - Traseira";1;0;0;0;0;0;0;0;0;0;1;0;0;0;0
"03/01/2022";"12:07:00";"226";"Acidente s";"34";"BR-101/RS";"Sul";"Colisão - Traseira";2;0;0;0;0;0;0;0;0;0;5;0;0;0;0
"03/01/2022";"01:37:00";"266";"Acidente c";"266";"BR-386/RS";"Norte";"Queda de moto";0;0;0;1;0;0;0;0;0;0;1;0;1;0;0
"03/01/2022";"02:43:00";"292";"Acidente s";"59";"BR-290/RS";"Oeste";"Queda de ribanceira";1;0;0;0;0;0;0;0;0;0;1;0;0;0;0
"03/01/2022";"03:16:00";"307";"Acidente c";"7";"BR-101/RS";"Sul";"Queda de moto";1;0;0;1;0;0;0;0;0;0;1;1;0;0;0
"03/01/2022";"05:17:00";"360";"Acidente s";"83";"BR-101/RS";"Sul";"Colisão - Traseira";2;0;0;0;0;0;0;0;0;0;2;0;0;0;0
"03/01/2022";"07:58:00";"423";"Acidente s";"436";"BR-386/RS";"Norte";"Queda de moto";0;0;0;1;0;0;0;0;0;0;1;0;0;0;0
"03/01/2022";"08:59:00";"444";"Acidente s";"60";"BR-290/RS";"Oeste";"Colisão - Traseira";2;0;0;0;0;0;0;0;0;0;6;0;0;0;0
"04/01/2022";"05:55:00";"32";"Acidente s";"9";"BR-101/RS";"Norte";"Tombamento";0;0;0;0;0;0;0;0;0;2;2;0;0;0;0
"04/01/2022";"08:24:00";"74";"Acidente s";"334";"BR-386/RS";"Norte";"Colisão - Traseira";2;0;0;0;0;0;0;0;0;0;6;0;0;0;0
"04/01/2022";"09:05:00";"92";"Acidente s";"63";"BR-290/RS";"Oeste";"Saída de pista";1;0;0;0;0;0;0;0;0;0;2;0;0;0;0
"04/01/2022";"10:22:00";"115";"Acidente s";"263";"BR-386/RS";"Norte";"Colisão - Traseira";2;0;0;0;0;0;0;0;0;0;3;0;0;0;0
"04/01/2022";"12:34:00";"145";"Acidente s";"82";"BR-101/RS";"Norte";"Atropelamento de Animal";1;0;0;0;0;0;0;0;0;0;4;0;0;0;0
"04/01/2022";"01:02:00";"153";"Acidente s";"307";"BR-386/RS";"Sul";"Queda de ribanceira";1;0;0;0;0;0;0;0;0;0;1;0;0;0;0
"04/01/2022";"01:22:00";"159";"Acidente s";"432";"BR-386/RS";"Norte";"Colisão - Lateral";1;0;0;0;0;0;0;0;0;0;4;0;0;0;0
"04/01/2022";"01:35:00";"165";"Acidente s";"347";"BR-386/RS";"Sul";"Colisão - Lateral";2;0;0;0;0;0;0;0;0;0;8;0;0;0;0
"04/01/2022";"02:18:00";"178";"Acidente s";"86";"BR-290/RS";"Oeste";"Colisão - Lateral";2;0;0;0;0;0;0;0;0;0;5;0;0;0;0
"04/01/2022";"04:30:00";"216";"Acidente s";"426";"BR-386/RS";"Sul";"Colisão - Lateral";1;0;0;0;0;0;0;1;0;0;2;0;0;0;0
"05/01/2022";"09:28:00";"135";"Acidente c";"307";"BR-386/RS";"Norte";"Colisão - Transversal";2;0;0;0;0;0;0;0;0;0;2;1;0;0;0
"05/01/2022";"10:46:00";"160";"Acidente s";"19";"BR-290/RS";"Oeste";"Colisão - Traseira";2;0;0;0;0;0;0;0;0;0;2;0;0;0;0
"05/01/2022";"10:50:00";"162";"Acidente s";"14";"BR-290/RS";"Leste";"Queda de ribanceira";1;0;0;0;0;0;0;0;0;0;1;0;0;0;0
"05/01/2022";"10:53:00";"163";"Acidente s";"19";"BR-101/RS";"Sul";"Colisão - Traseira";2;0;0;0;0;0;0;0;0;0;3;0;0;0;0
"05/01/2022";"11:19:00";"167";"Acidente s";"440";"BR-386/RS";"Sul";"Saída de pista";1;0;0;0;0;1;0;0;0;0;2;0;0;0;0
"05/01/2022";"11:30:00";"172";"Acidente s";"15";"BR-290/RS";"Oeste";"Choque Defensa";1;0;0;0;0;0;0;0;0;0;3;0;0;0;0
"05/01/2022";"12:13:00";"176";"Acidente s";"410";"BR-386/RS";"Norte";"Queda de ribanceira";1;0;0;0;0;0;0;0;0;0;2;0;0;0;0
"05/01/2022";"12:37:00";"182";"Acidente c";"294";"BR-386/RS";"Sul";"Queda de ribanceira";1;0;0;0;0;0;0;0;0;0;0;3;0;0;0
"05/01/2022";"02:38:00";"210";"Acidente s";"40";"BR-290/RS";"Oeste";"Saída de pista";1;0;0;0;0;0;0;0;0;0;1;0;0;0;0
"05/01/2022";"02:43:00";"212";"Acidente s";"16";"BR-290/RS";"Oeste";"Queda de ribanceira";1;0;0;0;0;0;0;0;0;0;2;0;0;0;0
"05/01/2022";"03:17:00";"219";"Acidente s";"42";"BR-101/RS";"Norte";"Colisão - Traseira";2;0;0;0;0;0;0;0;0;0;3;0;0;0;0
"05/01/2022";"03:50:00";"227";"Acidente c";"50";"BR-290/RS";"Leste";"Queda de ribanceira";1;0;0;0;0;0;0;0;0;0;0;1;1;0;0
"05/01/2022";"04:59:00";"245";"Acidente s";"77";"BR-290/RS";"Leste";"Queda de moto";0;0;0;1;0;0;0;0;0;0;1;0;0;0;0
"05/01/2022";"05:02:00";"246";"Acidente s";"39";"BR-101/RS";"Sul";"Queda de ribanceira";1;0;0;0;0;0;0;0;0;0;3;0;0;0;0
"06/01/2022";"02:29:00";"9";"Acidente s";"11";"BR-290/RS";"Oeste";"Saída de pista";1;0;0;0;0;0;0;0;0;0;2;0;0;0;0
"06/01/2022";"03:08:00";"214";"Acidente s";"343";"BR-386/RS";"Norte";"Colisão - Traseira";1;0;1;0;0;0;0;0;0;0;2;0;0;0;0
"06/01/2022";"05:06:00";"253";"Acidente s";"60.18";"BR-290/RS";"Leste";"Colisão - Traseira";2;0;0;0;0;0;0;0;0;0;3;0;0;0;0
"06/01/2022";"05:19:00";"258";"Acidente c";"347";"BR-386/RS";"Sul";"Colisão - Traseira";2;0;0;0;0;0;0;0;0;0;1;1;0;0;0
"06/01/2022";"06:25:00";"275";"Acidente c";"92";"BR-290/RS";"Oeste";"Colisão - Transversal";2;0;0;0;0;0;0;0;0;0;4;1;0;0;0
"06/01/2022";"08:37:00";"298";"Acidente s";"64";"BR-290/RS";"Oeste";"Saída de pista";1;0;0;0;0;0;0;0;0;0;4;0;0;0;0
"06/01/2022";"11:20:00";"326";"Acidente c";"28";"BR-101/RS";"Sul";"Colisão - Traseira";0;0;1;0;0;0;0;1;0;0;1;1;0;1;0
"07/01/2022";"07:24:00";"67";"Acidente s";"426";"BR-386/RS";"Sul";"Colisão - Transversal";2;0;0;0;0;0;0;0;0;0;5;0;0;0;0
"07/01/2022";"07:39:00";"77";"Acidente c";"75";"BR-290/RS";"Oeste";"Queda de moto";0;0;0;1;0;0;0;0;0;0;0;1;0;0;0
"07/01/2022";"07:40:00";"76";"Acidente s";"426";"BR-386/RS";"Sul";"Colisão - Traseira";2;0;0;0;0;0;0;0;0;0;6;0;0;0;0
"07/01/2022";"11:02:00";"142";"Acidente s";"231";"BR-386/RS";"Sul";"Colisão - Traseira";1;0;0;0;0;0;0;0;0;1;2;0;0;0;0
"07/01/2022";"01:20:00";"170";"Acidente s";"351";"BR-386/RS";"Norte";"Colisão - Lateral";1;0;1;0;0;0;0;0;0;0;7;0;0;0;0
"07/01/2022";"02:09:00";"189";"Acidente s";"90";"BR-290/RS";"Leste";"Colisão - Traseira";1;0;0;0;0;0;0;1;0;0;2;0;0;0;0
"07/01/2022";"02:40:00";"199";"Acidente c";"76";"BR-101/RS";"Sul";"Queda de ribanceira";1;0;0;0;0;0;0;0;0;0;0;1;0;0;0
"07/01/2022";"03:25:00";"208";"Acidente s";"86";"BR-101/RS";"Norte";"Colisão - Traseira";2;0;0;0;0;0;0;0;0;0;2;0;0;0;0
"07/01/2022";"03:48:00";"214";"Acidente c";"238";"BR-386/RS";"Norte";"Capotamento";1;0;0;0;0;0;0;0;0;0;0;0;0;1;0
"07/01/2022";"04:58:00";"233";"Acidente c";"88";"BR-290/RS";"Leste";"Queda de moto";0;0;0;1;0;0;0;0;0;0;0;1;0;0;0
"07/01/2022";"08:25:00";"290";"Acidente s";"351";"BR-386/RS";"Norte";"Colisão - Traseira";2;0;0;0;0;0;0;0;0;0;2;0;0;0;0
"07/01/2022";"08:40:00";"298";"Acidente s";"432";"BR-386/RS";"Sul";"Saída de pista";1;0;0;0;0;0;0;0;0;0;1;0;0;0;0
"07/01/2022";"09:00:00";"303";"Acidente c";"53";"BR-290/RS";"Leste";"Queda de moto";0;0;0;1;0;0;0;0;0;0;0;2;0;0;0
"08/01/2022";"03:47:00";"14";"Acidente s";"345";"BR-386/RS";"Sul";"Saída de pista";1;0;0;0;0;0;0;0;0;0;1;0;0;0;0
"08/01/2022";"06:13:00";"26";"Acidente s";"36";"BR-290/RS";"Oeste";"Queda de ribanceira";0;0;0;0;0;0;0;0;0;1;1;0;0;0;0
"08/01/2022";"09:45:00";"88";"Acidente c";"235";"BR-386/RS";"Norte";"Colisão - Frontal";1;0;1;0;0;0;0;1;0;0;14;3;0;0;2
"08/01/2022";"12:24:00";"128";"Acidente s";"325";"BR-386/RS";"Sul";"Queda de ribanceira";1;0;0;0;0;0;0;0;0;0;1;0;0;0;0
"08/01/2022";"04:39:00";"183";"Acidente s";"19";"BR-101/RS";"Norte";"Choque - Sinalização";1;0;0;0;0;0;0;0;0;0;1;0;0;0;0
"09/01/2022";"02:45:00";"10";"Acidente s";"219";"BR-386/RS";"Sul";"Saída de pista";1;0;0;0;0;0;0;0;0;0;3;0;0;0;0
"09/01/2022";"03:06:00";"11";"Acidente c";"219";"BR-386/RS";"Sul";"Choque - Arvore";1;0;0;0;0;0;0;0;0;0;0;1;0;0;0
"09/01/2022";"04:17:00";"16";"Acidente s";"339";"BR-386/RS";"Norte";"Capotamento";1;0;0;0;0;0;0;0;0;0;1;0;0;0;0
"09/01/2022";"05:35:00";"24";"Acidente s";"431.37";"BR-386/RS";"Norte";"Saída de pista";0;0;0;0;0;0;0;0;0;1;2;0;0;0;0
"09/01/2022";"09:31:00";"71";"Acidente s";"41";"BR-290/RS";"Leste";"Queda de ribanceira";1;0;0;0;0;0;0;0;0;0;2;0;0;0;0
"09/01/2022";"03:42:00";"155";"Acidente c";"91";"BR-290/RS";"Oeste";"Colisão - Traseira";1;0;0;1;0;0;0;0;0;0;1;1;0;0;0
"09/01/2022";"05:07:00";"174";"Acidente s";"38";"BR-290/RS";"Oeste";"Colisão - Traseira";2;0;0;0;0;0;0;0;0;0;6;0;0;0;0
"09/01/2022";"09:08:00";"236";"Acidente s";"1";"BR-290/RS";"Oeste";"Colisão - Traseira";2;0;0;0;0;0;0;0;0;0;4;0;0;0;0
"09/01/2022";"09:56:00";"248";"Acidente s";"23";"BR-290/RS";"Oeste";"Colisão - Traseira";2;0;0;0;0;0;0;0;0;0;8;0;0;0;0
"10/01/2022";"02:08:00";"16";"Acidente s";"11";"BR-290/RS";"Oeste";"Saída de pista";1;0;0;0;0;0;0;0;0;0;2;0;0;0;0
"10/01/2022";"07:38:00";"61";"Acidente s";"40";"BR-290/RS";"Leste";"Queda de ribanceira";1;0;0;0;0;0;0;0;0;0;1;0;0;0;0
"10/01/2022";"08:44:00";"88";"Acidente s";"392";"BR-386/RS";"Norte";"Colisão - Lateral";1;0;0;0;0;0;0;0;0;1;7;0;0;0;0
"10/01/2022";"10:54:00";"149";"Acidente s";"432";"BR-386/RS";"Norte";"Engavetamento";1;0;1;0;0;0;0;0;0;1;4;0;0;0;0
"10/01/2022";"04:33:00";"266";"Acidente s";"95.16";"BR-290/RS";"Leste";"Colisão - Lateral";1;0;0;0;0;0;0;1;0;0;2;0;0;0;0
"10/01/2022";"06:01:00";"289";"Acidente s";"26";"BR-290/RS";"Oeste";"Saída de pista";1;0;0;0;0;0;0;0;0;0;1;0;0;0;0
"11/01/2022";"12:27:00";"4";"Acidente c";"368";"BR-386/RS";"Norte";"Colisão - Frontal";2;0;0;0;0;0;0;0;0;0;0;4;0;1;0
"11/01/2022";"08:02:00";"62";"Acidente s";"395";"BR-386/RS";"Sul";"Colisão - Transversal";2;0;0;0;0;0;0;0;0;0;2;0;0;0;0
"11/01/2022";"01:30:00";"163";"Acidente c";"52";"BR-290/RS";"Oeste";"Capotamento";1;0;0;0;0;0;0;0;0;0;0;2;1;1;0
"12/01/2022";"09:10:00";"103";"Acidente s";"415";"BR-386/RS";"Ambos";"Engavetamento";3;0;0;0;0;0;0;0;0;0;3;0;0;0;0
"12/01/2022";"09:18:00";"109";"Acidente s";"97";"BR-290/RS";"Leste";"Colisão - Lateral";1;0;0;0;0;1;0;0;0;0;2;0;0;0;0
"12/01/2022";"11:35:00";"149";"Acidente s";"278";"BR-386/RS";"Ambos";"Engavetamento";3;0;0;0;0;0;0;0;0;0;8;0;0;0;0
"12/01/2022";"01:07:00";"170";"Acidente s";"17";"BR-290/RS";"Oeste";"Queda de ribanceira";1;0;0;0;0;0;0;0;0;0;1;0;0;0;0
"12/01/2022";"01:11:00";"172";"Acidente s";"341";"BR-386/RS";"Norte";"Colisão - Traseira";1;0;1;0;0;0;0;0;0;0;2;0;0;0;0
"13/01/2022";"06:51:00";"40";"Atropelame";"59";"BR-101/RS";"Sul";"Atropelamento - Usuário";1;0;0;0;0;0;0;1;0;0;1;0;0;1;0
"13/01/2022";"02:16:00";"181";"Acidente s";"47";"BR-101/RS";"Sul";"Queda de ribanceira";1;0;0;0;0;0;0;0;0;0;1;0;0;0;0
"13/01/2022";"04:05:00";"218";"Acidente s";"88";"BR-290/RS";"Leste";"Colisão - Lateral";1;0;0;0;0;2;0;0;0;0;3;0;0;0;0
"13/01/2022";"04:52:00";"238";"Acidente s";"22";"BR-448/RS";"Norte";"Colisão - Traseira";1;0;1;0;0;0;0;0;0;0;3;0;0;0;0
"14/01/2022";"12:11:00";"3";"Acidente s";"349";"BR-386/RS";"Norte";"Choque Barreira";0;0;1;0;0;0;0;0;0;0;1;0;0;0;0
"14/01/2022";"06:42:00";"43";"Acidente s";"2";"BR-448/RS";"Norte";"Capotamento";1;0;0;0;0;0;0;0;0;0;1;0;0;0;0
"14/01/2022";"08:33:00";"98";"Acidente s";"343";"BR-386/RS";"Norte";"Engavetamento";3;0;0;0;0;0;0;0;0;0;5;0;0;0;0
"14/01/2022";"09:14:00";"119";"Acidente s";"19";"BR-290/RS";"Leste";"Colisão - Lateral";2;0;0;0;0;0;0;0;0;0;4;0;0;0;0
"14/01/2022";"10:45:00";"149";"Acidente s";"44";"BR-290/RS";"Oeste";"Colisão - Lateral";2;0;0;0;0;0;0;0;0;0;5;0;0;0;0
"14/01/2022";"10:48:00";"150";"Acidente c";"225";"BR-386/RS";"Sul";"Colisão - Traseira";2;0;0;0;0;0;0;0;0;0;0;1;1;0;0
"14/01/2022";"10:54:00";"154";"Acidente s";"26";"BR-290/RS";"Leste";"Colisão - Traseira";1;0;1;0;0;0;0;0;0;0;2;0;0;0;0
"14/01/2022";"11:15:00";"159";"Acidente s";"41";"BR-101/RS";"Sul";"Colisão - Traseira";2;0;0;0;0;0;0;0;0;0;2;0;0;0;0
"14/01/2022";"12:18:00";"183";"Acidente c";"52";"BR-290/RS";"Leste";"Colisão - Traseira";1;0;0;1;0;0;0;0;0;0;1;1;0;0;0
"14/01/2022";"01:24:00";"203";"Acidente s";"60";"BR-290/RS";"Oeste";"Engavetamento";1;0;2;0;0;0;0;0;0;0;3;0;0;0;0
"14/01/2022";"02:34:00";"226";"Acidente c";"439";"BR-386/RS";"Sul";"Colisão - Traseira";0;0;0;1;0;0;0;1;0;0;1;1;0;0;0
"14/01/2022";"06:37:00";"315";"Acidente s";"413";"BR-386/RS";"Norte";"Saída de pista";0;0;0;0;0;0;0;1;0;0;1;0;0;0;0
"14/01/2022";"06:45:00";"317";"Acidente c";"347";"BR-386/RS";"Sul";"Capotamento";1;0;0;0;0;0;0;0;0;0;0;0;1;0;0
"14/01/2022";"06:59:00";"322";"Acidente c";"425";"BR-386/RS";"Sul";"Saída de pista";1;0;0;0;0;0;0;0;0;0;0;1;0;0;0
"14/01/2022";"08:18:00";"346";"Acidente s";"397";"BR-386/RS";"Norte";"Choque Talude";1;0;0;0;0;0;0;0;0;0;2;0;0;0;0
"15/01/2022";"02:16:00";"11";"Acidente s";"361";"BR-386/RS";"Sul";"Queda de ribanceira";1;0;0;0;0;0;0;0;0;0;4;0;0;0;0
"15/01/2022";"02:47:00";"14";"Acidente s";"4";"BR-101/RS";"Norte";"Saída de pista";1;0;0;0;0;0;0;0;0;0;2;0;0;0;0
"15/01/2022";"07:56:00";"75";"Acidente s";"274";"BR-386/RS";"Norte";"Saída de pista";1;0;0;0;0;0;0;0;0;0;3;0;0;0;0
"15/01/2022";"08:07:00";"79";"Acidente c";"413";"BR-386/RS";"Sul";"Colisão - Frontal";1;0;0;1;0;0;0;0;0;0;2;1;1;0;0
"15/01/2022";"09:39:00";"107";"Acidente s";"285";"BR-386/RS";"Sul";"Colisão - Traseira";2;0;0;0;0;0;0;0;0;0;3;0;0;0;0
"15/01/2022";"01:08:00";"153";"Acidente s";"420";"BR-386/RS";"Norte";"Queda de ribanceira";1;0;0;0;0;0;0;0;0;0;1;0;0;0;0
"15/01/2022";"03:32:00";"206";"Acidente s";"35";"BR-101/RS";"Norte";"Choque Praça - Submarino";0;0;0;0;0;1;0;0;0;0;1;0;0;0;0
"15/01/2022";"05:23:00";"248";"Acidente s";"97";"BR-290/RS";"Oeste";"Choque Defensa";0;0;0;1;0;0;0;0;0;0;1;0;0;0;0
"15/01/2022";"06:59:00";"274";"Acidente s";"91";"BR-290/RS";"Leste";"Colisão - Traseira";2;0;0;0;0;0;0;0;0;0;3;0;0;0;0
"15/01/2022";"08:13:00";"286";"Acidente s";"407";"BR-386/RS";"Sul";"Queda de ribanceira";1;0;0;0;0;0;0;0;0;0;4;0;0;0;0
"15/01/2022";"08:58:00";"299";"Acidente s";"19";"BR-290/RS";"Leste";"Colisão - Traseira";1;0;0;0;0;0;0;0;0;1;5;0;0;0;0
"15/01/2022";"09:03:00";"302";"Acidente c";"359";"BR-386/RS";"Ambos";"Saída de pista";1;0;0;0;0;0;0;0;0;0;0;0;1;0;0
"16/01/2022";"12:44:00";"5";"Acidente s";"40";"BR-290/RS";"Leste";"Saída de pista";1;0;0;0;0;0;0;0;0;0;1;0;0;0;0
"16/01/2022";"04:12:00";"16";"Acidente c";"0";"BR-448/RS";"Norte";"Queda de Ponte/Viaduto";1;0;0;0;0;0;0;0;0;0;0;0;2;0;0
"16/01/2022";"01:04:00";"149";"Acidente s";"320";"BR-386/RS";"Norte";"Colisão - Lateral";2;0;0;0;0;0;0;0;0;0;2;0;0;0;0
"16/01/2022";"04:33:00";"240";"Acidente c";"3";"BR-290/RS";"Oeste";"Engavetamento";9;0;0;0;0;0;0;0;0;0;16;1;1;2;0
"16/01/2022";"05:15:00";"253";"Acidente s";"5";"BR-290/RS";"Oeste";"Colisão - Traseira";2;0;0;0;0;0;0;0;0;0;2;0;0;0;0
"16/01/2022";"05:54:00";"267";"Acidente c";"3";"BR-290/RS";"Leste";"Queda de moto";1;0;0;1;0;0;0;0;0;0;1;0;1;0;0
"16/01/2022";"06:31:00";"277";"Acidente s";"86";"BR-101/RS";"Sul";"Choque - Sinalização";2;0;0;0;0;0;0;0;0;0;4;0;0;0;0
"16/01/2022";"06:33:00";"278";"Acidente c";"22";"BR-448/RS";"Norte";"Choque Barreira";1;0;0;0;0;0;0;0;0;0;4;1;0;0;0
"16/01/2022";"06:39:00";"280";"Acidente c";"320";"BR-386/RS";"Sul";"Saída de pista";1;0;0;0;0;0;0;0;0;0;0;1;0;0;0
"16/01/2022";"06:58:00";"288";"Acidente s";"11";"BR-290/RS";"Leste";"Saída de pista";1;0;0;0;0;0;0;0;0;0;1;0;0;0;0
"16/01/2022";"08:47:00";"319";"Acidente s";"416";"BR-386/RS";"Sul";"Saída de pista";1;0;0;0;0;0;0;0;0;0;3;0;0;0;0
"16/01/2022";"09:02:00";"327";"Acidente s";"95";"BR-290/RS";"Oeste";"Colisão - Traseira";2;0;0;0;0;0;0;0;0;0;2;0;0;0;0
"16/01/2022";"09:04:00";"330";"Acidente s";"439";"BR-386/RS";"Sul";"Capotamento";1;0;0;0;0;0;0;0;0;0;1;0;0;0;0