data;horario;n_da_ocorrencia;tipo_de_ocorrencia;km;trecho;sentido;tipo_de_acidente;automovel;bicicleta;caminhao;moto;onibus;outros;tracao_animal;transporte_de_cargas_especiais;trator_maquinas;utilitarios;ilesos;levemente_feridos;moderadamente_feridos;gravemente_feridos;mortos
"24/04/2022";"05:49:00";"27";"Acidente s";"80";"BR-290/RS";"Leste";"Choque - Poste";1;0;0;0;0;0;0;0;0;0;1;0;0;0;0
"24/04/2022";"07:50:00";"46";"Acidente c";"247";"BR-386/RS";"Norte";"Colisão - Transversal";2;0;0;0;0;0;0;0;0;0;3;0;2;0;0
"24/04/2022";"09:31:00";"58";"Acidente s";"305";"BR-386/RS";"Sul";"Capotamento";1;0;0;0;0;0;0;0;0;0;2;0;0;0;0
"24/04/2022";"12:43:00";"98";"Acidente s";"296";"BR-386/RS";"Norte";"Colisão - Lateral";1;0;0;1;0;0;0;0;0;0;3;0;0;0;0
"24/04/2022";"04:27:00";"134";"Acidente c";"358";"BR-386/RS";"Sul";"Saída de pista";1;0;0;0;0;0;0;0;0;0;0;0;1;0;0
"24/04/2022";"07:54:00";"178";"Acidente c";"306";"BR-386/RS";"Sul";"Saída de pista";1;0;0;0;0;0;0;0;0;0;1;1;0;0;0
"24/04/2022";"09:46:00";"191";"Acidente s";"440";"BR-386/RS";"Norte";"Saída de pista";1;0;0;0;0;0;0;0;0;0;2;0;0;0;0
"25/04/2022";"04:57:00";"14";"Acidente s";"446";"BR-386/RS";"Sul";"Choque Barreira";1;0;0;0;0;0;0;0;0;0;1;0;0;0;0
"25/04/2022";"09:59:00";"110";"Acidente s";"435";"BR-386/RS";"Norte";"Colisão - Transversal";2;0;0;0;0;0;0;0;0;0;5;0;0;0;0
"25/04/2022";"02:29:00";"183";"Acidente c";"41";"BR-290/RS";"Oeste";"Saída de pista";1;0;0;0;0;0;0;0;0;0;0;0;1;0;0
"25/04/2022";"03:45:00";"199";"Acidente c";"19";"BR-101/RS";"Sul";"Colisão - Traseira";2;0;0;0;0;0;0;0;0;0;1;1;0;0;0
"25/04/2022";"07:54:00";"247";"Acidente s";"71";"BR-290/RS";"Oeste";"Queda de moto";0;0;0;1;0;0;0;0;0;0;1;0;0;0;0
"25/04/2022";"10:39:00";"277";"Acidente s";"16";"BR-290/RS";"Leste";"Colisão - Traseira";1;0;1;0;0;0;0;0;0;0;3;0;0;0;0
"25/04/2022";"10:50:00";"281";"Acidente s";"361";"BR-386/RS";"Norte";"Saída de pista";1;0;0;0;0;0;0;0;0;0;2;0;0;0;0
"26/04/2022";"04:17:00";"16";"Acidente s";"304";"BR-386/RS";"Norte";"Saída de pista";0;0;1;0;0;0;0;0;0;0;2;0;0;0;0
"26/04/2022";"08:45:00";"63";"Acidente s";"22";"BR-448/RS";"Sul";"Choque Barreira";1;0;0;0;0;0;0;0;0;0;1;0;0;0;0
"26/04/2022";"01:45:00";"123";"Acidente s";"350";"BR-386/RS";"Norte";"Queda de ribanceira";1;0;0;0;0;0;0;0;0;0;1;0;0;0;0
"26/04/2022";"05:33:00";"156";"Acidente s";"304";"BR-386/RS";"Sul";"Saída de pista";0;0;0;0;0;0;0;1;0;0;1;0;0;0;0
"26/04/2022";"08:19:00";"182";"Acidente c";"86";"BR-290/RS";"Oeste";"Colisão - Traseira";1;0;0;1;0;0;0;0;0;0;1;0;1;0;0
"26/04/2022";"09:03:00";"187";"Acidente s";"267";"BR-386/RS";"Sul";"Colisão - Lateral";2;0;0;0;0;0;0;0;0;0;9;0;0;0;0
"26/04/2022";"09:46:00";"196";"Acidente s";"373";"BR-386/RS";"Sul";"Queda de ribanceira";1;0;0;0;0;0;0;0;0;0;1;0;0;0;0
"27/04/2022";"06:16:00";"19";"Acidente s";"88";"BR-290/RS";"Oeste";"Queda de moto";0;0;0;1;0;0;0;0;0;0;2;0;0;0;0
"27/04/2022";"11:45:00";"277";"Acidente s";"35";"BR-290/RS";"Oeste";"Colisão - Lateral";0;0;0;0;0;0;0;1;0;1;2;0;0;0;0
"28/04/2022";"12:28:00";"3";"Acidente c";"228";"BR-386/RS";"Sul";"Saída de pista";1;0;0;0;0;0;0;0;0;0;0;0;1;0;0
"28/04/2022";"04:24:00";"12";"Acidente s";"70";"BR-290/RS";"Oeste";"Saída de pista";1;0;0;0;0;0;0;0;0;0;1;0;0;0;0
"28/04/2022";"06:40:00";"18";"Acidente s";"42";"BR-290/RS";"Leste";"Queda de ribanceira";1;0;0;0;0;0;0;0;0;0;1;0;0;0;0
"28/04/2022";"07:14:00";"34";"Acidente s";"15";"BR-448/RS";"Norte";"Colisão - Lateral";2;0;0;0;0;0;0;0;0;0;2;0;0;0;0
"28/04/2022";"07:50:00";"49";"Acidente s";"290";"BR-386/RS";"Norte";"Colisão - Lateral";1;0;0;0;0;0;0;1;0;0;2;0;0;0;0
"28/04/2022";"11:21:00";"111";"Acidente s";"348";"BR-386/RS";"Sul";"Queda de ribanceira";1;0;0;0;0;0;0;0;0;0;1;0;0;0;0
"28/04/2022";"11:32:00";"112";"Acidente s";"341";"BR-386/RS";"Norte";"Colisão - Traseira";0;0;0;0;0;0;0;2;0;0;2;0;0;0;0
"28/04/2022";"11:55:00";"115";"Acidente s";"324";"BR-386/RS";"Sul";"Queda de ribanceira";1;0;0;0;0;0;0;0;0;0;3;0;0;0;0
"28/04/2022";"12:16:00";"120";"Acidente s";"75.06";"BR-290/RS";"Oeste";"Queda de ribanceira";1;0;0;0;0;0;0;0;0;0;1;0;0;0;0
"28/04/2022";"12:19:00";"121";"Acidente s";"333";"BR-386/RS";"Sul";"Colisão - Traseira";1;0;0;0;0;1;0;0;0;0;2;0;0;0;0
"28/04/2022";"12:48:00";"126";"Acidente s";"91";"BR-290/RS";"Leste";"Colisão - Lateral";0;0;0;0;0;0;0;1;0;1;2;0;0;0;0
"28/04/2022";"04:48:00";"159";"Acidente s";"420";"BR-386/RS";"Sul";"Capotamento";1;0;0;0;0;1;0;0;0;0;2;0;0;0;0
"28/04/2022";"09:24:00";"215";"Acidente s";"307";"BR-386/RS";"Sul";"Saída de pista";0;0;1;0;0;0;0;0;0;0;1;0;0;0;0
"29/04/2022";"11:00:00";"115";"Acidente s";"22";"BR-448/RS";"Norte";"Queda de moto";0;0;0;1;0;0;0;0;0;0;1;0;0;0;0
"29/04/2022";"02:05:00";"153";"Acidente s";"91";"BR-290/RS";"Leste";"Colisão - Lateral";2;0;0;0;0;0;0;0;0;0;5;0;0;0;0
"29/04/2022";"05:34:00";"197";"Acidente s";"88";"BR-290/RS";"Leste";"Choque Defensa";1;0;0;0;0;0;0;0;0;0;1;0;0;0;0
"29/04/2022";"05:44:00";"201";"Acidente c";"355";"BR-386/RS";"Norte";"Colisão - Lateral";0;0;1;1;0;0;0;0;0;0;1;0;1;0;0
"29/04/2022";"06:33:00";"208";"Acidente s";"14";"BR-448/RS";"Norte";"Capotamento";1;0;0;0;0;0;0;0;0;0;1;0;0;0;0
"29/04/2022";"06:58:00";"219";"Acidente c";"34";"BR-101/RS";"Norte";"Queda de moto";0;0;0;1;0;0;0;0;0;0;0;0;1;0;0
"29/04/2022";"07:45:00";"253";"Acidente s";"88";"BR-290/RS";"Leste";"Choque com veículo no acostamento";1;0;0;0;0;1;0;0;0;0;2;0;0;0;0
"29/04/2022";"07:55:00";"235";"Acidente c";"22";"BR-290/RS";"Oeste";"Choque com veículo na faixa de rolamento";0;0;1;0;0;0;0;0;0;1;1;0;2;0;0
"29/04/2022";"09:18:00";"248";"Acidente s";"22";"BR-290/RS";"Oeste";"Choque com objeto sobre a pista";1;0;0;0;0;0;0;0;0;0;4;0;0;0;0
"29/04/2022";"10:02:00";"258";"Acidente s";"426";"BR-386/RS";"Norte";"Choque com objeto sobre a pista";1;0;0;0;0;0;0;0;0;0;3;0;0;0;0
"30/04/2022";"04:38:00";"13";"Acidente s";"445";"BR-386/RS";"Sul";"Choque com objeto sobre a pista";1;0;0;0;0;0;0;0;0;0;1;0;0;0;0
"30/04/2022";"09:28:00";"68";"Acidente s";"427";"BR-386/RS";"Norte";"Colisão - Traseira";2;0;0;0;0;0;0;0;0;0;3;0;0;0;0
"30/04/2022";"11:33:00";"95";"Acidente s";"325";"BR-386/RS";"Sul";"Colisão - Traseira";2;0;0;0;0;0;0;0;0;0;4;0;0;0;0
"30/04/2022";"01:14:00";"116";"Acidente s";"9";"BR-448/RS";"Sul";"Colisão - Lateral";1;0;1;0;0;0;0;0;0;0;4;0;0;0;0
"30/04/2022";"02:33:00";"138";"Acidente s";"239";"BR-386/RS";"Sul";"Colisão - Traseira";2;0;0;0;0;0;0;0;0;0;7;0;0;0;0
"30/04/2022";"03:13:00";"145";"Acidente s";"358";"BR-386/RS";"Sul";"Colisão - Traseira";2;0;0;0;0;0;0;0;0;0;7;0;0;0;0
"30/04/2022";"04:32:00";"166";"Acidente c";"392";"BR-386/RS";"Sul";"Queda de moto";1;0;0;1;0;0;0;0;0;0;0;0;1;0;0
"30/04/2022";"07:14:00";"192";"Acidente s";"426";"BR-386/RS";"Norte";"Colisão - Traseira";2;0;0;0;0;0;0;0;0;0;4;0;0;0;0
"30/04/2022";"07:48:00";"201";"Acidente c";"363";"BR-386/RS";"Norte";"Colisão - Transversal";2;0;0;0;0;0;0;0;0;0;0;2;1;0;0
"30/04/2022";"08:19:00";"207";"Acidente s";"443.55";"BR-386/RS";"Norte";"Atropelamento de Animal";1;0;0;0;0;0;0;0;0;0;2;0;0;0;0
"30/04/2022";"09:45:00";"224";"Acidente s";"368";"BR-386/RS";"Norte";"Capotamento";1;0;0;0;0;0;0;0;0;0;1;0;0;0;0
"30/04/2022";"10:08:00";"229";"Acidente s";"435.13";"BR-386/RS";"Norte";"Saída de pista";1;0;0;0;0;0;0;0;0;0;4;0;0;0;0
"01/05/2022";"12:08:00";"1";"Acidente c";"431";"BR-386/RS";"Norte";"Engavetamento";3;0;0;0;0;0;0;0;0;1;7;2;0;0;0
"01/05/2022";"09:25:00";"41";"Acidente s";"22";"BR-448/RS";"Sul";"Choque Barreira";1;0;0;0;0;0;0;0;0;0;1;0;0;0;0
"01/05/2022";"11:27:00";"55";"Acidente s";"14";"BR-448/RS";"Sul";"Colisão - Lateral";2;0;0;0;0;0;0;0;0;0;5;0;0;0;0
"01/05/2022";"11:54:00";"59";"Acidente s";"372";"BR-386/RS";"Sul";"Choque Defensa";1;0;0;0;0;0;0;0;0;0;2;0;0;0;0
"01/05/2022";"04:01:00";"91";"Acidente s";"49";"BR-101/RS";"Norte";"Choque Defensa";1;0;0;0;0;0;0;0;0;0;1;0;0;0;0
"01/05/2022";"04:59:00";"108";"Acidente s";"23";"BR-290/RS";"Leste";"Saída de pista";0;0;0;0;0;0;0;0;0;1;3;0;0;0;0
"02/05/2022";"06:04:00";"12";"Acidente s";"306";"BR-386/RS";"Norte";"Tombamento";0;0;1;0;0;0;0;0;0;0;1;0;0;0;0
"02/05/2022";"06:18:00";"13";"Acidente s";"354";"BR-386/RS";"Sul";"Queda de ribanceira";1;0;0;0;0;0;0;0;0;0;1;0;0;0;0
"02/05/2022";"07:44:00";"21";"Acidente s";"20";"BR-448/RS";"Sul";"Saída de pista";1;0;0;0;0;0;0;0;0;0;1;0;0;0;0
"02/05/2022";"08:05:00";"26";"Acidente s";"446";"BR-386/RS";"Sul";"Saída de pista";1;0;0;0;0;0;0;0;0;0;1;0;0;0;0
"02/05/2022";"09:21:00";"48";"Acidente s";"45";"BR-290/RS";"Leste";"Colisão - Traseira";2;0;0;0;0;0;0;0;0;0;4;0;0;0;0
"02/05/2022";"10:14:00";"60";"Acidente s";"65";"BR-290/RS";"Oeste";"Tombamento";0;0;1;0;0;0;0;0;0;0;1;0;0;0;0
"02/05/2022";"01:49:00";"100";"Acidente s";"21";"BR-448/RS";"Norte";"Outros";0;0;1;0;0;0;0;0;0;0;1;0;0;0;0
"02/05/2022";"05:06:00";"128";"Acidente s";"60";"BR-290/RS";"Leste";"Outros";1;0;0;0;0;0;0;0;0;0;1;0;0;0;0
"02/05/2022";"10:29:00";"172";"Acidente s";"29";"BR-290/RS";"Oeste";"Saída de pista";1;0;0;0;0;0;0;0;0;0;5;0;0;0;0
"03/05/2022";"12:07:00";"2";"Acidente s";"372";"BR-386/RS";"Norte";"Saída de pista";1;0;0;0;0;0;0;0;0;0;2;0;0;0;0
"03/05/2022";"09:39:00";"67";"Atropelame";"48";"BR-290/RS";"Oeste";"Atropelamento - Usuário";1;0;0;0;0;0;0;0;0;0;1;1;0;0;0
"03/05/2022";"12:48:00";"135";"Acidente s";"432";"BR-386/RS";"Norte";"Colisão - Traseira";2;0;0;0;0;0;0;0;0;0;4;0;0;0;0
"03/05/2022";"01:41:00";"147";"Acidente c";"7.25";"BR-101/RS";"Norte";"Saída de pista";1;0;0;0;0;0;0;0;0;0;0;1;0;0;0
"03/05/2022";"06:05:00";"199";"Acidente s";"343";"BR-386/RS";"Norte";"Colisão - Traseira";1;0;0;0;0;0;0;0;0;0;2;0;0;0;0
"03/05/2022";"09:54:00";"243";"Acidente s";"236";"BR-386/RS";"Norte";"Tombamento";0;0;0;0;0;0;0;0;0;1;1;0;0;0;0
"04/05/2022";"02:58:00";"14";"Acidente s";"303";"BR-386/RS";"Norte";"Saída de pista";0;0;1;0;0;0;0;0;0;0;2;0;0;0;0
"04/05/2022";"06:52:00";"32";"Acidente s";"297";"BR-386/RS";"Norte";"Saída de pista";1;0;0;0;0;0;0;0;0;0;2;0;0;0;0
"04/05/2022";"09:47:00";"104";"Acidente s";"14";"BR-290/RS";"Leste";"Colisão - Traseira";1;0;0;0;0;0;0;0;0;1;2;0;0;0;0
"04/05/2022";"10:36:00";"120";"Acidente s";"232";"BR-386/RS";"Norte";"Queda de ribanceira";1;0;0;0;0;0;0;0;0;0;1;0;0;0;0
"04/05/2022";"11:38:00";"139";"Acidente c";"35";"BR-101/RS";"Norte";"Choque Praça - Submarino";1;0;0;0;0;0;0;0;0;0;0;0;1;0;0
"04/05/2022";"02:30:00";"169";"Acidente s";"88";"BR-290/RS";"Oeste";"Choque Barreira";1;0;0;0;0;0;0;0;0;0;1;0;0;0;0
"04/05/2022";"03:13:00";"177";"Acidente s";"407";"BR-386/RS";"Sul";"Saída de pista";1;0;0;0;0;0;0;0;0;0;3;0;0;0;0
"04/05/2022";"08:43:00";"235";"Acidente c";"342";"BR-386/RS";"Norte";"Colisão - Lateral";1;0;0;1;0;0;0;0;0;0;1;0;1;0;0
"05/05/2022";"07:31:00";"39";"Acidente s";"228";"BR-386/RS";"Norte";"Colisão - Lateral";0;0;0;0;0;1;0;2;0;0;4;0;0;0;0
"05/05/2022";"08:57:00";"77";"Acidente s";"15";"BR-448/RS";"Norte";"Queda de moto";0;0;0;1;0;0;0;0;0;0;2;0;0;0;0
"05/05/2022";"12:42:00";"149";"Acidente s";"89";"BR-290/RS";"Leste";"Colisão - Traseira";2;0;0;0;0;0;0;0;0;0;2;0;0;0;0
"05/05/2022";"03:16:00";"196";"Acidente s";"6";"BR-290/RS";"Leste";"Tombamento";0;0;0;0;0;0;0;1;0;0;1;0;0;0;0
"05/05/2022";"03:17:00";"197";"Acidente s";"53";"BR-290/RS";"Oeste";"Colisão - Lateral";1;0;0;0;0;0;0;1;0;0;2;0;0;0;0
"05/05/2022";"04:04:00";"211";"Acidente s";"42";"BR-101/RS";"Norte";"Colisão - Traseira";1;0;1;0;0;0;0;0;0;0;2;0;0;0;0
"05/05/2022";"05:04:00";"227";"Acidente c";"432";"BR-386/RS";"Norte";"Colisão - Traseira";0;0;0;1;0;0;0;0;0;1;1;0;0;0;0
"05/05/2022";"08:50:00";"289";"Acidente c";"419";"BR-386/RS";"Norte";"Colisão - Transversal";1;0;0;1;0;0;0;0;0;0;4;0;0;0;1
"05/05/2022";"10:05:00";"298";"Acidente c";"54";"BR-290/RS";"Oeste";"Colisão - Traseira";1;0;1;0;0;0;0;0;0;0;1;1;0;0;0
"06/05/2022";"07:03:00";"37";"Acidente s";"374";"BR-386/RS";"Norte";"Tombamento";0;0;0;0;0;0;0;1;0;0;2;0;0;0;0
"06/05/2022";"08:14:00";"59";"Acidente c";"95";"BR-290/RS";"Oeste";"Colisão - Traseira";1;0;0;1;0;0;0;0;0;0;1;0;1;0;0
"06/05/2022";"08:26:00";"69";"Acidente s";"10";"BR-448/RS";"Sul";"Colisão - Traseira";2;0;0;0;0;0;0;0;0;0;1;0;0;0;0
"06/05/2022";"01:24:00";"169";"Acidente s";"86";"BR-101/RS";"Norte";"Colisão - Traseira";1;0;0;0;0;0;0;0;0;1;3;0;0;0;0
"06/05/2022";"05:20:00";"225";"Acidente s";"60";"BR-290/RS";"Oeste";"Choque - Meio Fio";1;0;0;0;0;0;0;0;0;0;1;0;0;0;0
"06/05/2022";"06:37:00";"248";"Acidente c";"23";"BR-101/RS";"Norte";"Engavetamento";3;0;0;0;0;0;0;0;0;0;3;1;0;0;0
"06/05/2022";"07:51:00";"260";"Acidente s";"401";"BR-386/RS";"Sul";"Saída de pista";0;0;0;0;0;0;0;1;0;0;1;0;0;0;0
"06/05/2022";"09:40:00";"280";"Acidente c";"86";"BR-290/RS";"Leste";"Queda de moto";0;0;0;1;0;0;0;0;0;0;1;0;0;1;0
"07/05/2022";"12:15:00";"5";"Acidente c";"373";"BR-386/RS";"Norte";"Choque - Poste";1;0;0;0;0;0;0;0;0;0;1;0;1;0;0
"07/05/2022";"04:42:00";"24";"Acidente s";"365";"BR-386/RS";"Sul";"Saída de pista";1;0;0;0;0;0;0;0;0;0;3;0;0;0;0
"07/05/2022";"05:01:00";"177";"Acidente c";"435";"BR-386/RS";"Norte";"Queda de moto";0;0;0;1;0;0;0;0;0;0;0;0;1;0;0
"08/05/2022";"08:12:00";"48";"Acidente s";"92";"BR-290/RS";"Leste";"Queda de ribanceira";1;0;0;0;0;0;0;0;0;0;2;0;0;0;0
"08/05/2022";"08:20:00";"49";"Acidente c";"95";"BR-290/RS";"Leste";"Colisão - Traseira";1;0;0;1;0;0;0;0;0;0;3;1;0;1;0
"08/05/2022";"02:51:00";"107";"Acidente s";"84";"BR-101/RS";"Sul";"Colisão - Lateral";1;0;0;0;0;1;0;0;0;0;2;0;0;0;0
"08/05/2022";"04:02:00";"114";"Acidente s";"86";"BR-101/RS";"Sul";"Saída de pista";1;0;0;0;0;0;0;0;0;0;3;0;0;0;0
"08/05/2022";"04:17:00";"116";"Acidente s";"393";"BR-386/RS";"Norte";"Colisão - Traseira";2;0;0;0;0;0;0;0;0;0;3;0;0;0;0
"08/05/2022";"04:29:00";"120";"Acidente s";"93";"BR-290/RS";"Oeste";"Colisão - Traseira";1;0;0;1;0;0;0;0;0;0;4;0;0;0;0
"08/05/2022";"06:51:00";"168";"Acidente s";"439";"BR-386/RS";"Sul";"Engavetamento";3;0;0;0;0;0;0;0;0;0;4;0;0;0;0
"08/05/2022";"08:34:00";"195";"Atropelame";"273";"BR-386/RS";"Norte";"Atropelamento - Andarilho";1;0;0;0;0;0;0;0;0;0;2;0;0;1;0
"08/05/2022";"09:20:00";"205";"Acidente c";"283";"BR-386/RS";"Sul";"Colisão - Frontal";2;0;0;0;0;0;0;0;0;0;0;1;1;2;0
"08/05/2022";"11:43:00";"218";"Acidente c";"270";"BR-386/RS";"Sul";"Queda de moto";0;0;0;1;0;0;0;0;0;0;0;1;0;0;0
"09/05/2022";"02:22:00";"11";"Acidente s";"358";"BR-386/RS";"Sul";"Saída de pista";1;0;0;0;0;0;0;0;0;0;1;0;0;0;0
"09/05/2022";"03:46:00";"17";"Acidente s";"75";"BR-290/RS";"Leste";"Saída de pista";1;0;0;0;0;0;0;0;0;0;2;0;0;0;0
"09/05/2022";"03:59:00";"20";"Acidente s";"46";"BR-290/RS";"Oeste";"Choque Defensa";0;0;1;0;0;0;0;0;0;0;1;0;0;0;0
"09/05/2022";"07:58:00";"61";"Acidente c";"362";"BR-386/RS";"Sul";"Colisão - Traseira";0;0;1;1;0;0;0;0;0;0;1;0;1;0;0
"09/05/2022";"08:28:00";"76";"Acidente s";"95";"BR-290/RS";"Oeste";"Engavetamento";3;0;0;0;0;0;0;0;0;0;3;0;0;0;0
"09/05/2022";"09:07:00";"99";"Acidente s";"77";"BR-290/RS";"Oeste";"Choque Barreira";1;0;0;0;0;0;0;0;0;0;1;0;0;0;0
"09/05/2022";"09:59:00";"112";"Acidente s";"282";"BR-386/RS";"Ambos";"Colisão - Lateral";2;0;0;0;0;0;0;0;0;0;2;0;0;0;0
"09/05/2022";"07:38:00";"237";"Acidente s";"235";"BR-386/RS";"Sul";"Queda de ribanceira";1;0;0;0;0;0;0;0;0;0;2;0;0;0;0
"09/05/2022";"08:28:00";"246";"Acidente s";"438";"BR-386/RS";"Sul";"Saída de pista";0;0;1;0;0;0;0;0;0;0;1;0;0;0;0
"10/05/2022";"06:23:00";"23";"Acidente c";"396";"BR-386/RS";"Sul";"Choque Defensa";0;0;0;1;0;0;0;0;0;0;0;0;0;0;1
"10/05/2022";"06:28:00";"24";"Acidente s";"61";"BR-290/RS";"Oeste";"Tombamento";0;0;0;0;0;0;0;0;0;1;1;0;0;0;0
"10/05/2022";"11:44:00";"119";"Acidente s";"60";"BR-290/RS";"Leste";"Choque Praça - Cancela";0;0;0;0;0;0;0;0;0;1;1;0;0;0;0
"10/05/2022";"02:59:00";"149";"Acidente c";"43";"BR-101/RS";"Norte";"Colisão - Traseira";1;0;1;0;0;0;0;0;0;0;3;1;0;0;0
"10/05/2022";"04:26:00";"164";"Acidente c";"7";"BR-290/RS";"Oeste";"Saída de pista";1;0;0;0;0;0;0;0;0;0;1;0;1;0;0
"10/05/2022";"06:37:00";"183";"Acidente s";"427";"BR-386/RS";"Sul";"Tombamento";0;0;1;0;0;0;0;0;0;0;1;0;0;0;0
"10/05/2022";"11:38:00";"228";"Acidente s";"356";"BR-386/RS";"Norte";"Saída de pista";1;0;0;0;0;0;0;0;0;0;1;0;0;0;0
"11/05/2022";"12:44:00";"3";"Acidente s";"333";"BR-386/RS";"Norte";"Colisão - Traseira";2;0;0;0;0;0;0;0;0;0;6;0;0;0;0
"11/05/2022";"06:13:00";"23";"Acidente s";"57";"BR-290/RS";"Oeste";"Queda de ribanceira";0;0;1;0;0;0;0;0;0;0;1;0;0;0;0
"11/05/2022";"01:46:00";"152";"Acidente s";"345";"BR-386/RS";"Norte";"Colisão - Transversal";1;0;1;0;0;0;0;0;0;0;2;0;0;0;0
"11/05/2022";"04:22:00";"188";"Acidente s";"388";"BR-386/RS";"Sul";"Colisão - Transversal";2;0;0;0;0;0;0;0;0;0;2;0;0;0;0
"11/05/2022";"07:59:00";"226";"Acidente s";"399";"BR-386/RS";"Sul";"Saída de pista";1;0;0;0;0;0;0;0;0;0;3;0;0;0;0
"11/05/2022";"08:55:00";"234";"Acidente s";"428";"BR-386/RS";"Sul";"Atropelamento de Animal";0;0;1;0;0;0;0;0;0;0;1;0;0;0;0
"12/05/2022";"02:29:00";"18";"Acidente s";"73";"BR-290/RS";"Leste";"Saída de pista";1;0;0;0;0;0;0;0;0;0;2;0;0;0;0
"12/05/2022";"09:16:00";"98";"Acidente s";"349";"BR-386/RS";"Norte";"Colisão - Lateral";2;0;0;0;0;0;0;0;0;0;2;0;0;0;0
"12/05/2022";"10:25:00";"121";"Acidente s";"4";"BR-101/RS";"Sul";"Capotamento";1;0;0;0;0;0;0;0;0;0;2;0;0;0;0
"12/05/2022";"03:36:00";"208";"Acidente s";"372";"BR-386/RS";"Sul";"Capotamento";1;0;0;0;0;0;0;0;0;0;1;0;0;0;0
"12/05/2022";"04:22:00";"217";"Acidente s";"333";"BR-386/RS";"Sul";"Engavetamento";3;0;0;0;0;0;0;0;0;0;4;0;0;0;0
"12/05/2022";"06:24:00";"252";"Atropelame";"350";"BR-386/RS";"Sul";"Atropelamento - Usuário";1;0;0;0;0;0;0;0;0;0;1;1;0;0;0
"12/05/2022";"06:42:00";"260";"Acidente s";"344";"BR-386/RS";"Sul";"Colisão - Traseira";2;0;0;0;0;0;0;0;0;0;2;0;0;0;0
"13/05/2022";"04:06:00";"12";"Acidente c";"345";"BR-386/RS";"Sul";"Saída de pista";1;0;0;0;0;0;0;0;0;0;0;0;1;0;0
"13/05/2022";"06:35:00";"23";"Acidente s";"371";"BR-386/RS";"Sul";"Queda de ribanceira";1;0;0;0;0;0;0;0;0;0;1;0;0;0;0
"13/05/2022";"11:21:00";"135";"Acidente s";"378";"BR-386/RS";"Norte";"Choque Defensa";1;0;0;0;0;0;0;0;0;0;1;0;0;0;0
"13/05/2022";"11:41:00";"139";"Acidente s";"78";"BR-290/RS";"Leste";"Queda de ribanceira";1;0;0;0;0;0;0;0;0;0;1;0;0;0;0
"13/05/2022";"12:18:00";"145";"Acidente s";"87";"BR-290/RS";"Leste";"Colisão - Lateral";1;0;0;0;0;0;0;0;0;1;2;0;0;0;0
"13/05/2022";"12:29:00";"148";"Acidente s";"237.05";"BR-386/RS";"Norte";"Queda de ribanceira";1;0;0;0;0;0;0;0;0;0;1;0;0;0;0
"13/05/2022";"03:49:00";"186";"Acidente s";"375";"BR-386/RS";"Sul";"Outros";0;0;1;0;0;0;0;0;0;0;1;0;0;0;0
"13/05/2022";"05:26:00";"204";"Acidente s";"345";"BR-386/RS";"Norte";"Colisão - Traseira";1;0;0;0;0;0;0;1;0;0;3;0;0;0;0
"13/05/2022";"05:38:00";"207";"Acidente s";"345";"BR-386/RS";"Norte";"Colisão - Traseira";1;0;1;0;0;0;0;0;0;0;4;0;0;0;0
"13/05/2022";"06:07:00";"214";"Acidente s";"64";"BR-290/RS";"Oeste";"Colisão - Lateral";1;0;1;0;0;0;0;0;0;0;3;0;0;0;0
"13/05/2022";"06:20:00";"217";"Acidente s";"17";"BR-290/RS";"Oeste";"Colisão - Lateral";1;0;0;0;0;1;0;0;0;0;2;0;0;0;0
"13/05/2022";"07:32:00";"235";"Acidente s";"338";"BR-386/RS";"Sul";"Saída de pista";1;0;0;0;0;0;0;0;0;0;1;0;0;0;0
"13/05/2022";"10:23:00";"257";"Acidente s";"83";"BR-290/RS";"Oeste";"Colisão - Traseira";2;0;0;0;0;0;0;0;0;0;2;0;0;0;0
"14/05/2022";"12:33:00";"2";"Acidente s";"91";"BR-290/RS";"Leste";"Outros";1;0;0;0;0;0;0;0;0;0;3;0;0;0;0
"14/05/2022";"04:26:00";"13";"Acidente s";"363";"BR-386/RS";"Sul";"Saída de pista";1;0;0;0;0;0;0;0;0;0;2;0;0;0;0
"14/05/2022";"12:09:00";"119";"Acidente s";"397";"BR-386/RS";"Sul";"Queda de ribanceira";1;0;0;0;0;0;0;0;0;0;1;0;0;0;0
"14/05/2022";"09:03:00";"180";"Acidente s";"441";"BR-386/RS";"Sul";"Saída de pista";1;0;0;0;0;0;0;0;0;0;2;0;0;0;0
"15/05/2022";"04:44:00";"13";"Acidente s";"86";"BR-290/RS";"Leste";"Queda de ribanceira";1;0;0;0;0;0;0;0;0;0;1;0;0;0;0
"15/05/2022";"05:20:00";"15";"Acidente s";"88";"BR-290/RS";"Leste";"Queda de ribanceira";1;0;0;0;0;0;0;0;0;0;1;0;0;0;0
"15/05/2022";"06:05:00";"23";"Acidente s";"86";"BR-290/RS";"Oeste";"Colisão - Lateral";2;0;0;0;0;0;0;0;0;0;2;0;0;0;0
"15/05/2022";"06:33:00";"24";"Acidente c";"14";"BR-290/RS";"Oeste";"Choque Defensa";0;0;1;0;0;0;0;0;0;0;0;1;0;0;0
"15/05/2022";"07:16:00";"31";"Acidente s";"76";"BR-290/RS";"Oeste";"Queda de ribanceira";1;0;0;0;0;0;0;0;0;0;1;0;0;0;0
"15/05/2022";"08:01:00";"37";"Acidente s";"370";"BR-386/RS";"Norte";"Queda de ribanceira";1;0;0;0;0;0;0;0;0;0;2;0;0;0;0