data;horario;n_da_ocorrencia;tipo_de_ocorrencia;km;trecho;sentido;tipo_de_acidente;automovel;bicicleta;caminhao;moto;onibus;outros;tracao_animal;transporte_de_cargas_especiais;trator_maquinas;utilitarios;ilesos;levemente_feridos;moderadamente_feridos;gravemente_feridos;mortos
"03/08/2022";"06:35:00";"211";"Acidente s";"36";"BR-290/RS";"Leste";"Queda de ribanceira";1;0;0;0;0;0;0;0;0;0;1;0;0;0;0
"04/08/2022";"04:19:00";"18";"Acidente c";"74";"BR-290/RS";"Leste";"Queda de ribanceira";1;0;0;0;0;0;0;0;0;0;1;0;0;0;0
"04/08/2022";"10:16:00";"76";"Acidente s";"372";"BR-386/RS";"Sul";"Capotamento";1;0;0;0;0;0;0;0;0;0;2;0;0;0;0
"04/08/2022";"12:11:00";"101";"Acidente c";"331";"BR-386/RS";"Sul";"Queda de moto";0;0;0;0;0;0;0;0;1;0;3;0;0;0;0
"04/08/2022";"12:21:00";"104";"Acidente s";"221";"BR-386/RS";"Sul";"Colisão - Transversal";2;0;0;0;0;0;0;0;0;0;4;0;0;0;0
"04/08/2022";"01:58:00";"134";"Acidente s";"87";"BR-290/RS";"Leste";"Colisão - Traseira";2;0;0;0;0;0;0;0;0;0;1;0;0;0;0
"04/08/2022";"04:08:00";"168";"Acidente c";"309";"BR-386/RS";"Sul";"Queda de ribanceira";1;0;0;0;0;0;0;0;0;0;6;0;0;0;0
"04/08/2022";"05:43:00";"191";"Acidente c";"359";"BR-386/RS";"Sul";"Saída de pista";1;0;0;0;0;0;0;0;0;0;1;0;0;0;0
"04/08/2022";"06:11:00";"199";"Acidente s";"56";"BR-101/RS";"Norte";"Queda de ribanceira";0;1;0;0;0;0;0;0;0;0;2;0;1;0;0
"04/08/2022";"06:47:00";"212";"Acidente s";"90";"BR-290/RS";"Leste";"Colisão - Traseira";1;0;0;0;0;0;0;0;1;0;3;0;0;0;0
"04/08/2022";"06:57:00";"217";"Acidente s";"21";"BR-448/RS";"Norte";"Colisão - Traseira";1;0;0;0;0;0;0;0;0;1;1;0;0;0;0
"04/08/2022";"10:35:00";"253";"Acidente s";"10";"BR-448/RS";"Norte";"Choque Defensa";1;0;0;0;0;0;0;0;0;0;2;0;0;0;1
"05/08/2022";"03:52:00";"12";"Acidente s";"412";"BR-386/RS";"Sul";"Choque com objeto sobre a pista";3;0;0;0;0;0;0;0;0;0;1;0;0;0;0
"05/08/2022";"07:02:00";"23";"Acidente s";"75";"BR-290/RS";"Leste";"Choque Defensa";1;0;0;0;0;0;0;0;0;0;6;0;0;0;0
"05/08/2022";"07:18:00";"30";"Acidente s";"244";"BR-386/RS";"Sul";"Atropelamento de Animal";1;0;0;0;0;0;0;0;0;0;3;1;0;0;0
"05/08/2022";"03:52:00";"168";"Acidente s";"426";"BR-386/RS";"Norte";"Colisão - Lateral";1;1;0;0;0;0;0;0;0;0;1;0;0;0;0
"05/08/2022";"06:46:00";"202";"Acidente s";"89";"BR-290/RS";"Leste";"Colisão - Lateral";2;0;0;0;0;0;0;0;0;0;1;0;0;0;0
"05/08/2022";"06:52:00";"204";"Acidente s";"17";"BR-448/RS";"Norte";"Capotamento";2;0;0;0;0;0;0;0;0;0;1;1;0;0;0
"05/08/2022";"07:26:00";"212";"Acidente s";"91";"BR-290/RS";"Oeste";"Colisão - Lateral";1;0;1;0;0;0;0;0;0;0;4;0;0;0;0
"06/08/2022";"05:12:00";"26";"Acidente s";"84";"BR-101/RS";"Sul";"Atropelamento de Animal";0;0;0;0;0;1;0;0;0;0;5;0;0;0;0
"06/08/2022";"12:59:00";"103";"Acidente c";"351";"BR-386/RS";"Norte";"Saída de pista";1;0;0;0;0;0;0;0;0;0;3;0;0;0;0
"06/08/2022";"01:16:00";"105";"Acidente s";"426";"BR-386/RS";"Norte";"Colisão - Traseira";2;0;0;0;0;0;0;0;0;0;4;0;0;0;0
"06/08/2022";"05:42:00";"147";"Acidente s";"329";"BR-386/RS";"Norte";"Colisão - Lateral";2;1;0;0;0;0;0;0;0;0;5;0;0;0;0
"06/08/2022";"08:39:00";"169";"Acidente c";"16.38";"BR-448/RS";"Norte";"Queda de moto";0;0;0;0;0;0;0;0;1;0;1;0;0;0;0
"06/08/2022";"09:19:00";"170";"Acidente c";"339";"BR-386/RS";"Norte";"Choque Barreira";1;0;0;0;0;0;0;0;0;0;0;1;0;0;0
"06/08/2022";"10:54:00";"184";"Acidente s";"49";"BR-101/RS";"Norte";"Queda de moto";0;0;0;0;0;0;0;0;1;0;3;0;0;0;0
"06/08/2022";"11:59:00";"188";"Acidente s";"420";"BR-386/RS";"Sul";"Saída de pista";0;0;1;0;0;0;0;0;0;0;2;0;0;0;0
"07/08/2022";"03:42:00";"14";"Acidente s";"356";"BR-386/RS";"Sul";"Saída de pista";1;0;0;0;0;0;0;0;0;0;1;0;0;0;0
"07/08/2022";"07:04:00";"24";"Acidente c";"371";"BR-386/RS";"Norte";"Saída de pista";0;0;0;0;0;0;0;0;1;0;1;0;0;0;0
"07/08/2022";"10:53:00";"55";"Acidente s";"69";"BR-290/RS";"Oeste";"Capotamento";1;0;0;0;0;0;0;0;0;0;2;0;0;0;0
"07/08/2022";"06:46:00";"129";"Acidente s";"7";"BR-101/RS";"Sul";"Colisão - Traseira";2;0;0;0;0;0;0;0;0;0;2;0;0;0;0
"07/08/2022";"08:40:00";"149";"Acidente s";"410";"BR-386/RS";"Norte";"Saída de pista";1;0;0;0;0;0;0;0;0;0;1;0;0;0;0
"07/08/2022";"09:17:00";"156";"Acidente s";"89";"BR-290/RS";"Leste";"Saída de pista";1;0;0;0;0;0;0;0;0;0;1;0;0;0;0
"07/08/2022";"09:21:00";"159";"Acidente s";"445";"BR-386/RS";"Sul";"Saída de pista";1;0;0;0;0;0;0;0;0;0;3;0;0;0;0
"07/08/2022";"09:58:00";"164";"Acidente s";"398";"BR-386/RS";"Norte";"Saída de pista";1;0;0;0;0;0;0;0;0;0;0;0;0;0;1
"07/08/2022";"10:24:00";"165";"Acidente s";"57";"BR-101/RS";"Norte";"Saída de pista";1;0;0;0;0;0;0;0;0;0;1;0;0;0;0
"07/08/2022";"10:51:00";"167";"Acidente s";"243";"BR-386/RS";"Sul";"Saída de pista";1;0;0;0;0;0;0;0;0;0;1;0;0;0;0
"07/08/2022";"10:53:00";"168";"Acidente s";"36";"BR-101/RS";"Sul";"Saída de pista";1;0;0;0;0;0;0;0;0;0;1;0;0;0;0
"08/08/2022";"12:55:00";"5";"Acidente s";"5";"BR-290/RS";"Oeste";"Saída de pista";1;0;0;0;0;0;0;0;0;0;1;0;0;0;0
"08/08/2022";"01:05:00";"6";"Acidente s";"247";"BR-386/RS";"Sul";"Queda de ribanceira";1;0;0;0;0;0;0;0;0;0;2;0;0;0;0
"08/08/2022";"04:50:00";"15";"Acidente s";"2";"BR-290/RS";"Leste";"Saída de pista";0;0;0;0;0;0;0;1;0;0;1;0;0;0;0
"08/08/2022";"06:36:00";"26";"Acidente s";"43";"BR-290/RS";"Oeste";"Choque Defensa";1;0;0;0;0;0;0;0;0;0;2;0;0;0;0
"08/08/2022";"07:12:00";"32";"Acidente s";"21";"BR-448/RS";"Norte";"Choque Barreira";1;0;0;0;0;0;0;0;0;0;4;0;0;0;0
"08/08/2022";"12:40:00";"103";"Acidente s";"19";"BR-290/RS";"Leste";"Colisão - Lateral";2;0;0;0;0;0;0;0;0;0;3;0;0;0;0
"08/08/2022";"05:19:00";"154";"Acidente s";"435";"BR-386/RS";"Sul";"Colisão - Traseira";1;0;0;0;1;0;0;0;0;0;2;1;0;0;0
"08/08/2022";"05:33:00";"158";"Acidente s";"290";"BR-386/RS";"Norte";"Saída de pista";1;0;0;0;0;0;0;0;0;0;1;0;0;0;0
"08/08/2022";"06:04:00";"164";"Acidente s";"92";"BR-290/RS";"Oeste";"Colisão - Transversal";3;0;0;0;0;0;0;0;0;0;1;0;0;0;0
"08/08/2022";"07:46:00";"182";"Acidente s";"300";"BR-386/RS";"Sul";"Colisão - Lateral";1;0;1;0;0;0;0;0;0;0;2;0;0;0;0
"09/08/2022";"02:50:00";"8";"Acidente s";"72";"BR-101/RS";"Sul";"Atropelamento de Animal";1;0;0;0;0;0;0;0;0;0;1;0;0;0;0
"09/08/2022";"03:38:00";"10";"Acidente s";"414";"BR-386/RS";"Sul";"Saída de pista";1;0;0;0;0;0;0;0;0;0;1;0;0;0;0
"09/08/2022";"04:53:00";"13";"Acidente c";"14";"BR-101/RS";"Norte";"Tombamento";0;1;0;0;0;0;0;1;0;0;2;0;0;0;0
"09/08/2022";"05:36:00";"17";"Acidente s";"41";"BR-290/RS";"Oeste";"Queda de ribanceira";0;1;0;0;0;0;0;0;0;0;2;1;0;0;0
"09/08/2022";"07:03:00";"20";"Acidente s";"411";"BR-386/RS";"Sul";"Queda de ribanceira";2;0;0;0;0;0;0;0;0;0;0;0;3;0;0
"09/08/2022";"07:38:00";"25";"Acidente s";"408";"BR-386/RS";"Sul";"Choque com veículo no acostamento";2;0;0;0;0;0;0;0;0;0;2;0;0;0;0
"09/08/2022";"08:04:00";"33";"Acidente s";"6";"BR-290/RS";"Leste";"Queda de ribanceira";1;0;0;0;0;0;0;0;0;0;1;0;0;0;0
"09/08/2022";"08:28:00";"39";"Acidente s";"59";"BR-290/RS";"Leste";"Queda de ribanceira";1;0;0;0;0;0;0;0;0;0;4;0;0;0;0
"09/08/2022";"02:12:00";"103";"Acidente s";"93";"BR-290/RS";"Leste";"Colisão - Traseira";2;0;0;0;0;0;0;0;0;0;1;0;1;0;0
"09/08/2022";"03:41:00";"118";"Acidente s";"21";"BR-448/RS";"Norte";"Colisão - Traseira";1;1;0;0;0;0;0;0;0;0;0;1;0;0;0
"09/08/2022";"03:56:00";"122";"Acidente s";"92";"BR-290/RS";"Oeste";"Choque Barreira";1;0;0;0;0;0;0;0;0;0;3;0;0;0;0
"09/08/2022";"04:13:00";"123";"Acidente c";"295";"BR-386/RS";"Sul";"Queda de moto";0;0;0;0;0;0;0;0;1;0;5;0;0;0;0
"09/08/2022";"06:17:00";"146";"Acidente s";"340";"BR-386/RS";"Ambos";"Engavetamento";4;0;0;0;0;0;0;1;0;0;1;0;0;0;0
"10/08/2022";"02:31:00";"7";"Acidente s";"94";"BR-290/RS";"Oeste";"Saída de pista";1;0;0;0;0;0;0;0;0;0;1;0;0;0;0
"10/08/2022";"06:38:00";"18";"Acidente s";"194";"BR-386/RS";"Norte";"Saída de pista";1;0;0;0;0;0;0;0;0;0;1;0;0;0;0
"10/08/2022";"09:24:00";"71";"Acidente s";"75";"BR-290/RS";"Oeste";"Tombamento";0;0;0;0;0;0;0;0;0;1;1;0;0;0;0
"10/08/2022";"01:35:00";"152";"Acidente c";"82";"BR-290/RS";"Oeste";"Colisão - Lateral";2;0;0;0;0;0;0;0;0;0;2;0;0;0;0
"10/08/2022";"03:23:00";"179";"Acidente s";"274";"BR-386/RS";"Sul";"Saída de pista";1;0;0;0;0;0;0;0;0;0;0;1;0;0;0
"10/08/2022";"05:11:00";"201";"Acidente s";"325";"BR-386/RS";"Sul";"Colisão - Traseira";1;1;0;0;0;0;0;0;0;0;2;0;0;0;0
"10/08/2022";"06:23:00";"218";"Acidente c";"216";"BR-386/RS";"Sul";"Choque com veículo no acostamento";1;0;0;0;0;0;0;2;0;0;1;0;0;0;0
"11/08/2022";"03:30:00";"11";"Acidente s";"397";"BR-386/RS";"Sul";"Choque Defensa";1;0;0;0;0;0;0;0;0;0;2;0;0;0;0
"11/08/2022";"07:37:00";"42";"Acidente s";"22";"BR-448/RS";"Norte";"Saída de pista";1;0;0;0;0;0;0;0;0;0;2;0;0;0;0
"11/08/2022";"08:37:00";"68";"Acidente s";"440";"BR-386/RS";"Sul";"Queda de ribanceira";1;0;0;0;0;0;0;0;0;0;2;0;0;0;0
"11/08/2022";"08:58:00";"82";"Acidente s";"5";"BR-290/RS";"Oeste";"Colisão - Traseira";1;0;0;0;0;1;0;0;0;0;1;0;0;0;0
"11/08/2022";"04:22:00";"192";"Acidente s";"419";"BR-386/RS";"Norte";"Saída de pista";1;0;0;0;0;0;0;0;0;0;1;0;0;0;0
"11/08/2022";"09:15:00";"234";"Acidente s";"206";"BR-386/RS";"Sul";"Saída de pista";0;0;0;0;1;0;0;0;0;0;2;0;0;0;0
"11/08/2022";"10:34:00";"244";"Acidente s";"430";"BR-386/RS";"Norte";"Saída de pista";0;1;0;0;0;0;0;0;0;0;1;0;0;0;0
"12/08/2022";"05:51:00";"22";"Acidente s";"435";"BR-386/RS";"Norte";"Choque - Meio Fio";1;0;0;0;0;0;0;0;0;0;3;0;0;0;0
"12/08/2022";"06:10:00";"23";"Acidente c";"362";"BR-386/RS";"Norte";"Colisão - Lateral";1;0;0;0;0;0;0;0;0;1;2;0;1;0;0
"12/08/2022";"08:27:00";"79";"Acidente s";"24";"BR-290/RS";"Leste";"Choque Defensa";1;0;0;0;0;0;0;0;0;0;4;0;0;0;0
"12/08/2022";"02:29:00";"182";"Acidente s";"392";"BR-386/RS";"Norte";"Colisão - Transversal";0;0;0;0;1;0;0;1;0;0;0;0;2;1;0
"12/08/2022";"05:23:00";"220";"Acidente s";"87";"BR-290/RS";"Leste";"Colisão - Lateral";1;0;0;0;0;0;0;0;1;0;1;0;0;0;0
"12/08/2022";"06:16:00";"233";"Acidente s";"304";"BR-386/RS";"Norte";"Colisão - Lateral";0;1;0;0;0;1;0;0;0;0;0;0;1;0;0
"12/08/2022";"08:50:00";"269";"Acidente s";"68";"BR-290/RS";"Leste";"Queda de ribanceira";1;0;0;0;0;0;0;0;0;0;3;0;0;0;0
"12/08/2022";"09:10:00";"277";"Acidente s";"192";"BR-386/RS";"Ambos";"Atropelamento de Animal";1;1;0;0;1;0;0;0;0;0;6;0;0;0;0
"12/08/2022";"09:13:00";"278";"Acidente s";"439";"BR-386/RS";"Sul";"Colisão - Traseira";1;0;1;0;0;0;0;0;0;0;3;0;0;0;0
"13/08/2022";"02:36:00";"18";"Acidente s";"404";"BR-386/RS";"Sul";"Saída de pista";1;0;0;0;0;0;0;0;0;0;2;0;0;0;0
"13/08/2022";"08:32:00";"62";"Acidente s";"248";"BR-386/RS";"Norte";"Tombamento";1;0;0;0;0;0;0;0;0;0;1;0;0;0;0
"13/08/2022";"10:16:00";"82";"Acidente s";"439";"BR-386/RS";"Norte";"Colisão - Traseira";0;0;0;0;1;0;0;1;0;0;2;0;0;0;0
"13/08/2022";"01:08:00";"118";"Acidente c";"30";"BR-290/RS";"Leste";"Capotamento";1;0;0;0;0;0;0;0;0;0;5;0;0;0;0
"13/08/2022";"01:53:00";"127";"Acidente s";"91";"BR-290/RS";"Leste";"Engavetamento";2;0;0;0;0;0;0;0;0;1;1;1;0;0;0
"13/08/2022";"02:30:00";"135";"Acidente c";"60";"BR-290/RS";"Oeste";"Engavetamento";3;0;0;0;0;0;0;0;0;0;1;0;0;0;0
"13/08/2022";"08:29:00";"206";"Acidente s";"24.4";"BR-290/RS";"Leste";"Atropelamento de Animal";1;0;0;0;0;0;0;0;0;0;1;0;0;0;0
"14/08/2022";"03:27:00";"13";"Acidente c";"346";"BR-386/RS";"Sul";"Saída de pista";1;0;0;0;0;0;0;0;0;0;1;0;0;0;0
"14/08/2022";"05:47:00";"23";"Acidente s";"45";"BR-290/RS";"Leste";"Queda de ribanceira";1;0;0;0;0;0;0;0;0;0;2;0;0;0;0
"14/08/2022";"05:32:00";"142";"Acidente c";"435";"BR-386/RS";"Ambos";"Colisão - Lateral";1;0;0;0;0;0;0;0;1;0;1;0;0;0;0
"15/08/2022";"05:04:00";"13";"Acidente s";"24";"BR-290/RS";"Oeste";"Queda de ribanceira";0;0;0;0;1;0;0;0;0;0;2;0;0;0;0
"15/08/2022";"08:21:00";"50";"Acidente s";"426";"BR-386/RS";"Sul";"Colisão - Traseira";2;0;0;0;0;0;0;0;0;0;1;0;1;0;0
"15/08/2022";"09:51:00";"91";"Acidente c";"91";"BR-290/RS";"Oeste";"Colisão - Traseira";1;0;0;0;0;0;0;0;1;0;2;1;0;0;0
"15/08/2022";"10:44:00";"107";"Acidente s";"405";"BR-386/RS";"Norte";"Queda de ribanceira";1;0;0;0;0;0;0;0;0;0;0;1;0;0;0
"15/08/2022";"12:06:00";"128";"Acidente c";"215";"BR-386/RS";"Norte";"Colisão - Transversal";2;0;0;0;0;0;0;0;0;0;1;0;0;0;0
"15/08/2022";"01:30:00";"147";"Acidente s";"32";"BR-101/RS";"Norte";"Colisão - Transversal";2;0;0;0;0;0;0;0;0;0;1;0;0;0;0
"15/08/2022";"02:50:00";"168";"Acidente s";"51";"BR-290/RS";"Oeste";"Saída de pista";1;0;0;0;0;0;0;0;0;0;2;0;0;0;0
"15/08/2022";"05:10:00";"200";"Acidente c";"417";"BR-386/RS";"Norte";"Colisão - Frontal";1;0;1;0;0;0;0;0;0;0;2;0;0;0;0
"15/08/2022";"05:20:00";"202";"Acidente s";"333";"BR-386/RS";"Sul";"Colisão - Traseira";1;0;0;0;0;0;0;0;1;0;3;0;0;0;0
"15/08/2022";"06:02:00";"206";"Acidente s";"76";"BR-290/RS";"Oeste";"Choque Defensa";1;0;0;0;0;0;0;0;0;0;2;0;0;0;1
"15/08/2022";"07:19:00";"221";"Acidente c";"13";"BR-448/RS";"Sul";"Tombamento";0;0;0;0;0;0;0;1;0;0;3;0;0;0;0
"15/08/2022";"08:18:00";"239";"Acidente c";"316";"BR-386/RS";"Norte";"Queda de moto";0;0;0;0;0;0;0;0;1;0;1;2;0;0;0
"15/08/2022";"09:44:00";"256";"Acidente s";"398";"BR-386/RS";"Norte";"Saída de pista";1;0;0;0;0;0;0;0;0;0;1;0;0;0;0
"15/08/2022";"11:19:00";"265";"Acidente s";"58";"BR-290/RS";"Oeste";"Saída de pista";0;1;0;0;0;0;0;0;0;0;1;0;0;0;0
"15/08/2022";"11:27:00";"267";"Acidente s";"77";"BR-290/RS";"Oeste";"Saída de pista";1;0;0;0;0;0;0;0;0;0;2;1;0;0;0
"16/08/2022";"02:30:00";"154";"Acidente s";"35";"BR-101/RS";"Norte";"Colisão - Traseira";1;0;0;0;0;1;0;0;0;0;3;0;0;0;0
"16/08/2022";"04:17:00";"168";"Acidente s";"91";"BR-290/RS";"Leste";"Colisão - Lateral";2;0;0;0;0;0;0;0;0;0;3;0;0;0;0
"16/08/2022";"06:20:00";"187";"Acidente s";"422";"BR-386/RS";"Norte";"Colisão - Transversal";1;0;0;0;0;0;0;1;0;0;17;0;0;0;0
"16/08/2022";"06:36:00";"190";"Acidente s";"375";"BR-386/RS";"Sul";"Saída de pista";1;0;0;0;0;0;0;0;0;0;1;0;0;0;0
"16/08/2022";"07:16:00";"199";"Acidente s";"349";"BR-386/RS";"Norte";"Saída de pista";1;0;0;0;0;0;0;0;0;0;3;0;0;0;0
"17/08/2022";"03:04:00";"4";"Acidente s";"42";"BR-290/RS";"Leste";"Atropelamento de Animal";0;0;0;0;0;0;0;0;0;0;1;0;0;0;0
"17/08/2022";"07:53:00";"45";"Acidente s";"428";"BR-386/RS";"Sul";"Tombamento";0;0;0;0;0;0;0;1;0;0;3;0;0;0;0
"17/08/2022";"09:05:00";"64";"Acidente c";"94";"BR-290/RS";"Leste";"Colisão - Traseira";1;0;0;0;0;0;0;0;1;0;4;1;0;0;0
"17/08/2022";"11:31:00";"114";"Acidente c";"19";"BR-290/RS";"Leste";"Colisão - Lateral";1;0;1;0;0;0;0;0;0;0;1;0;0;0;0
"17/08/2022";"12:05:00";"122";"Acidente c";"387";"BR-386/RS";"Sul";"Colisão - Traseira";0;0;1;0;0;0;0;0;1;0;2;0;0;0;0
"17/08/2022";"06:28:00";"205";"Acidente s";"88";"BR-290/RS";"Leste";"Colisão - Traseira";2;0;0;0;0;0;0;0;0;0;1;0;0;0;0
"18/08/2022";"02:46:00";"7";"Acidente s";"397";"BR-386/RS";"Norte";"Saída de pista";0;0;1;0;0;0;0;0;0;0;2;0;0;0;0
"18/08/2022";"04:15:00";"9";"Acidente s";"10";"BR-290/RS";"Oeste";"Tombamento";0;1;0;0;0;0;0;0;0;0;2;0;0;0;1
"18/08/2022";"06:41:00";"18";"Acidente s";"353";"BR-386/RS";"Norte";"Saída de pista";1;0;0;0;0;0;0;0;0;0;4;0;0;0;0
"18/08/2022";"06:51:00";"20";"Atropelame";"93";"BR-290/RS";"Leste";"Atropelamento - Usuário";1;0;0;0;0;0;0;0;0;0;1;0;0;0;0
"18/08/2022";"06:52:00";"21";"Acidente s";"277";"BR-386/RS";"Sul";"Colisão - Lateral";2;0;0;0;0;0;0;0;0;0;1;1;2;0;0
"18/08/2022";"07:00:00";"22";"Acidente s";"38";"BR-101/RS";"Norte";"Choque Barreira";1;0;0;0;0;0;0;0;0;0;2;0;0;0;0
"18/08/2022";"07:22:00";"25";"Acidente c";"49";"BR-290/RS";"Leste";"Capotamento";1;0;0;0;0;0;0;0;0;0;6;0;0;0;0
"18/08/2022";"08:06:00";"33";"Acidente s";"356";"BR-386/RS";"Sul";"Saída de pista";1;0;0;0;0;0;0;0;0;0;2;0;0;0;0
"18/08/2022";"08:44:00";"41";"Acidente c";"65";"BR-290/RS";"Oeste";"Colisão - Frontal";2;0;0;0;0;0;0;0;0;0;2;0;0;0;0
"18/08/2022";"12:49:00";"81";"Atropelame";"49";"BR-101/RS";"Sul";"Atropelamento - Usuário";0;0;1;1;0;0;0;0;0;0;0;0;1;0;0
"18/08/2022";"04:22:00";"129";"Acidente s";"180";"BR-386/RS";"Norte";"Colisão - Transversal";2;0;0;0;0;0;0;0;0;0;5;0;0;0;0
"18/08/2022";"07:20:00";"163";"Acidente c";"80";"BR-290/RS";"Leste";"Queda de ribanceira";2;0;0;0;0;0;0;0;0;0;1;1;0;0;0
"18/08/2022";"08:00:00";"174";"Acidente s";"90";"BR-290/RS";"Oeste";"Choque Barreira";1;0;0;0;0;0;0;0;0;0;1;0;0;0;0
"19/08/2022";"07:34:00";"35";"Acidente s";"419";"BR-386/RS";"Norte";"Colisão - Lateral";1;0;0;0;0;0;0;1;0;0;4;0;0;0;0
"19/08/2022";"11:46:00";"130";"Acidente c";"210";"BR-386/RS";"Norte";"Engavetamento";3;0;0;0;0;0;0;0;0;0;3;0;0;0;0
"19/08/2022";"02:23:00";"160";"Acidente s";"267";"BR-386/RS";"Sul";"Colisão - Transversal";2;0;0;0;0;0;0;0;0;0;1;0;2;0;0
"19/08/2022";"02:51:00";"169";"Acidente s";"219";"BR-386/RS";"Norte";"Colisão - Lateral";1;0;0;0;1;0;0;0;0;0;2;0;0;0;0
"19/08/2022";"05:57:00";"207";"Acidente s";"92";"BR-290/RS";"Leste";"Colisão - Lateral";1;0;0;0;0;0;0;1;0;0;2;0;0;0;0
"19/08/2022";"06:35:00";"216";"Acidente s";"246";"BR-386/RS";"Norte";"Saída de pista";1;0;0;0;0;0;0;0;0;0;2;0;0;0;0
"19/08/2022";"09:02:00";"246";"Atropelame";"18";"BR-101/RS";"Norte";"Atropelamento - Morador/Trabalhador/Estudante";0;0;0;0;0;0;0;0;1;0;1;0;0;0;0
"19/08/2022";"09:38:00";"254";"Acidente s";"86";"BR-290/RS";"Oeste";"Capotamento";1;0;0;0;0;0;0;0;0;1;1;0;0;0;0
"19/08/2022";"11:58:00";"271";"Acidente s";"84";"BR-290/RS";"Oeste";"Queda de moto";1;0;0;0;0;0;0;0;0;0;2;0;0;0;0
"20/08/2022";"12:39:00";"2";"Acidente s";"24";"BR-290/RS";"Leste";"Choque com objeto sobre a pista";1;0;0;0;1;0;0;0;0;0;1;0;0;0;0
"20/08/2022";"04:54:00";"18";"Acidente s";"86";"BR-101/RS";"Sul";"Atropelamento de Animal";1;0;0;0;0;0;0;0;0;0;3;0;0;0;0
"20/08/2022";"08:25:00";"66";"Acidente s";"88";"BR-290/RS";"Oeste";"Queda de moto";0;0;0;0;0;0;0;0;1;0;2;0;0;0;0
"20/08/2022";"10:33:00";"99";"Acidente s";"342";"BR-386/RS";"Sul";"Colisão - Transversal";2;0;0;0;0;0;0;0;0;0;1;0;0;0;0
"20/08/2022";"02:54:00";"139";"Acidente s";"86";"BR-101/RS";"Norte";"Colisão - Lateral";2;0;0;0;0;0;0;0;0;0;2;0;0;0;0
"20/08/2022";"04:16:00";"146";"Acidente c";"242";"BR-386/RS";"Sul";"Queda de ribanceira";0;1;0;0;0;0;0;0;0;0;0;1;0;0;0
"20/08/2022";"06:36:00";"158";"Acidente s";"29";"BR-290/RS";"Oeste";"Atropelamento de Animal";1;0;0;0;0;0;0;0;0;0;1;0;0;0;0
"20/08/2022";"08:02:00";"169";"Acidente s";"31";"BR-290/RS";"Leste";"Saída de pista";1;0;0;0;0;0;0;0;0;0;1;0;0;0;0
"20/08/2022";"08:49:00";"178";"Acidente s";"426";"BR-386/RS";"Norte";"Colisão - Transversal";2;0;0;0;0;0;0;0;0;0;3;0;0;0;0
"20/08/2022";"09:41:00";"182";"Acidente s";"259";"BR-386/RS";"Norte";"Atropelamento de Animal";1;0;0;0;0;0;0;0;0;0;1;0;0;0;0
"21/08/2022";"01:46:00";"7";"Acidente s";"33";"BR-101/RS";"Sul";"Saída de pista";0;1;0;0;0;0;0;0;0;0;4;0;0;0;0
"21/08/2022";"04:26:00";"16";"Acidente s";"353";"BR-386/RS";"Sul";"Capotamento";1;0;0;0;0;0;0;0;0;0;1;0;0;0;0
"21/08/2022";"10:52:00";"61";"Acidente s";"414";"BR-386/RS";"Sul";"Choque - Meio Fio";1;0;0;0;0;0;0;0;0;0;2;0;0;0;0
"21/08/2022";"06:15:00";"125";"Acidente c";"60";"BR-290/RS";"Oeste";"Colisão - Traseira";2;0;0;0;0;0;0;0;0;0;0;0;1;0;0
"21/08/2022";"06:45:00";"130";"Atropelame";"379.51";"BR-386/RS";"Sul";"Atropelamento - Andarilho";1;0;0;0;0;0;0;0;0;0;2;0;0;0;0
"21/08/2022";"08:57:00";"151";"Acidente s";"83";"BR-101/RS";"Norte";"Queda de ribanceira";1;0;0;0;0;0;0;0;0;0;3;0;0;0;0
"21/08/2022";"09:37:00";"155";"Acidente c";"343";"BR-386/RS";"Sul";"Colisão - Transversal";2;0;0;0;0;0;0;0;0;0;2;0;0;0;0
"21/08/2022";"09:55:00";"157";"Acidente s";"440";"BR-386/RS";"Sul";"Saída de pista";1;0;0;0;0;0;0;0;0;0;2;1;0;0;0
"22/08/2022";"06:13:00";"17";"Acidente s";"414";"BR-386/RS";"Sul";"Saída de pista";0;0;0;0;0;0;0;1;0;0;2;0;0;0;0
"22/08/2022";"08:11:00";"50";"Acidente s";"92";"BR-290/RS";"Oeste";"Engavetamento";3;0;0;0;0;0;0;0;0;0;4;0;0;0;0
"22/08/2022";"10:30:00";"106";"Acidente c";"69";"BR-101/RS";"Sul";"Choque com veículo no acostamento";0;1;0;0;1;0;0;0;0;0;2;0;0;0;0
"22/08/2022";"10:47:00";"110";"Acidente c";"353";"BR-386/RS";"Norte";"Capotamento";1;0;0;0;0;0;0;0;0;0;3;0;0;0;0
"22/08/2022";"11:12:00";"114";"Acidente s";"353";"BR-386/RS";"Norte";"Colisão - Traseira";1;0;1;0;0;0;0;0;0;0;2;0;0;0;0
"22/08/2022";"05:05:00";"185";"Acidente s";"83";"BR-290/RS";"Oeste";"Queda de moto";0;0;0;0;0;0;0;0;1;0;3;1;0;0;0
"22/08/2022";"10:10:00";"230";"Acidente s";"5";"BR-290/RS";"Oeste";"Atropelamento de Animal";1;0;0;0;0;0;0;0;0;0;2;0;3;1;1
"23/08/2022";"02:26:00";"4";"Acidente s";"401";"BR-386/RS";"Sul";"Choque Defensa";1;0;1;0;0;0;0;0;0;0;5;0;0;0;0
"23/08/2022";"03:38:00";"7";"Acidente s";"5";"BR-290/RS";"Leste";"Atropelamento de Animal";1;0;0;0;0;0;0;0;0;0;1;0;0;0;0