data;horario;n_da_ocorrencia;tipo_de_ocorrencia;km;trecho;sentido;tipo_de_acidente;automovel;bicicleta;caminhao;moto;onibus;outros;tracao_animal;transporte_de_cargas_especiais;trator_maquinas;utilitarios;ilesos;levemente_feridos;moderadamente_feridos;gravemente_feridos;mortos
"10/09/2022";"01:26:00";"8";"Acidente s";"335";"BR-386/RS";"Sul";"Queda de ribanceira";1;0;0;0;0;0;0;0;0;0;2;0;0;0;0
"10/09/2022";"03:44:00";"13";"Acidente s";"364";"BR-386/RS";"Norte";"Saída de pista";1;0;0;0;0;0;0;0;0;0;4;0;0;0;0
"10/09/2022";"05:37:00";"19";"Acidente s";"346";"BR-386/RS";"Norte";"Colisão - Traseira";2;0;0;0;0;0;0;0;0;0;2;0;0;0;0
"10/09/2022";"05:58:00";"21";"Acidente c";"9";"BR-101/RS";"Norte";"Capotamento";1;0;0;0;0;0;0;0;0;1;1;0;0;0;0
"10/09/2022";"07:50:00";"54";"Acidente s";"396";"BR-386/RS";"Sul";"Colisão - Traseira";2;0;0;0;0;0;0;0;0;0;0;0;1;0;0
"10/09/2022";"10:34:00";"101";"Acidente c";"282";"BR-386/RS";"Sul";"Colisão - Transversal";2;0;0;0;0;0;0;0;0;0;2;0;0;0;0
"10/09/2022";"10:49:00";"105";"Acidente s";"91";"BR-290/RS";"Leste";"Choque Defensa";0;0;1;0;0;0;0;0;0;0;4;0;0;0;0
"10/09/2022";"03:02:00";"153";"Acidente c";"256";"BR-386/RS";"Sul";"Capotamento";1;0;0;0;0;0;0;0;0;0;0;1;1;0;0
"10/09/2022";"05:14:00";"177";"Acidente s";"441";"BR-386/RS";"Sul";"Colisão - Traseira";1;0;0;1;0;0;0;0;0;0;2;0;0;0;0
"10/09/2022";"07:20:00";"194";"Acidente s";"411";"BR-386/RS";"Norte";"Engavetamento";3;0;0;0;0;0;0;0;0;0;1;0;0;0;0
"10/09/2022";"08:28:00";"202";"Acidente s";"415";"BR-386/RS";"Norte";"Queda de ribanceira";1;0;0;0;0;1;0;0;0;0;1;2;0;0;0
"11/09/2022";"02:51:00";"8";"Acidente s";"366";"BR-386/RS";"Sul";"Saída de pista";1;0;0;0;0;0;0;0;0;0;1;0;0;0;0
"11/09/2022";"03:26:00";"121";"Acidente s";"60";"BR-290/RS";"Oeste";"Colisão - Traseira";1;0;0;0;0;0;0;0;0;0;0;0;0;1;0
"11/09/2022";"05:24:00";"143";"Acidente s";"80";"BR-101/RS";"Sul";"Colisão - Traseira";2;0;0;0;0;0;0;0;0;0;2;1;1;0;0
"11/09/2022";"07:19:00";"166";"Acidente s";"440";"BR-386/RS";"Norte";"Colisão - Frontal";2;0;0;0;0;0;0;0;0;0;5;0;0;0;0
"11/09/2022";"07:30:00";"173";"Acidente c";"50";"BR-101/RS";"Sul";"Queda de ribanceira";1;0;0;0;0;0;0;0;0;0;1;0;0;1;0
"11/09/2022";"08:18:00";"177";"Acidente s";"401";"BR-386/RS";"Norte";"Saída de pista";1;0;0;0;0;0;0;0;0;0;2;0;0;0;0
"12/09/2022";"03:12:00";"6";"Acidente s";"292";"BR-386/RS";"Norte";"Choque - Arvore";1;0;0;0;0;0;0;0;0;0;2;0;0;0;0
"12/09/2022";"06:52:00";"21";"Acidente s";"250";"BR-386/RS";"Norte";"Queda de ribanceira";1;0;0;0;0;0;0;0;0;0;1;0;0;0;0
"12/09/2022";"11:08:00";"132";"Acidente s";"416";"BR-386/RS";"Norte";"Colisão - Traseira";1;0;1;0;0;0;0;0;0;0;1;0;0;0;0
"12/09/2022";"03:00:00";"186";"Acidente s";"346";"BR-386/RS";"Norte";"Tombamento";0;0;1;0;0;0;0;0;0;0;2;0;0;0;0
"12/09/2022";"03:53:00";"194";"Acidente s";"346.1";"BR-386/RS";"Norte";"Colisão - Lateral";1;0;1;0;0;0;0;0;0;0;1;0;0;0;1
"12/09/2022";"05:48:00";"210";"Acidente c";"68.8";"BR-290/RS";"Oeste";"Colisão - Lateral";2;0;0;0;0;0;0;0;0;0;2;2;0;0;0
"12/09/2022";"07:21:00";"228";"Acidente c";"343";"BR-386/RS";"Sul";"Colisão - Lateral";1;0;0;1;0;0;0;0;0;0;1;0;0;0;0
"13/09/2022";"05:43:00";"14";"Acidente c";"307";"BR-386/RS";"Sul";"Tombamento";0;0;0;0;0;0;0;1;0;0;4;0;0;0;0
"13/09/2022";"06:09:00";"15";"Acidente s";"86";"BR-290/RS";"Leste";"Saída de pista";1;0;0;0;0;0;0;0;0;0;4;0;0;0;0
"13/09/2022";"07:37:00";"43";"Acidente s";"20";"BR-448/RS";"Sul";"Colisão - Traseira";2;0;0;0;0;0;0;0;0;0;0;0;1;0;0
"13/09/2022";"11:12:00";"130";"Acidente s";"230";"BR-386/RS";"Sul";"Colisão - Lateral";1;0;0;0;0;0;0;1;0;0;2;0;0;0;0
"13/09/2022";"06:11:00";"210";"Acidente s";"80";"BR-290/RS";"Oeste";"Queda de moto";0;0;0;1;0;0;0;0;0;0;2;0;1;0;0
"13/09/2022";"08:38:00";"239";"Acidente s";"7";"BR-290/RS";"Oeste";"Saída de pista";1;0;0;0;0;0;0;0;0;0;1;0;0;0;0
"13/09/2022";"09:18:00";"243";"Atropelame";"80";"BR-290/RS";"Leste";"Atropelamento - Usuário";1;0;0;0;0;1;0;0;0;0;3;0;0;0;0
"14/09/2022";"04:40:00";"15";"Acidente s";"399";"BR-386/RS";"Sul";"Saída de pista";0;0;0;0;0;0;0;0;0;1;3;0;0;0;0
"14/09/2022";"01:55:00";"166";"Acidente c";"356";"BR-386/RS";"Norte";"Colisão - Transversal";2;0;0;0;0;0;0;0;0;0;2;0;1;0;0
"14/09/2022";"02:54:00";"172";"Acidente s";"48";"BR-101/RS";"Norte";"Choque Defensa";0;0;0;0;0;0;0;1;0;0;5;0;1;0;0
"14/09/2022";"04:54:00";"194";"Acidente s";"49";"BR-101/RS";"Sul";"Tombamento";0;0;1;0;0;0;0;0;0;0;2;0;0;0;0
"14/09/2022";"07:15:00";"218";"Acidente c";"18";"BR-101/RS";"Sul";"Colisão - Frontal";2;0;0;0;0;0;0;0;0;0;2;0;0;0;0
"15/09/2022";"06:11:00";"16";"Acidente s";"347";"BR-386/RS";"Sul";"Saída de pista";1;0;0;0;0;0;0;0;0;0;2;0;0;0;0
"15/09/2022";"06:52:00";"23";"Acidente s";"430";"BR-386/RS";"Norte";"Choque com veículo na faixa de rolamento";1;0;0;0;0;0;0;1;0;0;1;0;0;0;0
"15/09/2022";"02:08:00";"159";"Acidente s";"342";"BR-386/RS";"Norte";"Colisão - Traseira";1;0;1;0;0;0;0;0;0;0;0;0;0;0;1
"15/09/2022";"03:59:00";"184";"Acidente s";"61";"BR-290/RS";"Leste";"Saída de pista";0;0;1;0;0;0;0;0;0;0;4;0;0;0;0
"15/09/2022";"06:59:00";"213";"Acidente s";"199";"BR-386/RS";"Sul";"Queda de ribanceira";1;0;0;0;0;1;0;0;0;0;0;1;0;0;0
"16/09/2022";"11:01:00";"139";"Acidente s";"6";"BR-448/RS";"Norte";"Choque Barreira";1;0;0;0;0;0;0;0;0;0;1;1;0;0;0
"16/09/2022";"05:08:00";"209";"Acidente s";"380";"BR-386/RS";"Sul";"Colisão - Lateral";1;0;0;0;0;0;0;0;0;0;2;0;0;0;0
"16/09/2022";"07:09:00";"239";"Acidente c";"270";"BR-386/RS";"Sul";"Colisão - Transversal";2;0;0;0;0;0;0;0;0;0;1;0;0;0;0
"16/09/2022";"07:19:00";"240";"Acidente s";"57";"BR-101/RS";"Sul";"Saída de pista";1;0;0;0;0;0;0;0;0;0;1;0;1;0;0
"16/09/2022";"08:05:00";"247";"Acidente s";"7";"BR-290/RS";"Leste";"Atropelamento de Animal";1;0;0;0;0;0;0;0;0;0;0;0;1;0;0
"16/09/2022";"08:06:00";"248";"Acidente s";"265";"BR-386/RS";"Norte";"Atropelamento de Animal";1;0;0;0;0;0;0;0;0;0;2;0;0;0;0
"16/09/2022";"11:29:00";"272";"Acidente s";"12";"BR-101/RS";"Sul";"Saída de pista";1;0;0;0;0;0;0;1;0;0;4;0;0;0;0
"16/09/2022";"11:54:00";"277";"Atropelame";"417";"BR-386/RS";"Norte";"Atropelamento - Andarilho";1;0;0;0;0;0;0;0;0;0;1;0;0;0;0
"17/09/2022";"07:09:00";"37";"Acidente s";"60";"BR-290/RS";"Leste";"Colisão - Traseira";2;0;0;0;0;0;0;0;0;0;7;0;0;0;0
"17/09/2022";"08:41:00";"66";"Acidente s";"92";"BR-290/RS";"Leste";"Choque Defensa";1;0;0;0;0;0;0;0;0;0;11;0;0;0;0
"17/09/2022";"08:50:00";"68";"Acidente c";"228";"BR-386/RS";"Sul";"Colisão - Lateral";2;0;0;0;0;0;0;0;0;0;3;0;0;0;0
"17/09/2022";"10:20:00";"88";"Acidente s";"68";"BR-101/RS";"Norte";"Queda de moto";1;0;0;0;0;0;0;0;0;0;4;0;0;0;0
"17/09/2022";"10:34:00";"92";"Acidente s";"232";"BR-386/RS";"Norte";"Colisão - Traseira";2;0;0;0;0;0;0;0;0;0;4;0;0;0;0
"17/09/2022";"12:07:00";"115";"Acidente s";"39";"BR-101/RS";"Sul";"Saída de pista";1;0;0;0;0;0;0;0;0;0;2;0;0;0;0
"17/09/2022";"02:08:00";"139";"Acidente s";"408";"BR-386/RS";"Sul";"Saída de pista";1;0;0;0;0;0;0;0;0;0;2;0;0;0;0
"17/09/2022";"04:25:00";"159";"Acidente c";"410";"BR-386/RS";"Sul";"Queda de moto";0;0;0;1;0;0;0;0;0;0;4;0;0;0;0
"17/09/2022";"10:58:00";"213";"Acidente s";"370";"BR-386/RS";"Norte";"Colisão - Traseira";2;0;0;0;0;0;0;0;0;0;4;0;0;0;0
"18/09/2022";"05:59:00";"130";"Acidente c";"419";"BR-386/RS";"Norte";"Choque com veículo no acostamento";0;0;0;1;0;0;0;1;0;0;1;0;0;0;0
"19/09/2022";"12:51:00";"10";"Acidente s";"35";"BR-101/RS";"Norte";"Choque Praça - Cabine";0;0;0;0;0;0;0;1;0;0;4;0;0;0;0
"19/09/2022";"07:25:00";"43";"Acidente s";"250";"BR-386/RS";"Norte";"Colisão - Traseira";2;0;0;0;0;0;0;0;0;0;1;0;0;0;0
"19/09/2022";"08:03:00";"65";"Acidente s";"352";"BR-386/RS";"Sul";"Colisão - Lateral";1;0;0;0;0;0;0;1;0;0;3;0;0;0;0
"19/09/2022";"12:32:00";"145";"Acidente c";"360";"BR-386/RS";"Sul";"Capotamento";1;0;0;0;0;0;0;0;0;0;3;0;0;0;0
"19/09/2022";"01:34:00";"157";"Acidente s";"83";"BR-290/RS";"Oeste";"Colisão - Frontal";1;0;0;1;0;0;0;0;0;0;1;0;0;0;0
"19/09/2022";"04:01:00";"185";"Acidente s";"91";"BR-290/RS";"Leste";"Choque Defensa";1;0;0;0;0;0;0;0;0;0;1;0;1;0;0
"19/09/2022";"06:16:00";"212";"Acidente s";"436";"BR-386/RS";"Sul";"Saída de pista";1;0;0;1;0;0;0;0;0;0;0;0;2;0;0
"19/09/2022";"08:01:00";"234";"Acidente s";"400";"BR-386/RS";"Sul";"Saída de pista";1;0;0;0;0;0;0;0;0;0;3;0;0;0;0
"19/09/2022";"09:56:00";"248";"Acidente s";"22";"BR-448/RS";"Sul";"Choque Barreira";1;0;0;0;0;0;0;0;0;0;5;0;0;0;0
"19/09/2022";"10:15:00";"250";"Acidente s";"304";"BR-386/RS";"Sul";"Saída de pista";2;0;0;0;0;0;0;0;0;0;1;0;0;0;0
"19/09/2022";"11:27:00";"256";"Acidente s";"75";"BR-290/RS";"Oeste";"Saída de pista";1;0;0;0;0;0;0;0;0;0;4;0;0;0;0
"20/09/2022";"09:18:00";"62";"Acidente s";"33";"BR-101/RS";"Sul";"Choque Defensa";1;0;0;0;0;0;0;0;0;0;2;0;0;0;0
"20/09/2022";"04:18:00";"155";"Acidente s";"60";"BR-290/RS";"Oeste";"Colisão - Traseira";2;0;0;0;0;0;0;0;0;0;4;0;0;0;0
"20/09/2022";"08:28:00";"222";"Acidente s";"32";"BR-290/RS";"Oeste";"Choque Defensa";0;0;1;0;0;0;0;0;0;0;3;0;0;0;0
"21/09/2022";"01:00:00";"7";"Acidente s";"87";"BR-290/RS";"Oeste";"Colisão - Traseira";2;0;0;0;0;0;0;0;0;0;3;0;0;0;0
"21/09/2022";"04:20:00";"18";"Acidente c";"29";"BR-101/RS";"Norte";"Saída de pista";1;0;0;0;0;0;0;0;0;0;2;0;0;1;0
"21/09/2022";"07:02:00";"41";"Acidente s";"444";"BR-386/RS";"Norte";"Saída de pista";1;0;0;0;0;0;0;0;0;0;1;1;0;0;0
"21/09/2022";"08:05:00";"84";"Acidente s";"11";"BR-448/RS";"Sul";"Choque Barreira";1;0;0;0;0;0;0;0;0;0;3;0;0;0;0
"21/09/2022";"08:15:00";"94";"Acidente s";"60";"BR-290/RS";"Oeste";"Colisão - Traseira";2;0;0;0;0;0;0;0;0;0;1;0;0;0;0
"21/09/2022";"02:12:00";"189";"Acidente s";"335";"BR-386/RS";"Norte";"Saída de pista";1;0;0;0;0;0;0;0;0;0;5;0;0;0;0
"21/09/2022";"06:48:00";"245";"Acidente s";"344";"BR-386/RS";"Sul";"Engavetamento";3;0;0;0;0;1;0;0;0;0;3;0;0;0;0
"22/09/2022";"12:06:00";"2";"Acidente s";"22";"BR-290/RS";"Leste";"Saída de pista";0;0;1;0;0;0;0;0;0;0;0;0;1;1;0
"22/09/2022";"06:43:00";"28";"Acidente s";"44";"BR-101/RS";"Sul";"Capotamento";1;0;0;0;0;0;0;0;0;0;1;0;0;0;0
"22/09/2022";"09:33:00";"88";"Acidente c";"69";"BR-290/RS";"Leste";"Saída de pista";1;0;0;0;0;0;0;0;0;0;1;0;0;0;0
"22/09/2022";"10:12:00";"96";"Acidente s";"62";"BR-290/RS";"Oeste";"Colisão - Transversal";1;0;0;0;0;1;0;0;0;0;2;0;0;1;0
"22/09/2022";"05:50:00";"200";"Acidente s";"349";"BR-386/RS";"Norte";"Colisão - Traseira";2;0;0;0;0;0;0;0;0;0;0;1;0;0;0
"22/09/2022";"09:23:00";"240";"Acidente s";"369";"BR-386/RS";"Norte";"Saída de pista";1;0;0;0;0;0;0;0;0;0;2;0;0;0;0
"23/09/2022";"07:16:00";"35";"Acidente c";"341";"BR-386/RS";"Norte";"Colisão - Traseira";2;0;0;0;0;0;0;0;0;0;1;0;0;0;0
"23/09/2022";"11:12:00";"144";"Acidente s";"92";"BR-290/RS";"Leste";"Colisão - Traseira";1;0;0;1;0;0;0;0;0;0;2;0;0;0;0
"23/09/2022";"04:11:00";"212";"Acidente s";"314";"BR-386/RS";"Sul";"Choque Barreira";1;0;0;0;0;0;0;0;0;0;3;0;0;0;0
"23/09/2022";"05:05:00";"221";"Acidente s";"90";"BR-290/RS";"Leste";"Colisão - Traseira";2;0;0;0;0;0;0;0;0;0;1;0;0;0;0
"23/09/2022";"05:25:00";"224";"Acidente s";"345";"BR-386/RS";"Sul";"Colisão - Traseira";1;0;1;0;0;0;0;0;0;0;1;0;0;0;0
"23/09/2022";"07:03:00";"245";"Acidente s";"10";"BR-448/RS";"Norte";"Colisão - Traseira";2;0;0;0;0;0;0;0;0;0;2;0;0;0;0
"23/09/2022";"07:16:00";"247";"Acidente c";"338";"BR-386/RS";"Ambos";"Colisão - Traseira";2;0;1;0;0;0;0;0;0;0;3;0;1;0;0
"23/09/2022";"09:40:00";"280";"Acidente c";"91.1";"BR-290/RS";"Leste";"Colisão - Lateral";2;0;0;0;0;0;0;0;0;0;2;0;0;0;0
"23/09/2022";"10:49:00";"289";"Acidente s";"86";"BR-290/RS";"Oeste";"Colisão - Lateral";2;0;0;0;0;0;0;0;0;0;2;0;0;0;0
"24/09/2022";"12:13:00";"7";"Acidente s";"445";"BR-386/RS";"Sul";"Choque Defensa";1;0;0;0;0;0;0;0;0;0;1;0;0;0;0
"24/09/2022";"12:25:00";"9";"Acidente s";"263";"BR-386/RS";"Norte";"Outros";1;0;0;0;0;0;0;0;0;0;1;0;0;0;0
"24/09/2022";"02:03:00";"16";"Acidente s";"366";"BR-386/RS";"Norte";"Atropelamento de Animal";1;0;0;0;0;0;0;0;0;0;0;0;0;0;0
"24/09/2022";"11:30:00";"101";"Acidente s";"346";"BR-386/RS";"Sul";"Colisão - Traseira";2;0;0;0;0;0;0;0;0;0;2;0;0;0;0
"24/09/2022";"12:00:00";"109";"Acidente s";"94";"BR-290/RS";"Oeste";"Colisão - Traseira";2;0;0;0;0;0;0;0;0;0;5;0;0;0;0
"24/09/2022";"01:11:00";"120";"Acidente c";"7";"BR-448/RS";"Norte";"Queda de moto";0;0;0;1;0;0;0;0;0;0;2;0;0;0;0
"24/09/2022";"03:25:00";"149";"Acidente s";"1";"BR-448/RS";"Norte";"Colisão - Lateral";0;0;0;1;0;0;0;1;0;0;0;1;0;0;0
"24/09/2022";"04:07:00";"154";"Acidente s";"325";"BR-386/RS";"Norte";"Colisão - Transversal";1;0;0;0;0;0;0;1;0;0;2;0;0;0;0
"24/09/2022";"07:40:00";"200";"Acidente s";"19";"BR-290/RS";"Leste";"Colisão - Traseira";2;0;0;0;0;0;0;0;0;0;1;0;0;0;0
"24/09/2022";"08:16:00";"209";"Acidente s";"32";"BR-290/RS";"Oeste";"Colisão - Lateral";1;0;1;0;0;0;0;0;0;0;2;0;1;0;0
"24/09/2022";"11:46:00";"239";"Atropelame";"347";"BR-386/RS";"Norte";"Atropelamento - Usuário";1;0;0;0;0;0;0;0;0;0;1;0;0;0;0
"25/09/2022";"02:53:00";"12";"Acidente s";"25";"BR-290/RS";"Oeste";"Colisão - Traseira";2;0;0;0;0;0;0;0;0;0;3;1;0;0;0
"25/09/2022";"09:43:00";"55";"Acidente s";"74";"BR-101/RS";"Sul";"Queda de ribanceira";1;0;0;0;0;0;0;0;0;0;1;0;0;0;0
"25/09/2022";"10:12:00";"62";"Acidente s";"396";"BR-386/RS";"Norte";"Saída de pista";1;0;0;0;0;0;0;0;0;0;1;0;0;0;0
"25/09/2022";"10:15:00";"197";"Acidente c";"227";"BR-386/RS";"Norte";"Capotamento";3;0;0;0;0;0;0;0;0;0;2;0;0;0;0
"25/09/2022";"11:14:00";"201";"Acidente s";"32";"BR-101/RS";"Norte";"Atropelamento de Animal";1;0;0;0;0;0;0;0;0;0;3;0;0;0;0
"25/09/2022";"11:14:00";"202";"Acidente s";"75";"BR-290/RS";"Leste";"Choque Barreira";1;0;0;0;0;0;0;0;0;0;5;0;0;0;0
"26/09/2022";"03:08:00";"11";"Acidente s";"365";"BR-386/RS";"Sul";"Saída de pista";1;0;0;0;0;0;0;0;0;0;2;1;0;0;0
"26/09/2022";"09:20:00";"111";"Acidente s";"57";"BR-101/RS";"Sul";"Saída de pista";1;0;0;0;0;0;0;0;0;0;0;2;0;0;0
"26/09/2022";"09:47:00";"124";"Acidente s";"19";"BR-290/RS";"Oeste";"Colisão - Traseira";2;0;0;0;0;0;0;0;0;0;2;0;0;0;0
"26/09/2022";"11:27:00";"146";"Acidente c";"238";"BR-386/RS";"Sul";"Engavetamento";2;0;0;0;0;2;0;0;0;0;1;0;0;0;0
"26/09/2022";"04:09:00";"221";"Acidente s";"342";"BR-386/RS";"Sul";"Colisão - Transversal";1;0;0;0;0;0;0;1;0;0;1;1;0;0;0
"26/09/2022";"06:03:00";"249";"Atropelame";"438";"BR-386/RS";"Sul";"Atropelamento - Usuário";1;0;0;0;0;0;0;0;0;0;3;0;0;0;0
"26/09/2022";"07:43:00";"273";"Acidente c";"92";"BR-290/RS";"Leste";"Colisão - Traseira";1;0;0;1;0;0;0;0;0;0;0;1;0;0;0
"26/09/2022";"08:53:00";"295";"Acidente s";"365";"BR-386/RS";"Sul";"Capotamento";1;0;0;0;0;0;0;0;0;0;1;0;0;0;0
"26/09/2022";"11:27:00";"310";"Acidente s";"47";"BR-290/RS";"Oeste";"Atropelamento de Animal";1;0;0;0;0;0;0;0;0;0;0;0;1;0;0
"27/09/2022";"08:07:00";"84";"Acidente s";"344";"BR-386/RS";"Sul";"Colisão - Traseira";1;0;1;0;0;0;0;0;0;0;1;0;0;0;0
"27/09/2022";"09:07:00";"117";"Acidente c";"417";"BR-386/RS";"Sul";"Queda de ribanceira";0;0;0;0;0;0;0;1;0;0;1;0;0;0;0
"27/09/2022";"11:35:00";"153";"Acidente s";"354";"BR-386/RS";"Norte";"Colisão - Traseira";1;0;0;1;0;0;0;0;0;0;1;0;0;0;0
"27/09/2022";"02:25:00";"191";"Acidente s";"82";"BR-290/RS";"Leste";"Colisão - Lateral";2;0;0;0;0;0;0;0;0;0;0;0;1;0;0
"27/09/2022";"03:01:00";"202";"Acidente s";"271";"BR-386/RS";"Sul";"Saída de pista";1;0;0;0;0;0;0;0;0;0;1;0;0;0;0
"27/09/2022";"05:00:00";"228";"Acidente c";"435";"BR-386/RS";"Norte";"Queda de moto";0;0;0;1;0;0;0;0;0;0;1;0;0;0;0
"27/09/2022";"07:37:00";"272";"Acidente s";"59";"BR-290/RS";"Oeste";"Capotamento";2;0;0;0;0;0;0;0;0;0;6;0;0;0;0
"27/09/2022";"09:31:00";"288";"Acidente s";"414";"BR-386/RS";"Sul";"Saída de pista";1;0;0;0;0;0;0;0;0;0;1;0;0;0;0
"28/09/2022";"07:57:00";"71";"Acidente s";"3";"BR-448/RS";"Norte";"Choque Barreira";1;0;0;0;0;0;0;0;0;0;1;1;0;0;0
"28/09/2022";"01:40:00";"168";"Acidente s";"53";"BR-290/RS";"Leste";"Colisão - Traseira";1;0;0;0;0;0;0;0;0;1;1;0;0;0;0
"28/09/2022";"05:10:00";"219";"Acidente s";"19";"BR-290/RS";"Oeste";"Colisão - Traseira";2;0;0;0;0;0;0;0;0;0;0;2;0;0;0
"28/09/2022";"06:07:00";"228";"Acidente c";"30";"BR-101/RS";"Sul";"Colisão - Traseira";1;0;0;0;0;0;0;1;0;0;3;0;2;0;0
"28/09/2022";"06:12:00";"232";"Acidente s";"87";"BR-290/RS";"Leste";"Colisão - Traseira";1;0;0;1;0;0;0;0;0;0;1;0;1;3;0
"28/09/2022";"09:49:00";"276";"Acidente c";"439";"BR-386/RS";"Norte";"Queda de moto";0;0;0;1;0;0;0;0;0;0;3;0;0;0;0
"28/09/2022";"11:02:00";"283";"Acidente s";"79";"BR-101/RS";"Sul";"Saída de pista";1;0;0;0;0;0;0;0;0;0;4;0;0;0;0
"29/09/2022";"02:25:00";"12";"Acidente s";"372";"BR-386/RS";"Norte";"Atropelamento de Animal";1;0;0;0;0;0;0;0;0;0;1;0;0;0;0
"29/09/2022";"07:00:00";"44";"Atropelame";"19";"BR-290/RS";"Oeste";"Atropelamento - Funcionário";0;0;0;0;0;0;0;1;0;0;1;0;0;0;0
"29/09/2022";"03:24:00";"198";"Acidente s";"293";"BR-386/RS";"Sul";"Colisão - Traseira";1;0;1;0;0;0;0;0;0;0;1;0;0;0;0
"29/09/2022";"07:41:00";"243";"Acidente s";"326";"BR-386/RS";"Norte";"Colisão - Lateral";1;0;0;0;1;0;0;0;0;0;3;1;1;0;0
"30/09/2022";"12:56:00";"4";"Acidente s";"356";"BR-386/RS";"Norte";"Colisão - Lateral";0;0;1;0;0;0;0;0;0;1;1;0;0;0;0
"30/09/2022";"01:51:00";"7";"Acidente c";"85";"BR-101/RS";"Sul";"Colisão - Traseira";1;0;0;0;0;0;0;1;0;0;2;0;0;0;0
"30/09/2022";"02:46:00";"8";"Acidente c";"53";"BR-290/RS";"Leste";"Tombamento";0;0;0;0;0;0;0;1;0;0;2;0;0;0;0
"30/09/2022";"03:28:00";"12";"Acidente s";"9";"BR-101/RS";"Norte";"Capotamento";1;0;0;0;0;0;0;0;0;0;2;1;0;0;0
"30/09/2022";"04:06:00";"193";"Acidente s";"342";"BR-386/RS";"Norte";"Colisão - Transversal";2;0;0;0;0;0;0;0;0;0;1;0;0;0;0
"30/09/2022";"04:25:00";"197";"Acidente s";"376";"BR-386/RS";"Norte";"Saída de pista";1;0;0;0;0;0;0;0;0;0;1;0;0;0;0
"30/09/2022";"04:26:00";"199";"Acidente c";"401";"BR-386/RS";"Norte";"Colisão - Transversal";2;0;0;0;0;0;0;0;0;0;1;0;0;0;0
"30/09/2022";"05:42:00";"212";"Acidente s";"345";"BR-386/RS";"Norte";"Engavetamento";3;0;0;0;0;0;0;0;0;0;2;0;0;0;0
"30/09/2022";"06:02:00";"217";"Acidente c";"89";"BR-290/RS";"Leste";"Colisão - Lateral";1;0;0;1;0;0;0;0;0;0;1;0;0;1;0
"30/09/2022";"06:14:00";"222";"Acidente c";"42";"BR-290/RS";"Oeste";"Capotamento";1;0;0;0;0;0;0;0;0;0;1;0;0;0;0
"30/09/2022";"08:07:00";"244";"Acidente s";"80";"BR-290/RS";"Oeste";"Saída de pista";1;0;0;0;0;0;0;0;0;0;0;1;0;0;0
"30/09/2022";"09:42:00";"257";"Acidente s";"67";"BR-101/RS";"Sul";"Saída de pista";0;0;1;0;0;0;0;0;0;0;1;0;2;0;0
"30/09/2022";"11:05:00";"272";"Acidente c";"65";"BR-101/RS";"Sul";"Queda de moto";0;0;0;1;0;0;0;0;0;0;1;0;0;0;0
"30/09/2022";"11:29:00";"273";"Acidente s";"20";"BR-448/RS";"Sul";"Queda de moto";0;0;0;1;0;0;0;0;0;0;3;0;0;0;0
"01/10/2022";"04:31:00";"19";"Acidente s";"344";"BR-386/RS";"Norte";"Colisão - Transversal";2;0;0;1;0;0;0;0;0;0;7;0;0;0;0
"01/10/2022";"09:27:00";"66";"Acidente s";"426";"BR-386/RS";"Norte";"Colisão - Transversal";2;0;0;0;0;0;0;0;0;0;1;1;0;0;0
"01/10/2022";"01:30:00";"116";"Acidente s";"75";"BR-290/RS";"Leste";"Choque Defensa";1;0;0;0;0;0;0;0;0;0;2;0;0;0;0
"01/10/2022";"02:21:00";"125";"Acidente c";"70";"BR-290/RS";"Oeste";"Saída de pista";2;0;0;0;0;0;0;0;0;0;1;0;0;0;0
"01/10/2022";"02:42:00";"129";"Acidente s";"392";"BR-386/RS";"Norte";"Colisão - Transversal";2;0;0;0;0;0;0;0;0;0;2;0;0;0;0
"01/10/2022";"08:37:00";"179";"Acidente s";"219";"BR-386/RS";"Ambos";"Colisão - Traseira";2;0;0;0;0;0;0;0;0;0;2;0;0;0;0
"02/10/2022";"02:40:00";"10";"Acidente c";"346";"BR-386/RS";"Norte";"Capotamento";1;0;0;0;0;0;0;0;0;0;2;0;0;0;0
"02/10/2022";"08:05:00";"48";"Acidente s";"6";"BR-290/RS";"Leste";"Saída de pista";0;0;1;0;0;0;0;0;0;0;2;0;0;0;0
"02/10/2022";"03:38:00";"137";"Acidente s";"333";"BR-386/RS";"Sul";"Colisão - Traseira";1;0;0;0;0;0;0;0;0;0;1;0;0;0;0
"02/10/2022";"04:53:00";"148";"Acidente c";"3";"BR-448/RS";"Sul";"Colisão - Lateral";2;0;0;0;0;0;0;0;0;0;0;0;0;0;1
"02/10/2022";"09:40:00";"192";"Acidente s";"353";"BR-386/RS";"Norte";"Queda de moto";0;0;0;1;0;0;0;0;0;0;4;0;0;0;0
"02/10/2022";"10:14:00";"194";"Acidente s";"423.23";"BR-386/RS";"Norte";"Atropelamento de Animal";1;0;0;0;0;0;0;0;0;0;45;0;0;0;0
"03/10/2022";"03:31:00";"11";"Acidente s";"70";"BR-290/RS";"Leste";"Saída de pista";1;0;0;0;0;0;0;0;0;0;0;0;2;0;0
"03/10/2022";"07:14:00";"54";"Acidente s";"304.21";"BR-386/RS";"Sul";"Colisão - Lateral";2;0;0;0;0;0;0;0;0;0;2;0;0;0;0
"03/10/2022";"07:28:00";"63";"Acidente s";"13";"BR-448/RS";"Sul";"Choque Barreira";1;0;0;0;0;0;0;0;0;0;1;0;0;0;0