data;horario;n_da_ocorrencia;tipo_de_ocorrencia;km;trecho;sentido;tipo_de_acidente;automovel;bicicleta;caminhao;moto;onibus;outros;tracao_animal;transporte_de_cargas_especiais;trator_maquinas;utilitarios;ilesos;levemente_feridos;moderadamente_feridos;gravemente_feridos;mortos
"03/10/2022";"08:15:00";"97";"Acidente s";"56";"BR-290/RS";"Oeste";"Colisão - Traseira";2;0;0;0;0;0;0;0;0;0;1;0;0;0;0
"03/10/2022";"09:12:00";"122";"Acidente c";"94";"BR-290/RS";"Oeste";"Engavetamento";4;0;0;0;0;0;0;0;0;0;1;0;0;0;0
"03/10/2022";"01:09:00";"173";"Acidente s";"13";"BR-101/RS";"Norte";"Choque - Poste";1;0;0;0;0;0;0;0;0;0;1;0;0;0;0
"03/10/2022";"02:41:00";"202";"Acidente c";"325";"BR-386/RS";"Norte";"Colisão - Frontal";0;0;2;0;0;0;0;0;0;0;1;0;0;0;0
"03/10/2022";"04:05:00";"224";"Acidente s";"335";"BR-386/RS";"Sul";"Queda de ribanceira";1;0;0;0;0;0;0;0;0;0;3;0;0;0;0
"03/10/2022";"05:19:00";"241";"Atropelame";"245";"BR-386/RS";"Sul";"Atropelamento - Morador/Trabalhador/Estudante";1;0;0;0;0;0;0;0;0;0;2;0;0;0;0
"03/10/2022";"06:12:00";"254";"Acidente c";"53";"BR-290/RS";"Oeste";"Queda de ribanceira";1;0;0;0;0;0;0;0;0;0;3;1;0;0;0
"03/10/2022";"06:21:00";"258";"Acidente s";"344";"BR-386/RS";"Norte";"Colisão - Lateral";1;0;0;0;0;0;0;0;0;0;0;2;0;0;0
"03/10/2022";"10:48:00";"293";"Acidente s";"29.21";"BR-290/RS";"Oeste";"Colisão - Traseira";1;0;0;0;0;0;0;0;0;0;4;0;0;0;0
"04/10/2022";"07:41:00";"93";"Acidente c";"346";"BR-386/RS";"Norte";"Colisão - Traseira";1;0;0;1;0;0;0;0;0;0;2;0;0;0;0
"04/10/2022";"08:29:00";"120";"Acidente s";"88";"BR-290/RS";"Oeste";"Colisão - Traseira";2;0;0;0;0;0;0;0;0;0;3;0;0;0;0
"04/10/2022";"09:05:00";"129";"Acidente s";"11";"BR-448/RS";"Norte";"Choque Barreira";2;0;0;0;0;0;0;0;0;0;5;0;0;0;0
"04/10/2022";"09:06:00";"130";"Acidente s";"11";"BR-448/RS";"Sul";"Colisão - Traseira";2;0;0;0;0;0;0;0;0;0;1;1;0;0;0
"04/10/2022";"10:04:00";"151";"Acidente s";"426";"BR-386/RS";"Sul";"Colisão - Traseira";1;0;1;0;0;0;0;0;0;0;1;0;0;0;0
"04/10/2022";"04:54:00";"261";"Acidente c";"343";"BR-386/RS";"Sul";"Colisão - Lateral";0;0;0;1;0;0;0;0;0;0;1;0;0;0;0
"04/10/2022";"05:36:00";"270";"Acidente s";"85";"BR-290/RS";"Leste";"Engavetamento";3;0;0;0;0;0;0;0;0;0;1;0;0;0;0
"04/10/2022";"06:28:00";"279";"Acidente c";"341";"BR-386/RS";"Sul";"Queda de moto";0;0;0;1;0;0;0;0;0;0;6;0;0;0;0
"05/10/2022";"03:56:00";"10";"Acidente s";"72";"BR-101/RS";"Sul";"Colisão - Traseira";0;0;2;0;0;0;0;0;0;0;0;0;0;2;0
"05/10/2022";"04:22:00";"13";"Acidente s";"33";"BR-101/RS";"Sul";"Colisão - Traseira";0;0;1;0;0;0;0;0;0;0;3;0;0;0;0
"05/10/2022";"05:09:00";"14";"Acidente s";"11";"BR-448/RS";"Sul";"Queda de moto";0;0;1;1;0;0;0;0;0;0;2;0;0;0;0
"05/10/2022";"07:26:00";"56";"Acidente c";"87";"BR-290/RS";"Oeste";"Colisão - Lateral";1;0;0;2;0;0;0;0;0;0;1;0;1;0;0
"05/10/2022";"07:49:00";"71";"Acidente s";"300";"BR-386/RS";"Norte";"Colisão - Traseira";1;0;1;0;0;0;0;0;0;0;1;0;0;0;0
"05/10/2022";"11:24:00";"155";"Acidente c";"366";"BR-386/RS";"Norte";"Colisão - Transversal";1;0;0;1;0;0;0;0;0;0;3;0;0;0;0
"05/10/2022";"05:15:00";"232";"Acidente s";"375";"BR-386/RS";"Norte";"Choque Barreira";0;0;1;0;0;0;0;0;0;0;7;0;0;0;0
"05/10/2022";"05:55:00";"236";"Acidente s";"34";"BR-101/RS";"Sul";"Saída de pista";1;0;0;0;0;0;0;0;0;0;2;0;0;0;0
"06/10/2022";"06:37:00";"41";"Acidente s";"239";"BR-386/RS";"Sul";"Queda de ribanceira";1;0;0;0;0;0;0;0;0;0;1;0;0;0;0
"06/10/2022";"07:04:00";"47";"Acidente s";"88";"BR-290/RS";"Oeste";"Colisão - Transversal";2;0;0;0;0;0;0;0;0;0;2;0;0;0;0
"06/10/2022";"07:18:00";"52";"Acidente s";"342";"BR-386/RS";"Sul";"Colisão - Traseira";1;0;0;1;0;0;0;0;0;0;1;0;0;0;0
"06/10/2022";"07:34:00";"59";"Acidente s";"49";"BR-290/RS";"Oeste";"Saída de pista";1;0;0;0;0;0;0;0;0;0;4;0;1;0;0
"06/10/2022";"07:41:00";"60";"Acidente c";"364";"BR-386/RS";"Sul";"Saída de pista";1;0;0;0;0;0;0;0;0;0;1;1;2;0;0
"06/10/2022";"10:35:00";"97";"Acidente s";"22";"BR-448/RS";"Norte";"Saída de pista";1;0;0;0;0;0;0;0;0;0;0;1;0;0;0
"06/10/2022";"11:08:00";"103";"Acidente c";"410";"BR-386/RS";"Sul";"Colisão - Transversal";2;0;0;0;0;0;0;0;0;0;6;0;0;0;0
"06/10/2022";"11:56:00";"107";"Acidente s";"50.4";"BR-290/RS";"Leste";"Saída de pista";1;0;0;0;0;0;0;0;0;0;1;0;1;0;0
"06/10/2022";"12:23:00";"111";"Acidente c";"50.4";"BR-290/RS";"Leste";"Choque com veículo no acostamento";1;0;0;0;0;0;0;0;0;0;2;0;0;0;0
"06/10/2022";"12:49:00";"118";"Acidente s";"22";"BR-448/RS";"Norte";"Choque Barreira";1;0;0;0;0;0;0;0;0;0;4;0;0;0;0
"06/10/2022";"04:07:00";"153";"Acidente s";"50";"BR-290/RS";"Leste";"Colisão - Transversal";1;0;0;0;0;0;0;0;0;0;2;0;0;0;0
"06/10/2022";"06:12:00";"174";"Acidente s";"91";"BR-290/RS";"Leste";"Colisão - Traseira";2;0;0;0;0;0;0;0;0;0;2;1;0;0;0
"06/10/2022";"06:38:00";"183";"Acidente s";"89";"BR-290/RS";"Leste";"Colisão - Traseira";2;0;0;0;0;0;0;0;0;0;3;0;0;0;0
"06/10/2022";"06:50:00";"187";"Acidente c";"88";"BR-290/RS";"Leste";"Colisão - Traseira";1;0;0;1;0;0;0;0;0;0;2;0;0;0;0
"06/10/2022";"07:42:00";"194";"Acidente s";"427";"BR-386/RS";"Sul";"Atropelamento de Animal";0;0;1;0;0;0;0;0;0;0;3;0;0;0;0
"06/10/2022";"07:56:00";"197";"Acidente s";"4";"BR-101/RS";"Sul";"Colisão - Lateral";1;0;1;0;0;0;0;0;0;0;2;0;0;0;0
"06/10/2022";"11:18:00";"218";"Acidente c";"308";"BR-386/RS";"Sul";"Capotamento";0;0;1;0;0;0;0;0;0;0;1;0;0;0;0
"07/10/2022";"12:51:00";"6";"Acidente s";"414";"BR-386/RS";"Sul";"Saída de pista";1;0;0;0;0;0;0;0;0;0;4;0;0;0;0
"07/10/2022";"10:19:00";"158";"Acidente c";"309";"BR-386/RS";"Sul";"Tombamento";0;0;1;0;0;0;0;0;0;0;4;0;0;0;0
"07/10/2022";"10:51:00";"167";"Acidente s";"348";"BR-386/RS";"Norte";"Colisão - Lateral";1;0;1;0;0;0;0;0;0;0;1;0;1;0;0
"07/10/2022";"11:03:00";"169";"Acidente s";"72";"BR-101/RS";"Sul";"Teste Wanderson";1;0;0;0;0;0;0;0;0;0;3;0;0;0;0
"07/10/2022";"01:09:00";"189";"Acidente c";"77";"BR-290/RS";"Oeste";"Capotamento";2;0;0;0;0;0;0;0;0;0;2;0;0;0;0
"07/10/2022";"02:20:00";"209";"Acidente s";"307";"BR-386/RS";"Norte";"Colisão - Traseira";2;0;0;0;0;0;0;0;0;0;1;0;0;1;0
"07/10/2022";"02:39:00";"215";"Acidente c";"277";"BR-386/RS";"Norte";"Colisão - Traseira";1;0;0;0;0;0;0;0;0;0;1;2;0;1;0
"07/10/2022";"02:53:00";"220";"Acidente s";"4";"BR-290/RS";"Oeste";"Queda de ribanceira";1;0;0;0;0;0;0;0;0;0;0;1;0;0;0
"07/10/2022";"04:14:00";"239";"Acidente s";"81";"BR-101/RS";"Norte";"Queda de ribanceira";1;0;0;0;0;0;0;0;0;0;3;0;0;0;0
"07/10/2022";"06:07:00";"269";"Acidente s";"88";"BR-290/RS";"Leste";"Engavetamento";2;0;0;0;0;0;0;0;0;0;2;0;0;0;0
"07/10/2022";"06:33:00";"275";"Acidente s";"60";"BR-290/RS";"Oeste";"Colisão - Lateral";1;0;1;0;0;0;0;0;0;0;1;0;0;0;0
"08/10/2022";"03:24:00";"20";"Acidente c";"211";"BR-386/RS";"Sul";"Colisão - Traseira";2;0;0;0;0;0;0;0;0;0;5;0;0;0;0
"08/10/2022";"02:51:00";"164";"Acidente s";"60";"BR-290/RS";"Leste";"Colisão - Traseira";2;0;0;0;0;0;0;0;0;0;4;0;0;0;0
"08/10/2022";"05:08:00";"193";"Acidente s";"344";"BR-386/RS";"Norte";"Colisão - Transversal";2;0;0;0;0;0;0;0;0;0;1;0;0;0;0
"08/10/2022";"08:05:00";"230";"Acidente s";"249";"BR-386/RS";"Sul";"Colisão - Frontal";1;0;1;0;0;0;0;0;0;0;4;0;0;0;0
"08/10/2022";"10:15:00";"243";"Acidente s";"38";"BR-101/RS";"Sul";"Queda de ribanceira";1;0;0;0;0;0;0;0;0;0;3;0;0;0;0
"09/10/2022";"02:45:00";"21";"Acidente c";"342";"BR-386/RS";"Sul";"Colisão - Traseira";0;0;0;2;0;0;0;0;0;0;3;0;0;0;0
"09/10/2022";"07:43:00";"57";"Acidente s";"33";"BR-290/RS";"Oeste";"Queda de ribanceira";1;0;0;0;0;0;0;0;0;0;5;0;0;0;0
"09/10/2022";"07:46:00";"59";"Acidente c";"86";"BR-290/RS";"Leste";"Choque Defensa";1;0;0;0;0;0;0;0;0;0;2;0;0;0;0
"09/10/2022";"09:20:00";"71";"Acidente s";"69";"BR-290/RS";"Oeste";"Saída de pista";1;0;0;0;0;0;0;0;0;0;2;0;1;0;0
"09/10/2022";"02:44:00";"121";"Acidente s";"50";"BR-101/RS";"Sul";"Capotamento";2;0;0;0;0;0;0;0;0;0;3;0;2;0;0
"09/10/2022";"03:08:00";"125";"Acidente s";"307";"BR-386/RS";"Sul";"Saída de pista";0;0;0;0;0;0;0;0;0;0;2;1;0;0;0
"09/10/2022";"03:19:00";"130";"Acidente s";"307";"BR-386/RS";"Norte";"Saída de pista";1;0;0;0;0;0;0;0;0;0;2;1;0;0;0
"09/10/2022";"04:24:00";"143";"Acidente s";"224";"BR-386/RS";"Sul";"Colisão - Lateral";2;0;0;0;0;0;0;0;0;0;0;0;1;0;0
"09/10/2022";"06:53:00";"175";"Acidente s";"390";"BR-386/RS";"Sul";"Colisão - Lateral";1;0;1;0;0;0;0;0;0;0;6;0;0;0;0
"10/10/2022";"01:20:00";"12";"Acidente s";"295";"BR-386/RS";"Norte";"Choque Defensa";1;0;0;0;0;0;0;0;0;0;1;0;0;0;0
"10/10/2022";"02:39:00";"20";"Acidente c";"329";"BR-386/RS";"Norte";"Saída de pista";1;0;0;0;0;0;0;0;0;0;1;0;0;0;0
"10/10/2022";"03:24:00";"25";"Acidente s";"365";"BR-386/RS";"Sul";"Saída de pista";1;0;0;0;0;0;0;0;0;0;2;0;0;0;0
"10/10/2022";"02:14:00";"202";"Acidente s";"35";"BR-101/RS";"Sul";"Colisão - Traseira";0;0;1;0;0;0;0;0;0;0;2;0;0;0;0
"10/10/2022";"03:18:00";"217";"Acidente c";"417";"BR-386/RS";"Sul";"Saída de pista";1;0;0;0;0;0;0;0;0;0;1;0;0;0;0
"10/10/2022";"06:50:00";"249";"Acidente s";"345";"BR-386/RS";"Sul";"Colisão - Traseira";0;0;1;1;0;0;0;0;0;0;1;0;0;0;0
"11/10/2022";"01:43:00";"6";"Acidente s";"400";"BR-386/RS";"Sul";"Capotamento";1;0;0;0;0;0;0;0;0;0;1;0;0;0;0
"11/10/2022";"08:29:00";"78";"Acidente s";"213";"BR-386/RS";"Sul";"Atropelamento de Animal";1;0;0;0;0;0;0;0;0;0;2;0;1;0;0
"11/10/2022";"10:46:00";"125";"Acidente c";"33";"BR-101/RS";"Norte";"Colisão - Traseira";0;0;2;0;0;0;0;0;0;0;11;0;0;0;0
"11/10/2022";"11:29:00";"135";"Acidente s";"19";"BR-290/RS";"Leste";"Colisão - Traseira";1;0;1;0;0;0;0;0;0;0;3;0;0;0;0
"11/10/2022";"12:23:00";"145";"Acidente c";"280";"BR-386/RS";"Norte";"Capotamento";1;0;0;0;0;0;0;0;0;0;1;0;0;0;0
"11/10/2022";"02:47:00";"168";"Acidente c";"30";"BR-290/RS";"Leste";"Queda de moto";0;0;0;1;0;0;0;0;0;0;6;0;0;0;0
"11/10/2022";"03:37:00";"177";"Acidente s";"414";"BR-386/RS";"Norte";"Tombamento";0;0;1;0;0;0;0;0;0;0;3;0;0;0;0
"11/10/2022";"03:43:00";"178";"Acidente s";"94";"BR-290/RS";"Leste";"Choque Barreira";1;0;0;0;0;0;0;0;0;0;1;0;0;0;0
"11/10/2022";"03:46:00";"179";"Acidente s";"412";"BR-386/RS";"Norte";"Saída de pista";1;0;0;0;0;0;0;0;0;0;1;0;0;0;0
"11/10/2022";"03:49:00";"180";"Acidente s";"301";"BR-386/RS";"Norte";"Colisão - Traseira";1;0;1;0;0;0;0;0;0;0;4;0;0;0;0
"11/10/2022";"04:56:00";"191";"Acidente s";"243";"BR-386/RS";"Norte";"Saída de pista";1;0;0;0;0;0;0;0;0;0;2;0;0;0;0
"11/10/2022";"06:27:00";"210";"Acidente s";"283";"BR-386/RS";"Norte";"Queda de ribanceira";2;0;0;0;0;0;0;0;0;0;1;0;0;0;0
"12/10/2022";"01:32:00";"7";"Acidente s";"440";"BR-386/RS";"Norte";"Capotamento";1;0;0;0;0;0;0;0;0;0;4;0;0;0;0
"12/10/2022";"03:32:00";"13";"Acidente s";"346";"BR-386/RS";"Sul";"Queda de ribanceira";1;0;0;0;0;0;0;0;0;0;3;0;0;0;0
"12/10/2022";"05:27:00";"17";"Acidente s";"353";"BR-386/RS";"Norte";"Capotamento";1;0;0;0;0;0;0;0;0;0;2;0;0;0;0
"12/10/2022";"08:35:00";"39";"Acidente s";"9";"BR-448/RS";"Sul";"Colisão - Traseira";2;0;0;0;0;0;0;0;0;0;2;0;0;0;0
"12/10/2022";"10:41:00";"58";"Acidente s";"22";"BR-448/RS";"Sul";"Choque Barreira";1;0;0;0;0;0;0;0;0;0;2;1;0;0;0
"12/10/2022";"11:51:00";"70";"Acidente s";"411";"BR-386/RS";"Norte";"Saída de pista";1;0;0;0;0;0;0;0;0;0;1;1;0;0;0
"12/10/2022";"08:02:00";"128";"Acidente s";"398";"BR-386/RS";"Norte";"Saída de pista";1;0;0;0;0;0;0;0;0;0;3;0;2;2;0
"13/10/2022";"06:32:00";"32";"Acidente s";"434";"BR-386/RS";"Sul";"Queda de ribanceira";1;0;0;0;0;0;0;0;0;0;1;1;0;0;0
"13/10/2022";"09:08:00";"110";"Acidente c";"277.1";"BR-386/RS";"Norte";"Tombamento";0;0;1;0;0;0;0;0;0;0;2;0;0;0;0
"13/10/2022";"09:17:00";"115";"Acidente s";"392";"BR-386/RS";"Sul";"Queda de ribanceira";1;0;0;0;0;0;0;0;0;0;3;0;0;0;0
"13/10/2022";"09:44:00";"125";"Acidente s";"368";"BR-386/RS";"Sul";"Choque Defensa";1;0;0;0;0;0;0;0;0;0;2;0;0;0;0
"13/10/2022";"06:18:00";"216";"Acidente s";"22";"BR-448/RS";"Norte";"Colisão - Traseira";1;0;1;0;0;0;0;0;0;0;0;2;0;0;0
"13/10/2022";"07:51:00";"232";"Acidente s";"92";"BR-290/RS";"Leste";"Colisão - Lateral";1;0;0;0;0;0;0;0;0;0;2;0;0;0;0
"13/10/2022";"08:17:00";"235";"Acidente s";"391";"BR-386/RS";"Sul";"Capotamento";0;0;1;0;0;0;0;0;0;0;5;0;0;0;0
"13/10/2022";"10:02:00";"243";"Acidente s";"61";"BR-101/RS";"Norte";"Saída de pista";1;0;0;0;0;0;0;0;0;0;2;0;0;0;0
"14/10/2022";"12:05:00";"2";"Acidente c";"92";"BR-290/RS";"Leste";"Saída de pista";1;0;0;0;0;0;0;0;0;0;1;0;0;0;0
"14/10/2022";"07:19:00";"58";"Acidente s";"341";"BR-386/RS";"Norte";"Colisão - Transversal";1;0;0;0;0;0;0;0;0;0;5;0;0;0;0
"14/10/2022";"07:25:00";"61";"Acidente s";"362";"BR-386/RS";"Sul";"Colisão - Lateral";2;0;0;0;0;0;0;0;0;0;1;0;0;0;0
"14/10/2022";"02:24:00";"174";"Acidente c";"215";"BR-386/RS";"Norte";"Colisão - Frontal";1;0;0;1;0;0;0;0;0;0;1;1;0;0;0
"14/10/2022";"08:00:00";"257";"Acidente s";"346";"BR-386/RS";"Norte";"Choque - Meio Fio";1;0;0;0;0;0;0;0;0;0;1;0;0;0;0
"14/10/2022";"10:54:00";"289";"Acidente s";"258.22";"BR-386/RS";"Norte";"Capotamento";1;0;0;0;0;0;0;0;0;0;5;0;0;0;0
"15/10/2022";"02:16:00";"12";"Acidente c";"80.28";"BR-290/RS";"Leste";"Queda de ribanceira";1;0;0;0;0;0;0;0;0;0;2;0;0;0;0
"15/10/2022";"04:33:00";"17";"Acidente s";"76";"BR-101/RS";"Norte";"Saída de pista";0;0;0;0;0;0;0;0;0;0;2;0;0;0;0
"15/10/2022";"05:49:00";"26";"Acidente c";"49.3";"BR-101/RS";"Sul";"Queda de moto";1;0;0;0;0;0;0;0;0;0;2;0;0;0;0
"15/10/2022";"08:43:00";"76";"Acidente c";"55.6";"BR-290/RS";"Leste";"Capotamento";1;0;0;0;0;0;0;0;0;0;1;0;0;0;0
"15/10/2022";"10:44:00";"89";"Acidente s";"202";"BR-386/RS";"Sul";"Colisão - Traseira";2;0;0;0;0;0;0;0;0;0;5;0;0;0;0
"15/10/2022";"02:57:00";"125";"Atropelame";"384";"BR-386/RS";"Sul";"Atropelamento - Usuário";1;0;0;1;0;0;0;0;0;0;3;0;0;0;0
"15/10/2022";"08:16:00";"173";"Acidente s";"52";"BR-101/RS";"Sul";"Saída de pista";1;0;0;0;0;0;0;0;0;0;1;0;0;0;0
"16/10/2022";"03:20:00";"15";"Acidente s";"339";"BR-386/RS";"Norte";"Outros";1;0;0;0;0;0;0;0;0;0;5;0;0;0;0
"16/10/2022";"03:48:00";"19";"Acidente s";"362";"BR-386/RS";"Sul";"Capotamento";1;0;0;0;0;0;0;0;0;0;1;0;0;0;0
"16/10/2022";"04:10:00";"110";"Acidente s";"80";"BR-290/RS";"Oeste";"Atropelamento de Animal";1;0;0;0;0;0;0;0;0;0;2;0;0;0;0
"16/10/2022";"04:57:00";"120";"Acidente s";"86";"BR-290/RS";"Oeste";"Choque Defensa";1;0;0;0;0;0;0;0;0;0;7;0;0;0;0
"16/10/2022";"07:40:00";"151";"Acidente c";"281.5";"BR-386/RS";"Sul";"Colisão - Transversal";1;0;1;0;0;0;0;0;0;0;2;0;0;0;0
"16/10/2022";"08:37:00";"161";"Acidente c";"375";"BR-386/RS";"Norte";"Colisão - Transversal";1;0;0;1;0;0;0;0;0;0;5;0;1;0;0
"16/10/2022";"08:57:00";"164";"Acidente s";"339";"BR-386/RS";"Sul";"Saída de pista";0;0;1;0;0;0;0;0;0;0;3;0;0;0;0
"16/10/2022";"09:29:00";"172";"Acidente s";"80";"BR-290/RS";"Leste";"Colisão - Traseira";2;0;0;0;0;0;0;0;0;0;1;0;0;0;0
"17/10/2022";"06:07:00";"29";"Acidente s";"1";"BR-290/RS";"Oeste";"Saída de pista";1;0;0;0;0;0;0;0;0;0;2;0;0;0;0
"17/10/2022";"06:10:00";"31";"Acidente c";"366";"BR-386/RS";"Sul";"Saída de pista";1;0;0;0;0;0;0;0;0;0;2;0;0;0;0
"17/10/2022";"09:09:00";"104";"Acidente s";"349";"BR-386/RS";"Sul";"Colisão - Lateral";1;0;1;0;0;0;0;0;0;0;1;0;0;0;0
"17/10/2022";"10:58:00";"131";"Acidente c";"76";"BR-290/RS";"Oeste";"Colisão - Transversal";1;0;1;0;0;0;0;0;0;0;0;1;0;0;0
"17/10/2022";"11:08:00";"134";"Acidente s";"76";"BR-290/RS";"Leste";"Capotamento";1;0;0;0;0;0;0;0;0;0;1;0;0;0;0
"17/10/2022";"12:10:00";"151";"Acidente s";"440";"BR-386/RS";"Sul";"Colisão - Lateral";1;0;1;0;0;0;0;0;0;0;4;0;0;0;0
"17/10/2022";"12:32:00";"157";"Acidente s";"317";"BR-386/RS";"Sul";"Colisão - Traseira";0;0;1;0;0;0;0;0;0;0;3;0;0;0;0
"17/10/2022";"01:59:00";"171";"Acidente c";"346";"BR-386/RS";"Sul";"Colisão - Transversal";1;0;0;0;0;0;0;0;0;0;0;1;0;0;0
"17/10/2022";"07:50:00";"242";"Acidente c";"97";"BR-290/RS";"Oeste";"Engavetamento";3;0;0;0;0;0;0;0;0;0;2;0;0;0;0
"17/10/2022";"10:35:00";"275";"Acidente s";"15";"BR-448/RS";"Sul";"Colisão - Lateral";1;0;1;0;0;0;0;0;0;0;3;0;0;0;0
"18/10/2022";"08:38:00";"109";"Acidente s";"345";"BR-386/RS";"Sul";"Colisão - Traseira";1;0;0;0;0;0;0;0;0;0;0;1;0;0;0
"18/10/2022";"06:40:00";"234";"Acidente s";"89";"BR-290/RS";"Leste";"Colisão - Lateral";1;0;0;1;0;0;0;0;0;0;2;0;0;0;0
"18/10/2022";"07:08:00";"239";"Acidente s";"391";"BR-386/RS";"Sul";"Saída de pista";1;0;0;0;0;0;0;0;0;0;5;0;0;0;0
"19/10/2022";"10:09:00";"117";"Acidente c";"242.4";"BR-386/RS";"Norte";"Queda de ribanceira";1;0;0;0;0;0;0;0;0;0;2;0;0;0;0
"19/10/2022";"12:31:00";"142";"Acidente s";"96";"BR-290/RS";"Oeste";"Saída de pista";3;0;0;0;0;0;0;0;0;0;2;0;0;0;0
"20/10/2022";"05:47:00";"18";"Acidente c";"358";"BR-386/RS";"Norte";"Queda de ribanceira";1;0;0;0;0;0;0;0;0;0;0;2;0;0;0
"20/10/2022";"06:57:00";"31";"Acidente c";"92";"BR-290/RS";"Oeste";"Queda de moto";0;0;0;1;0;0;0;0;0;0;6;0;0;0;0
"20/10/2022";"01:30:00";"158";"Acidente s";"281";"BR-386/RS";"Norte";"Colisão - Traseira";2;0;0;0;0;0;0;0;0;0;3;0;0;0;0
"20/10/2022";"02:26:00";"169";"Acidente s";"80";"BR-290/RS";"Oeste";"Queda de moto";0;0;0;1;0;0;0;0;0;0;0;0;0;1;0
"21/10/2022";"12:09:00";"2";"Acidente c";"309";"BR-386/RS";"Sul";"Colisão - Frontal";1;0;1;0;0;0;0;0;0;0;2;0;0;0;0
"21/10/2022";"07:18:00";"50";"Acidente c";"87";"BR-290/RS";"Oeste";"Queda de moto";0;0;0;1;0;0;0;0;0;0;2;0;1;0;0
"21/10/2022";"10:25:00";"142";"Acidente s";"80";"BR-290/RS";"Leste";"Colisão - Transversal";1;0;0;1;0;0;0;0;0;0;1;0;0;0;0
"21/10/2022";"10:41:00";"146";"Acidente s";"18";"BR-448/RS";"Sul";"Colisão - Lateral";1;0;1;0;0;0;0;0;0;0;3;0;0;0;0
"21/10/2022";"11:35:00";"163";"Acidente s";"397";"BR-386/RS";"Norte";"Saída de pista";0;0;1;0;0;0;0;0;0;0;2;0;0;0;0
"21/10/2022";"03:28:00";"223";"Acidente s";"12";"BR-448/RS";"Sul";"Engavetamento";3;0;0;0;0;0;0;0;0;0;0;0;1;0;0
"21/10/2022";"04:55:00";"244";"Acidente s";"88";"BR-290/RS";"Leste";"Tombamento";2;0;1;0;0;0;0;0;0;0;3;1;1;0;0
"21/10/2022";"05:55:00";"261";"Acidente s";"90";"BR-290/RS";"Leste";"Colisão - Traseira";1;0;0;2;0;0;0;0;0;0;2;0;2;0;0
"21/10/2022";"06:49:00";"283";"Acidente s";"219";"BR-386/RS";"Sul";"Colisão - Lateral";1;0;0;0;0;0;0;0;0;0;1;0;0;0;0
"21/10/2022";"07:38:00";"293";"Acidente s";"32";"BR-101/RS";"Norte";"Queda de ribanceira";1;0;0;0;0;0;0;0;0;0;3;0;0;0;0
"21/10/2022";"08:52:00";"316";"Acidente s";"3";"BR-101/RS";"Norte";"Saída de pista";1;0;0;0;0;0;0;0;0;0;1;0;0;0;0
"21/10/2022";"10:15:00";"329";"Acidente s";"3";"BR-101/RS";"Norte";"Colisão - Traseira";0;0;1;0;0;0;0;0;0;0;2;1;0;0;0
"21/10/2022";"10:24:00";"330";"Acidente s";"29";"BR-290/RS";"Leste";"Colisão - Traseira";2;0;0;0;0;0;0;0;0;0;1;1;0;0;0
"21/10/2022";"11:46:00";"340";"Acidente s";"307";"BR-386/RS";"Sul";"Saída de pista";1;0;0;0;0;0;0;0;0;0;3;0;0;3;1
"22/10/2022";"03:57:00";"20";"Acidente s";"371";"BR-386/RS";"Norte";"Saída de pista";1;0;0;0;0;0;0;0;0;0;1;1;0;0;0
"22/10/2022";"08:55:00";"200";"Acidente s";"443";"BR-386/RS";"Sul";"Colisão - Traseira";2;0;0;0;0;0;0;0;0;0;7;0;0;0;0
"22/10/2022";"10:50:00";"213";"Acidente s";"350";"BR-386/RS";"Norte";"Capotamento";1;0;0;0;0;0;0;0;0;0;1;1;0;0;0
"23/10/2022";"06:02:00";"38";"Acidente s";"35";"BR-101/RS";"Sul";"Choque Praça - Submarino";1;0;0;0;0;0;0;0;0;0;6;0;0;0;0
"23/10/2022";"07:48:00";"59";"Acidente s";"442";"BR-386/RS";"Norte";"Colisão - Traseira";2;0;0;0;0;0;0;0;0;0;5;0;0;0;0
"23/10/2022";"11:01:00";"95";"Acidente s";"92";"BR-290/RS";"Oeste";"Choque Barreira";1;0;0;0;0;0;0;0;0;0;2;0;0;0;0
"23/10/2022";"11:03:00";"96";"Acidente c";"348";"BR-386/RS";"Sul";"Queda de moto";0;0;0;1;0;0;0;0;0;0;3;0;0;0;0
"23/10/2022";"11:09:00";"97";"Acidente c";"417";"BR-386/RS";"Sul";"Queda de moto";0;0;0;1;0;0;0;0;0;0;2;0;0;0;0
"23/10/2022";"12:19:00";"107";"Acidente s";"80";"BR-101/RS";"Norte";"Choque Defensa";1;0;0;0;0;0;0;0;0;0;1;0;0;0;0
"23/10/2022";"02:39:00";"129";"Acidente s";"71";"BR-290/RS";"Oeste";"Colisão - Lateral";2;0;0;0;0;0;0;0;0;0;4;0;0;0;0
"23/10/2022";"02:53:00";"131";"Acidente s";"43";"BR-290/RS";"Oeste";"Queda de moto";0;0;0;1;0;0;0;0;0;0;1;0;0;0;0
"23/10/2022";"05:23:00";"153";"Acidente s";"88";"BR-290/RS";"Leste";"Colisão - Traseira";2;0;0;0;0;0;0;0;0;0;0;1;0;0;0
"23/10/2022";"09:08:00";"202";"Acidente s";"96";"BR-290/RS";"Leste";"Colisão - Lateral";2;0;0;0;0;0;0;0;0;0;1;0;0;0;0
"24/10/2022";"05:21:00";"23";"Acidente s";"440";"BR-386/RS";"Norte";"Saída de pista";1;0;0;0;0;0;0;0;0;0;5;0;0;0;0
"24/10/2022";"07:28:00";"62";"Acidente s";"22";"BR-448/RS";"Norte";"Colisão - Traseira";3;0;0;0;0;0;0;0;0;0;2;0;0;0;0