data;horario;n_da_ocorrencia;tipo_de_ocorrencia;km;trecho;sentido;tipo_de_acidente;automovel;bicicleta;caminhao;moto;onibus;outros;tracao_animal;transporte_de_cargas_especiais;trator_maquinas;utilitarios;ilesos;levemente_feridos;moderadamente_feridos;gravemente_feridos;mortos
"03/12/2022";"05:11:00";"19";"Acidente c";"90";"BR-290/RS";"Leste";"Queda de moto";0;0;0;1;0;0;0;0;0;0;2;0;0;0;0
"03/12/2022";"08:58:00";"78";"Acidente s";"347";"BR-386/RS";"Sul";"Colisão - Lateral";1;0;0;0;0;0;0;1;0;0;1;1;0;0;0
"03/12/2022";"05:43:00";"179";"Acidente s";"266";"BR-386/RS";"Norte";"Colisão - Lateral";1;0;0;0;0;0;0;0;0;1;3;0;0;0;0
"03/12/2022";"05:50:00";"198";"Acidente c";"266";"BR-386/RS";"Sul";"Queda de ribanceira";1;0;0;0;0;0;0;0;0;0;3;0;0;0;0
"03/12/2022";"10:42:00";"219";"Acidente s";"96";"BR-290/RS";"Oeste";"Choque Defensa";1;0;0;0;0;0;0;0;0;0;0;0;1;0;0
"04/12/2022";"02:49:00";"8";"Acidente s";"413";"BR-386/RS";"Sul";"Saída de pista";0;0;0;0;0;0;0;0;0;1;1;0;0;0;0
"04/12/2022";"03:02:00";"10";"Acidente s";"42";"BR-101/RS";"Sul";"Saída de pista";1;0;0;0;0;0;0;0;0;0;2;0;0;0;0
"04/12/2022";"05:13:00";"29";"Acidente s";"309";"BR-386/RS";"Norte";"Choque Defensa";1;0;0;0;0;0;0;0;0;0;2;0;0;0;0
"04/12/2022";"07:07:00";"48";"Acidente s";"75";"BR-290/RS";"Oeste";"Choque Defensa";1;0;0;0;0;0;0;0;0;0;5;0;0;0;0
"04/12/2022";"01:40:00";"105";"Acidente s";"346";"BR-386/RS";"Norte";"Choque - Sinalização";0;0;0;0;0;0;0;0;0;1;1;0;0;0;0
"04/12/2022";"02:27:00";"110";"Acidente s";"80";"BR-290/RS";"Oeste";"Choque Defensa";1;0;0;0;0;0;0;0;0;0;0;0;2;0;0
"04/12/2022";"03:25:00";"128";"Acidente s";"396";"BR-386/RS";"Norte";"Capotamento";1;0;0;0;0;0;0;0;0;0;1;0;1;0;0
"04/12/2022";"03:45:00";"133";"Acidente c";"36";"BR-290/RS";"Leste";"Colisão - Traseira";2;0;0;0;0;0;0;0;0;0;2;0;0;0;0
"04/12/2022";"04:07:00";"136";"Acidente c";"235";"BR-386/RS";"Sul";"Queda de ribanceira";1;0;0;0;0;0;0;0;0;0;1;0;0;0;0
"04/12/2022";"04:09:00";"137";"Acidente s";"80";"BR-290/RS";"Oeste";"Queda de ribanceira";1;0;0;0;0;0;0;0;0;0;1;0;2;0;0
"04/12/2022";"04:45:00";"143";"Acidente s";"12";"BR-290/RS";"Oeste";"Queda de ribanceira";1;0;0;0;0;0;0;0;0;0;1;1;0;0;0
"04/12/2022";"04:55:00";"146";"Acidente s";"94";"BR-290/RS";"Leste";"Colisão - Lateral";1;0;0;0;0;0;0;1;0;0;0;1;0;0;0
"04/12/2022";"05:00:00";"148";"Acidente s";"440";"BR-386/RS";"Norte";"Saída de pista";1;0;0;0;0;0;0;0;0;0;2;0;0;0;0
"04/12/2022";"05:15:00";"152";"Acidente c";"440";"BR-386/RS";"Norte";"Saída de pista";1;0;0;0;0;0;0;0;0;0;1;0;0;0;0
"04/12/2022";"05:50:00";"162";"Acidente s";"94";"BR-290/RS";"Oeste";"Choque Barreira";1;0;0;0;0;0;0;0;0;0;3;0;0;0;0
"04/12/2022";"06:45:00";"174";"Acidente s";"368";"BR-386/RS";"Sul";"Saída de pista";1;0;0;0;0;0;0;0;0;0;1;0;0;0;0
"04/12/2022";"08:31:00";"199";"Acidente s";"345";"BR-386/RS";"Norte";"Choque - Meio Fio";1;0;0;0;0;0;0;0;0;0;1;0;0;0;0
"04/12/2022";"10:12:00";"222";"Acidente s";"401";"BR-386/RS";"Norte";"Saída de pista";1;0;0;0;0;0;0;0;0;0;9;0;0;0;0
"05/12/2022";"02:16:00";"10";"Acidente c";"366";"BR-386/RS";"Sul";"Choque Defensa";1;0;0;0;0;0;0;0;0;0;0;1;0;0;0
"05/12/2022";"06:17:00";"32";"Acidente s";"57";"BR-101/RS";"Sul";"Saída de pista";1;0;0;0;0;0;0;0;0;0;1;0;0;0;0
"05/12/2022";"06:32:00";"36";"Acidente s";"192";"BR-386/RS";"Sul";"Colisão - Transversal";2;0;0;0;0;0;0;0;0;0;6;0;0;0;0
"05/12/2022";"09:13:00";"123";"Acidente c";"444";"BR-386/RS";"Norte";"Colisão - Lateral";1;0;0;0;0;1;0;0;0;0;4;0;1;0;0
"05/12/2022";"09:52:00";"133";"Acidente s";"438";"BR-386/RS";"Sul";"Choque Defensa";0;0;0;0;0;1;0;0;0;0;1;0;0;0;0
"05/12/2022";"10:27:00";"143";"Acidente s";"389";"BR-386/RS";"Norte";"Colisão - Lateral";2;0;0;0;0;0;0;0;0;0;2;3;0;0;0
"05/12/2022";"03:10:00";"208";"Acidente s";"334";"BR-386/RS";"Sul";"Engavetamento";5;0;0;0;0;0;0;0;0;0;1;0;0;0;0
"05/12/2022";"08:57:00";"271";"Acidente s";"414.1";"BR-386/RS";"Sul";"Saída de pista";0;0;0;0;1;0;0;0;0;0;3;0;0;0;0
"06/12/2022";"04:53:00";"14";"Acidente s";"3";"BR-101/RS";"Sul";"Saída de pista";0;0;1;0;0;0;0;0;0;0;3;0;0;0;0
"06/12/2022";"08:47:00";"97";"Acidente s";"68";"BR-290/RS";"Oeste";"Capotamento";1;0;0;0;0;0;0;0;0;0;4;0;0;0;0
"06/12/2022";"03:27:00";"205";"Acidente s";"379";"BR-386/RS";"Sul";"Saída de pista";1;0;0;0;0;0;0;0;0;0;0;0;0;1;0
"06/12/2022";"08:13:00";"270";"Acidente c";"216";"BR-386/RS";"Norte";"Colisão - Lateral";1;0;0;1;0;0;0;0;0;0;1;0;0;0;0
"07/12/2022";"11:24:00";"161";"Acidente c";"432";"BR-386/RS";"Sul";"Capotamento";1;0;0;0;0;0;0;0;0;0;0;0;5;0;0
"07/12/2022";"11:48:00";"164";"Acidente c";"383";"BR-386/RS";"Sul";"Queda de moto";1;0;0;0;0;0;0;0;0;0;2;0;0;0;0
"07/12/2022";"01:58:00";"194";"Acidente s";"24";"BR-101/RS";"Sul";"Colisão - Traseira";2;0;0;0;0;0;0;0;0;0;1;0;0;0;0
"07/12/2022";"02:02:00";"195";"Acidente c";"38";"BR-290/RS";"Leste";"Capotamento";1;0;0;0;0;0;0;0;0;0;1;0;0;0;0
"07/12/2022";"05:38:00";"243";"Acidente s";"53";"BR-290/RS";"Oeste";"Colisão - Traseira";0;0;1;0;0;0;0;1;0;0;1;0;0;0;0
"07/12/2022";"06:03:00";"248";"Acidente s";"347";"BR-386/RS";"Sul";"Colisão - Lateral";2;0;0;0;0;1;0;0;0;0;1;0;0;0;0
"07/12/2022";"07:37:00";"272";"Acidente s";"91";"BR-290/RS";"Leste";"Colisão - Traseira";2;0;0;0;0;0;0;0;0;0;6;0;0;0;0
"07/12/2022";"10:27:00";"296";"Acidente c";"347";"BR-386/RS";"Norte";"Colisão - Traseira";1;0;1;0;0;0;0;0;0;0;1;0;0;0;0
"08/12/2022";"12:56:00";"3";"Acidente s";"52";"BR-101/RS";"Norte";"Colisão - Lateral";1;0;0;0;0;0;0;1;0;1;1;0;0;0;0
"08/12/2022";"01:39:00";"5";"Acidente s";"53";"BR-290/RS";"Oeste";"Colisão - Traseira";1;0;0;0;0;0;0;0;0;1;1;0;0;0;0
"08/12/2022";"07:46:00";"89";"Acidente s";"95";"BR-290/RS";"Oeste";"Colisão - Traseira";0;0;0;2;0;1;0;0;0;0;6;0;0;0;0
"08/12/2022";"08:26:00";"121";"Acidente s";"400";"BR-386/RS";"Sul";"Colisão - Traseira";1;0;0;0;0;0;0;0;0;1;0;2;0;0;0
"08/12/2022";"10:11:00";"164";"Acidente s";"420";"BR-386/RS";"Sul";"Queda de ribanceira";0;0;0;1;0;0;0;0;0;0;3;0;0;0;0
"08/12/2022";"11:23:00";"193";"Acidente s";"84";"BR-101/RS";"Sul";"Colisão - Transversal";2;0;0;0;0;0;0;0;0;0;1;0;0;0;0
"08/12/2022";"12:44:00";"212";"Acidente s";"9";"BR-448/RS";"Norte";"Colisão - Lateral";1;0;0;0;0;1;0;0;0;0;4;0;0;0;0
"08/12/2022";"02:52:00";"253";"Acidente c";"25";"BR-290/RS";"Leste";"Colisão - Lateral";1;0;0;0;0;0;0;1;0;0;1;0;0;0;0
"08/12/2022";"03:12:00";"261";"Acidente s";"73";"BR-290/RS";"Leste";"Colisão - Traseira";2;0;0;0;0;0;0;0;0;0;5;0;0;0;0
"08/12/2022";"03:56:00";"279";"Acidente s";"7";"BR-290/RS";"Leste";"Capotamento";0;0;0;0;0;0;0;0;0;1;2;0;0;0;0
"08/12/2022";"07:08:00";"328";"Atropelame";"85";"BR-101/RS";"Sul";"Atropelamento - Usuário";1;0;1;0;0;0;0;0;0;0;1;1;0;0;0
"08/12/2022";"07:57:00";"342";"Atropelame";"183";"BR-386/RS";"Sul";"Atropelamento - Usuário";1;0;1;1;0;0;0;0;0;0;0;1;0;0;0
"08/12/2022";"10:22:00";"372";"Acidente c";"92";"BR-290/RS";"Oeste";"Queda de moto";0;0;0;1;0;0;0;0;0;0;1;3;0;0;0
"09/12/2022";"09:52:00";"135";"Acidente s";"39";"BR-101/RS";"Norte";"Colisão - Lateral";1;0;0;0;0;1;0;0;0;0;1;0;0;0;0
"09/12/2022";"12:50:00";"181";"Acidente s";"92";"BR-290/RS";"Leste";"Colisão - Traseira";1;0;0;0;0;0;0;0;0;1;2;1;2;0;0
"09/12/2022";"01:51:00";"197";"Acidente s";"307";"BR-386/RS";"Norte";"Choque Barreira";0;0;1;0;0;0;0;0;0;0;0;2;0;0;0
"09/12/2022";"09:14:00";"302";"Acidente s";"30";"BR-101/RS";"Sul";"Atropelamento de Animal";2;0;0;0;0;0;0;0;0;0;1;1;0;0;0
"10/12/2022";"02:17:00";"9";"Acidente s";"3";"BR-290/RS";"Leste";"Saída de pista";1;0;0;0;0;0;0;0;0;0;0;1;0;0;0
"10/12/2022";"05:43:00";"17";"Acidente s";"35";"BR-101/RS";"Norte";"Choque Defensa";0;0;1;0;0;0;0;0;0;0;4;0;0;0;0
"10/12/2022";"11:01:00";"106";"Acidente s";"215";"BR-386/RS";"Norte";"Colisão - Transversal";2;0;0;0;0;0;0;0;0;0;2;0;0;0;0
"10/12/2022";"12:36:00";"125";"Acidente s";"247.41";"BR-386/RS";"Norte";"Queda de ribanceira";1;0;0;0;0;0;0;0;0;0;5;0;0;0;0
"10/12/2022";"01:34:00";"144";"Acidente s";"83";"BR-101/RS";"Norte";"Saída de pista";1;0;0;0;0;0;0;0;0;0;1;0;0;0;0
"10/12/2022";"08:14:00";"232";"Acidente s";"356.35";"BR-386/RS";"Norte";"Colisão - Transversal";2;0;0;0;0;0;0;0;0;0;1;0;0;0;0
"10/12/2022";"08:18:00";"233";"Acidente s";"370";"BR-386/RS";"Norte";"Saída de pista";2;0;0;0;0;0;0;0;0;0;1;0;0;0;0
"10/12/2022";"08:35:00";"237";"Acidente c";"346";"BR-386/RS";"Sul";"Saída de pista";1;0;0;0;0;0;0;0;0;0;1;0;0;0;0
"10/12/2022";"08:42:00";"239";"Acidente c";"324";"BR-386/RS";"Norte";"Colisão - Transversal";2;0;0;0;0;0;0;0;0;0;0;1;0;0;0
"10/12/2022";"11:28:00";"259";"Acidente c";"92";"BR-290/RS";"Leste";"Choque Defensa";1;0;0;0;0;0;0;0;0;0;2;0;0;0;0
"11/12/2022";"12:48:00";"6";"Acidente c";"62";"BR-290/RS";"Leste";"Colisão - Traseira";2;0;0;0;0;0;0;0;0;0;1;0;0;0;0
"11/12/2022";"02:31:00";"108";"Acidente c";"405";"BR-386/RS";"Norte";"Saída de pista";1;0;0;0;0;0;0;0;0;0;0;2;0;0;0
"11/12/2022";"10:00:00";"227";"Acidente s";"346";"BR-386/RS";"Norte";"Colisão - Lateral";2;0;0;0;0;0;0;0;0;0;1;0;0;0;0
"12/12/2022";"12:31:00";"2";"Acidente s";"378";"BR-386/RS";"Norte";"Saída de pista";0;0;1;0;0;0;0;0;0;0;1;0;0;0;0
"12/12/2022";"12:57:00";"4";"Acidente s";"299";"BR-386/RS";"Sul";"Tombamento";0;0;1;0;0;0;0;0;0;0;14;0;0;0;0
"12/12/2022";"01:06:00";"6";"Acidente s";"97";"BR-290/RS";"Leste";"Choque - Meio Fio";1;0;0;0;0;0;0;0;0;0;0;0;1;0;0
"12/12/2022";"05:00:00";"19";"Acidente s";"54";"BR-290/RS";"Oeste";"Capotamento";1;0;0;0;0;0;0;0;0;0;2;0;0;0;0
"12/12/2022";"05:27:00";"24";"Acidente s";"45";"BR-290/RS";"Leste";"Choque Defensa";0;0;1;0;0;0;0;0;0;0;5;1;0;0;0
"12/12/2022";"06:38:00";"44";"Acidente s";"95";"BR-290/RS";"Leste";"Choque Defensa";1;0;0;0;0;0;0;0;0;0;1;0;0;0;0
"12/12/2022";"07:11:00";"65";"Acidente s";"24";"BR-290/RS";"Leste";"Colisão - Lateral";1;0;0;0;0;0;0;0;0;0;2;0;0;0;0
"12/12/2022";"08:04:00";"100";"Acidente c";"70";"BR-290/RS";"Oeste";"Colisão - Frontal";2;0;0;0;0;0;0;0;0;0;2;0;0;0;0
"12/12/2022";"08:07:00";"105";"Acidente s";"84";"BR-290/RS";"Oeste";"Engavetamento";5;0;0;0;0;0;0;0;0;1;2;0;1;0;0
"12/12/2022";"01:18:00";"215";"Acidente s";"77";"BR-290/RS";"Leste";"Colisão - Lateral";1;0;1;0;0;0;0;0;0;0;0;1;0;0;0
"12/12/2022";"02:26:00";"241";"Acidente s";"411";"BR-386/RS";"Norte";"Saída de pista";1;0;0;0;0;0;0;0;0;0;3;0;1;0;0
"12/12/2022";"06:48:00";"302";"Acidente s";"342";"BR-386/RS";"Norte";"Colisão - Traseira";2;0;0;0;0;1;0;2;0;0;1;0;0;0;0
"12/12/2022";"07:02:00";"304";"Acidente s";"24";"BR-290/RS";"Oeste";"Choque Defensa";1;0;0;0;0;0;0;0;0;0;3;0;0;0;0
"12/12/2022";"07:36:00";"317";"Acidente s";"9";"BR-448/RS";"Sul";"Saída de pista";1;0;0;0;0;0;0;0;0;0;1;0;0;0;0
"12/12/2022";"08:52:00";"332";"Acidente s";"80";"BR-290/RS";"Leste";"Saída de pista";1;0;0;0;0;0;0;0;0;0;1;0;0;0;0
"13/12/2022";"07:21:00";"72";"Acidente s";"90";"BR-290/RS";"Oeste";"Colisão - Traseira";2;0;0;0;0;0;0;0;0;0;2;0;0;0;0
"13/12/2022";"07:47:00";"90";"Acidente s";"286";"BR-386/RS";"Sul";"Colisão - Traseira";1;0;0;0;0;0;0;0;0;1;2;0;0;0;0
"13/12/2022";"07:56:00";"100";"Acidente s";"410";"BR-386/RS";"Norte";"Capotamento";1;0;0;0;0;0;0;0;0;0;3;0;0;0;0
"13/12/2022";"08:51:00";"131";"Acidente s";"89";"BR-290/RS";"Oeste";"Colisão - Traseira";2;0;0;0;0;0;0;0;0;0;2;0;0;0;0
"13/12/2022";"12:07:00";"190";"Acidente s";"17";"BR-448/RS";"Norte";"Colisão - Lateral";1;0;1;0;0;0;0;0;0;0;4;0;0;0;0
"13/12/2022";"12:12:00";"192";"Acidente s";"46";"BR-101/RS";"Norte";"Colisão - Traseira";2;0;0;0;0;0;0;0;0;0;1;0;0;0;0
"13/12/2022";"01:59:00";"213";"Acidente s";"92";"BR-290/RS";"Oeste";"Colisão - Traseira";1;0;0;0;0;1;0;0;0;0;1;0;0;0;0
"13/12/2022";"07:52:00";"309";"Atropelame";"15";"BR-101/RS";"Sul";"Atropelamento - Esportista";2;0;0;0;0;0;0;0;0;0;1;6;0;0;0
"14/12/2022";"07:13:00";"65";"Acidente c";"349";"BR-386/RS";"Norte";"Colisão - Traseira";2;0;0;0;0;0;0;0;0;0;0;2;0;0;0
"14/12/2022";"07:13:00";"66";"Acidente c";"290";"BR-386/RS";"Ambos";"Colisão - Transversal";1;0;1;0;0;2;0;1;0;0;4;0;0;0;0
"14/12/2022";"08:28:00";"107";"Acidente c";"347";"BR-386/RS";"Sul";"Colisão - Traseira";1;0;0;0;0;0;0;0;0;1;1;0;0;1;0
"14/12/2022";"10:46:00";"151";"Acidente s";"348";"BR-386/RS";"Norte";"Colisão - Traseira";2;0;0;0;0;0;0;0;0;0;45;0;0;0;0
"14/12/2022";"01:05:00";"186";"Acidente s";"346";"BR-386/RS";"Norte";"Colisão - Traseira";1;0;0;0;0;1;0;0;0;0;1;0;0;0;0
"14/12/2022";"03:09:00";"214";"Acidente s";"426.03";"BR-386/RS";"Sul";"Colisão - Traseira";2;0;0;0;0;0;0;0;0;0;4;2;0;0;0
"14/12/2022";"06:07:00";"253";"Acidente c";"352";"BR-386/RS";"Norte";"Queda de moto";0;0;0;2;0;0;0;0;0;0;1;1;0;0;0
"14/12/2022";"06:33:00";"261";"Acidente s";"348";"BR-386/RS";"Norte";"Colisão - Lateral";1;0;1;0;0;0;0;0;0;0;1;0;0;0;0
"14/12/2022";"07:38:00";"268";"Acidente s";"285";"BR-386/RS";"Ambos";"Colisão - Traseira";0;0;1;0;0;1;0;0;0;0;3;0;0;0;0
"15/12/2022";"12:18:00";"3";"Acidente s";"299";"BR-386/RS";"Norte";"Colisão - Lateral";0;0;1;0;0;0;0;0;0;1;3;0;0;0;0
"15/12/2022";"07:27:00";"89";"Acidente s";"434.58";"BR-386/RS";"Norte";"Queda de moto";0;0;0;1;0;0;0;0;0;0;4;0;0;0;0
"15/12/2022";"04:42:00";"254";"Acidente s";"435";"BR-386/RS";"Norte";"Colisão - Transversal";2;0;0;0;0;0;0;0;0;0;2;0;0;0;0
"15/12/2022";"10:25:00";"318";"Acidente s";"11";"BR-448/RS";"Sul";"Saída de pista";1;0;0;0;0;0;0;0;0;0;2;0;0;0;0
"16/12/2022";"10:01:00";"155";"Acidente c";"91";"BR-290/RS";"Oeste";"Colisão - Traseira";1;0;0;1;0;0;0;0;0;0;1;0;0;0;0
"16/12/2022";"01:31:00";"207";"Acidente s";"248";"BR-386/RS";"Norte";"Colisão - Traseira";1;0;0;0;0;1;0;0;0;0;2;0;1;0;0
"16/12/2022";"01:56:00";"211";"Acidente s";"37";"BR-101/RS";"Norte";"Colisão - Lateral";2;0;0;0;0;0;0;0;0;0;2;0;0;0;0
"16/12/2022";"02:57:00";"222";"Acidente s";"17";"BR-290/RS";"Leste";"Colisão - Lateral";2;0;0;0;0;0;0;0;0;0;2;0;0;0;0
"16/12/2022";"04:57:00";"247";"Acidente s";"89";"BR-290/RS";"Leste";"Colisão - Lateral";1;0;1;0;0;0;0;0;0;0;2;0;0;0;0
"17/12/2022";"12:46:00";"13";"Acidente s";"22";"BR-448/RS";"Norte";"Choque Barreira";1;0;0;0;0;0;0;0;0;0;3;0;0;0;0
"17/12/2022";"03:31:00";"39";"Acidente s";"280";"BR-386/RS";"Norte";"Saída de pista";1;0;0;0;0;0;0;0;0;0;2;0;0;0;0
"17/12/2022";"08:29:00";"114";"Acidente s";"60";"BR-290/RS";"Oeste";"Colisão - Traseira";2;0;0;0;0;0;0;0;0;0;1;1;0;0;0
"17/12/2022";"12:49:00";"179";"Acidente s";"68";"BR-290/RS";"Oeste";"Colisão - Traseira";2;0;0;0;0;0;0;0;0;0;2;0;0;0;0
"17/12/2022";"08:51:00";"308";"Acidente s";"38";"BR-101/RS";"Sul";"Saída de pista";1;0;0;0;0;0;0;0;0;0;0;1;1;0;0
"17/12/2022";"09:37:00";"316";"Acidente s";"327";"BR-386/RS";"Sul";"Colisão - Lateral";1;0;1;0;0;0;0;0;0;0;3;0;0;0;0
"18/12/2022";"08:00:00";"32";"Acidente s";"392";"BR-386/RS";"Sul";"Capotamento";1;0;0;0;0;0;0;0;0;0;3;0;0;0;0
"18/12/2022";"10:42:00";"63";"Acidente s";"305";"BR-386/RS";"Sul";"Colisão - Traseira";1;0;0;0;0;1;0;0;0;0;1;0;1;0;0
"18/12/2022";"07:03:00";"157";"Acidente s";"343";"BR-386/RS";"Norte";"Colisão - Traseira";2;0;0;1;0;0;0;0;0;0;1;0;0;0;0
"18/12/2022";"07:24:00";"163";"Acidente s";"270";"BR-386/RS";"Norte";"Colisão - Frontal";1;0;0;0;0;0;0;0;0;0;0;1;0;0;0
"18/12/2022";"07:25:00";"164";"Acidente c";"70";"BR-101/RS";"Norte";"Colisão - Transversal";2;0;0;0;0;0;0;0;0;0;3;0;0;0;0
"19/12/2022";"02:17:00";"13";"Acidente s";"56";"BR-101/RS";"Sul";"Saída de pista";1;0;0;0;0;0;0;0;0;0;1;0;0;0;0
"19/12/2022";"03:40:00";"20";"Acidente s";"11";"BR-101/RS";"Sul";"Saída de pista";1;0;0;0;0;0;0;0;0;0;1;0;0;0;1
"19/12/2022";"04:34:00";"23";"Acidente s";"94";"BR-290/RS";"Leste";"Choque Barreira";1;0;0;0;0;0;0;0;0;0;4;0;1;0;0
"19/12/2022";"05:26:00";"28";"Acidente s";"392";"BR-386/RS";"Sul";"Queda de ribanceira";1;0;0;0;0;0;0;0;0;0;3;0;0;0;0
"19/12/2022";"06:05:00";"30";"Acidente s";"91";"BR-290/RS";"Ambos";"Saída de pista";1;0;0;0;0;0;0;0;0;0;6;0;0;0;0
"19/12/2022";"07:57:00";"72";"Acidente c";"22";"BR-101/RS";"Sul";"Queda de moto";0;0;0;1;0;0;0;0;0;0;2;0;0;0;0
"19/12/2022";"08:14:00";"78";"Acidente s";"227";"BR-386/RS";"Norte";"Saída de pista";1;0;0;0;0;0;0;0;0;0;0;0;1;0;0
"19/12/2022";"08:17:00";"82";"Acidente s";"377";"BR-386/RS";"Norte";"Saída de pista";2;0;0;0;0;0;0;0;0;0;2;0;0;0;0
"19/12/2022";"10:20:00";"131";"Acidente s";"242";"BR-386/RS";"Norte";"Colisão - Lateral";2;0;0;0;0;0;0;0;0;0;0;1;0;0;0
"19/12/2022";"11:53:00";"154";"Acidente c";"356";"BR-386/RS";"Norte";"Queda de moto";0;0;0;1;0;0;0;0;0;0;6;0;0;0;0
"20/12/2022";"07:25:00";"64";"Acidente s";"349";"BR-386/RS";"Norte";"Colisão - Traseira";1;0;1;0;0;0;0;0;0;0;1;1;1;0;0
"20/12/2022";"07:42:00";"77";"Acidente s";"350.32";"BR-386/RS";"Norte";"Engavetamento";3;0;0;0;0;0;0;0;0;0;1;0;0;0;0
"20/12/2022";"09:32:00";"125";"Acidente c";"17";"BR-290/RS";"Oeste";"Capotamento";1;0;0;0;0;0;0;0;0;0;7;1;0;0;0
"20/12/2022";"10:17:00";"135";"Acidente s";"422.37";"BR-386/RS";"Norte";"Colisão - Lateral";1;0;0;0;0;0;0;0;0;0;2;0;0;0;0
"20/12/2022";"03:08:00";"201";"Acidente s";"7";"BR-101/RS";"Sul";"Colisão - Traseira";2;0;0;0;0;0;0;0;0;0;5;2;1;0;0
"21/12/2022";"07:47:00";"91";"Acidente s";"10";"BR-448/RS";"Sul";"Saída de pista";0;0;0;0;0;0;0;0;0;1;1;0;0;0;0
"21/12/2022";"08:26:00";"114";"Acidente s";"81";"BR-290/RS";"Leste";"Colisão - Traseira";2;0;0;0;0;0;0;0;0;0;2;0;0;0;0
"21/12/2022";"09:04:00";"128";"Acidente c";"358";"BR-386/RS";"Norte";"Queda de moto";0;0;0;1;0;0;0;0;0;0;2;1;0;0;0
"21/12/2022";"09:35:00";"140";"Acidente s";"90";"BR-290/RS";"Oeste";"Colisão - Traseira";2;0;0;0;0;0;0;0;0;0;1;1;3;0;0
"21/12/2022";"09:56:00";"145";"Acidente s";"337";"BR-386/RS";"Sul";"Colisão - Transversal";2;0;0;0;0;0;0;0;0;0;4;0;0;0;0
"21/12/2022";"01:43:00";"216";"Acidente c";"333";"BR-386/RS";"Sul";"Tombamento";0;0;0;0;0;0;0;1;0;0;5;0;0;0;0
"21/12/2022";"04:25:00";"253";"Acidente s";"344.17";"BR-386/RS";"Sul";"Colisão - Traseira";2;0;0;0;0;0;0;0;0;0;3;0;0;0;0
"21/12/2022";"10:06:00";"329";"Acidente c";"92";"BR-290/RS";"Oeste";"Choque Defensa";1;0;0;0;0;0;0;0;0;0;2;0;0;0;0
"22/12/2022";"02:21:00";"13";"Acidente s";"291";"BR-386/RS";"Norte";"Choque Defensa";1;0;0;0;0;0;0;0;0;0;3;0;0;0;0
"22/12/2022";"02:38:00";"14";"Acidente s";"413";"BR-386/RS";"Sul";"Saída de pista";1;0;0;0;0;0;0;0;0;0;1;0;0;0;0
"22/12/2022";"06:29:00";"38";"Acidente s";"98";"BR-290/RS";"Leste";"Colisão - Traseira";1;0;1;0;0;0;0;0;0;0;2;0;0;0;0
"22/12/2022";"07:14:00";"61";"Acidente c";"15";"BR-448/RS";"Norte";"Queda de moto";0;0;0;1;0;0;0;0;0;0;2;0;0;0;0
"22/12/2022";"11:34:00";"175";"Acidente c";"344";"BR-386/RS";"Sul";"Colisão - Frontal";3;0;0;0;0;0;0;0;0;0;0;1;0;0;0
"22/12/2022";"12:07:00";"187";"Acidente c";"180";"BR-386/RS";"Sul";"Colisão - Transversal";1;0;1;0;0;0;0;0;0;0;6;0;0;0;0
"22/12/2022";"07:00:00";"292";"Acidente s";"345";"BR-386/RS";"Sul";"Capotamento";1;0;0;0;0;0;0;0;0;0;1;0;0;0;0
"22/12/2022";"08:17:00";"308";"Acidente s";"379";"BR-386/RS";"Sul";"Atropelamento de Animal";1;0;0;0;0;0;0;0;0;0;1;2;0;0;0
"22/12/2022";"08:35:00";"311";"Acidente s";"181";"BR-386/RS";"Sul";"Saída de pista";1;0;0;0;0;0;0;0;0;0;6;0;0;0;0
"23/12/2022";"07:12:00";"35";"Acidente c";"351";"BR-386/RS";"Norte";"Colisão - Traseira";2;0;0;0;0;0;0;0;0;0;5;0;0;0;0
"23/12/2022";"07:40:00";"51";"Acidente c";"346";"BR-386/RS";"Norte";"Colisão - Traseira";2;0;0;0;0;0;0;0;0;0;0;1;0;0;0
"23/12/2022";"08:01:00";"60";"Acidente c";"284";"BR-386/RS";"Norte";"Colisão - Frontal";2;0;0;0;0;0;0;1;0;0;1;1;0;0;0
"23/12/2022";"08:21:00";"64";"Acidente c";"10";"BR-101/RS";"Sul";"Colisão - Traseira";1;0;1;0;0;0;0;0;0;0;1;0;0;0;0
"23/12/2022";"10:26:00";"120";"Acidente s";"350";"BR-386/RS";"Norte";"Engavetamento";3;0;0;0;0;0;0;0;0;0;5;0;0;0;0
"23/12/2022";"12:01:00";"150";"Acidente c";"329.28";"BR-386/RS";"Sul";"Colisão - Lateral";1;0;0;1;0;0;0;0;0;0;3;0;0;0;0
"23/12/2022";"12:24:00";"157";"Acidente s";"340";"BR-386/RS";"Sul";"Colisão - Traseira";1;0;0;0;0;1;0;0;0;0;1;0;0;0;0
"23/12/2022";"01:19:00";"178";"Acidente s";"88";"BR-290/RS";"Leste";"Colisão - Traseira";1;0;0;0;0;1;0;0;0;0;5;0;0;0;0
"23/12/2022";"01:52:00";"192";"Acidente s";"306";"BR-386/RS";"Norte";"Colisão - Traseira";1;0;1;0;0;0;0;0;0;0;1;0;1;1;0
"23/12/2022";"02:38:00";"212";"Acidente s";"55";"BR-101/RS";"Sul";"Colisão - Traseira";2;0;0;0;0;0;0;0;0;0;2;0;0;0;0
"23/12/2022";"02:54:00";"218";"Acidente s";"307";"BR-386/RS";"Sul";"Saída de pista";1;0;0;0;0;0;0;0;0;0;0;1;0;0;0
"23/12/2022";"05:24:00";"268";"Acidente s";"351";"BR-386/RS";"Norte";"Choque - Arvore";1;0;0;0;0;0;0;0;0;0;1;3;0;0;0