data;horario;n_da_ocorrencia;tipo_de_ocorrencia;km;trecho;sentido;tipo_de_acidente;automovel;bicicleta;caminhao;moto;onibus;outros;tracao_animal;transporte_de_cargas_especiais;trator_maquinas;utilitarios;ilesos;levemente_feridos;moderadamente_feridos;gravemente_feridos;mortos
"07/01/2023";"03:19:00";"169";"Acidente c";"367";"BR-386/RS";"Sul";"Colisão - Transversal";2;0;0;0;0;0;0;0;0;0;0;3;2;0;0
"07/01/2023";"04:34:00";"183";"Acidente c";"349";"BR-386/RS";"Norte";"Colisão - Transversal";2;0;0;0;0;0;0;0;0;0;8;1;0;0;0
"07/01/2023";"06:50:00";"216";"Atropelame";"69";"BR-290/RS";"Leste";"Atropelamento - Usuário";1;0;0;0;0;0;0;0;0;0;3;0;0;0;0
"07/01/2023";"09:13:00";"236";"Acidente c";"302";"BR-386/RS";"Norte";"Colisão - Transversal";2;0;0;0;0;0;0;0;0;0;1;0;0;0;0
"08/01/2023";"05:04:00";"16";"Acidente c";"304";"BR-386/RS";"Norte";"Saída de pista";0;0;0;1;0;0;0;0;0;0;2;0;0;0;0
"08/01/2023";"07:05:00";"34";"Acidente s";"1";"BR-101/RS";"Norte";"Colisão - Traseira";2;0;0;0;0;0;0;0;0;0;4;3;0;0;0
"08/01/2023";"12:54:00";"100";"Acidente c";"8";"BR-101/RS";"Norte";"Saída de pista";0;0;0;1;0;0;0;0;0;0;1;0;0;0;0
"08/01/2023";"03:50:00";"132";"Acidente c";"239";"BR-386/RS";"Sul";"Colisão - Frontal";6;0;0;0;0;0;0;0;0;0;0;0;1;1;0
"08/01/2023";"04:27:00";"143";"Acidente s";"87";"BR-101/RS";"Sul";"Colisão - Traseira";2;0;0;0;0;0;0;0;0;0;1;0;1;0;0
"08/01/2023";"05:50:00";"161";"Acidente s";"17";"BR-290/RS";"Oeste";"Colisão - Traseira";3;0;0;0;0;0;0;0;0;0;2;0;0;0;0
"08/01/2023";"07:54:00";"219";"Acidente s";"35";"BR-101/RS";"Sul";"Colisão - Lateral";2;0;0;0;0;0;0;0;0;0;3;0;1;0;0
"08/01/2023";"08:04:00";"223";"Acidente s";"5";"BR-290/RS";"Oeste";"Colisão - Traseira";2;0;0;0;0;0;0;0;0;0;2;0;0;0;0
"08/01/2023";"09:12:00";"250";"Acidente c";"95";"BR-290/RS";"Oeste";"Choque Defensa";0;0;0;1;0;0;0;0;0;0;1;0;0;0;0
"08/01/2023";"10:41:00";"286";"Acidente s";"33";"BR-290/RS";"Oeste";"Colisão - Traseira";2;0;0;0;0;0;0;0;0;0;2;1;0;0;0
"08/01/2023";"11:02:00";"292";"Acidente s";"51";"BR-101/RS";"Norte";"Saída de pista";1;0;0;0;0;0;0;0;0;0;1;0;0;0;0
"08/01/2023";"11:53:00";"305";"Acidente s";"25";"BR-290/RS";"Oeste";"Colisão - Traseira";2;0;0;0;0;0;0;0;0;0;4;0;0;0;0
"09/01/2023";"06:54:00";"57";"Acidente s";"49";"BR-101/RS";"Norte";"Colisão - Traseira";0;0;0;0;0;0;0;0;0;2;0;1;0;0;0
"09/01/2023";"07:27:00";"83";"Acidente s";"19";"BR-101/RS";"Sul";"Colisão - Traseira";2;0;0;0;0;0;0;0;0;0;4;0;0;0;0
"09/01/2023";"08:03:00";"112";"Acidente s";"84";"BR-290/RS";"Oeste";"Colisão - Traseira";2;0;0;0;0;0;0;0;0;0;1;0;0;0;0
"09/01/2023";"10:36:00";"181";"Acidente c";"8";"BR-290/RS";"Oeste";"Queda de ribanceira";1;0;0;0;0;0;0;0;0;0;2;0;0;0;0
"09/01/2023";"03:03:00";"237";"Acidente s";"75";"BR-290/RS";"Oeste";"Choque Barreira";1;0;0;0;0;0;0;0;0;0;6;0;0;0;0
"09/01/2023";"04:01:00";"258";"Acidente s";"52";"BR-101/RS";"Sul";"Saída de pista";1;0;0;0;0;0;0;0;0;0;1;0;0;0;0
"09/01/2023";"06:17:00";"293";"Acidente s";"86";"BR-290/RS";"Leste";"Colisão - Traseira";1;0;0;0;0;1;0;0;0;0;3;0;0;0;0
"09/01/2023";"06:27:00";"296";"Acidente s";"90";"BR-290/RS";"Oeste";"Queda de moto";0;0;0;1;0;0;0;0;0;0;5;0;0;0;0
"10/01/2023";"01:02:00";"7";"Acidente s";"35";"BR-290/RS";"Leste";"Colisão - Lateral";1;0;1;0;0;0;0;0;0;0;0;0;2;0;0
"10/01/2023";"02:50:00";"16";"Acidente s";"79";"BR-101/RS";"Sul";"Atropelamento de Animal";1;0;0;0;0;0;0;0;0;0;1;0;0;0;0
"10/01/2023";"09:19:00";"124";"Acidente s";"53";"BR-290/RS";"Oeste";"Colisão - Traseira";2;0;0;0;0;0;0;0;0;0;3;0;0;0;0
"10/01/2023";"09:30:00";"129";"Acidente s";"20";"BR-101/RS";"Norte";"Saída de pista";0;0;0;0;0;0;0;0;0;0;8;0;0;0;0
"10/01/2023";"10:39:00";"150";"Acidente s";"52";"BR-290/RS";"Oeste";"Colisão - Traseira";2;0;0;0;0;0;0;0;0;0;4;0;0;0;0
"10/01/2023";"03:33:00";"219";"Acidente s";"339";"BR-386/RS";"Sul";"Outros";1;0;0;0;0;0;0;0;0;0;2;0;0;0;0
"10/01/2023";"03:51:00";"222";"Acidente c";"333";"BR-386/RS";"Sul";"Colisão - Lateral";1;0;1;0;0;0;0;0;0;0;1;0;0;0;0
"10/01/2023";"05:01:00";"237";"Acidente s";"52";"BR-101/RS";"Norte";"Queda de ribanceira";1;0;0;0;0;0;0;0;0;0;2;0;0;0;0
"10/01/2023";"05:07:00";"238";"Acidente c";"21";"BR-448/RS";"Norte";"Choque Defensa";1;0;0;0;0;0;0;0;0;0;2;0;0;0;0
"10/01/2023";"05:16:00";"243";"Acidente s";"7";"BR-101/RS";"Sul";"Colisão - Transversal";2;0;0;0;0;0;0;0;0;0;1;0;0;0;0
"10/01/2023";"07:48:00";"268";"Acidente s";"22";"BR-448/RS";"Norte";"Choque com objeto sobre a pista";1;0;0;0;0;0;0;0;0;0;2;0;0;0;0
"10/01/2023";"09:14:00";"278";"Acidente c";"86";"BR-290/RS";"Leste";"Colisão - Traseira";1;0;0;1;0;0;0;0;0;0;1;0;0;0;0
"10/01/2023";"09:43:00";"282";"Acidente s";"440";"BR-386/RS";"Norte";"Atropelamento de Animal";1;0;0;0;0;0;0;0;0;0;2;0;0;0;0
"11/01/2023";"12:13:00";"4";"Acidente s";"15";"BR-290/RS";"Oeste";"Queda de moto";0;0;1;1;0;0;0;0;0;0;3;0;1;0;0
"11/01/2023";"03:47:00";"18";"Acidente s";"58";"BR-290/RS";"Oeste";"Tombamento";0;0;1;0;0;0;0;0;0;0;2;0;0;0;0
"11/01/2023";"11:21:00";"155";"Acidente s";"80";"BR-290/RS";"Oeste";"Queda de moto";1;0;0;0;0;0;0;0;0;0;1;0;0;0;0
"11/01/2023";"02:05:00";"201";"Acidente s";"215";"BR-386/RS";"Sul";"Colisão - Traseira";2;0;0;0;0;0;0;0;0;0;1;0;0;0;0
"11/01/2023";"02:23:00";"209";"Acidente s";"57";"BR-101/RS";"Norte";"Colisão - Lateral";2;0;0;0;0;0;0;0;0;0;2;0;0;0;0
"11/01/2023";"05:48:00";"245";"Atropelame";"347";"BR-386/RS";"Norte";"Atropelamento - Usuário";0;0;0;1;0;0;0;0;0;0;3;0;0;0;0
"12/01/2023";"08:12:00";"103";"Acidente s";"349";"BR-386/RS";"Norte";"Engavetamento";2;0;0;0;0;0;0;0;0;0;1;1;0;0;0
"12/01/2023";"08:35:00";"113";"Acidente c";"181";"BR-386/RS";"Norte";"Engavetamento";3;0;0;0;0;0;0;0;0;0;0;1;0;0;0
"12/01/2023";"09:46:00";"143";"Acidente s";"58";"BR-101/RS";"Sul";"Colisão - Lateral";2;0;0;0;0;0;0;0;0;0;0;0;0;1;0
"12/01/2023";"11:32:00";"184";"Acidente s";"21";"BR-448/RS";"Norte";"Colisão - Traseira";2;0;0;0;0;0;0;0;0;0;0;3;1;0;0
"12/01/2023";"12:53:00";"209";"Acidente s";"63";"BR-101/RS";"Norte";"Saída de pista";1;0;0;0;0;0;0;0;0;0;1;0;0;0;0
"12/01/2023";"02:56:00";"237";"Acidente c";"78";"BR-101/RS";"Sul";"Tombamento";0;0;1;0;0;0;0;0;0;0;3;0;0;0;0
"12/01/2023";"03:19:00";"244";"Acidente c";"354";"BR-386/RS";"Sul";"Capotamento";1;0;0;0;0;0;0;0;0;0;2;0;0;0;0
"12/01/2023";"04:31:00";"259";"Acidente s";"91";"BR-290/RS";"Leste";"Colisão - Traseira";2;0;0;0;0;0;0;0;0;0;0;1;0;0;0
"12/01/2023";"08:55:00";"314";"Acidente c";"364";"BR-386/RS";"Norte";"Saída de pista";1;0;0;0;0;0;0;0;0;0;1;0;1;0;0
"12/01/2023";"11:54:00";"330";"Acidente s";"80";"BR-290/RS";"Leste";"Queda de ribanceira";1;0;0;0;0;0;0;0;0;0;2;0;0;0;0
"13/01/2023";"05:41:00";"13";"Acidente s";"54";"BR-290/RS";"Oeste";"Colisão - Traseira";1;0;1;0;0;0;0;0;0;0;0;1;0;0;0
"13/01/2023";"08:34:00";"94";"Acidente c";"366";"BR-386/RS";"Sul";"Saída de pista";1;0;0;0;0;0;0;0;0;0;3;0;0;0;0
"13/01/2023";"10:05:00";"116";"Acidente c";"350";"BR-386/RS";"Sul";"Queda de ribanceira";1;0;0;0;0;0;0;0;0;0;2;0;0;0;0
"13/01/2023";"12:32:00";"155";"Acidente s";"60";"BR-290/RS";"Oeste";"Choque Praça - Submarino";0;0;1;0;0;0;0;0;0;0;2;0;0;0;0
"13/01/2023";"12:47:00";"158";"Acidente s";"343";"BR-386/RS";"Sul";"Colisão - Traseira";0;0;0;0;0;0;0;2;0;0;3;0;0;0;0
"13/01/2023";"03:42:00";"205";"Acidente s";"60";"BR-290/RS";"Oeste";"Colisão - Traseira";1;0;0;0;0;0;0;0;0;0;1;0;0;0;1
"13/01/2023";"06:07:00";"236";"Acidente s";"60";"BR-290/RS";"Leste";"Colisão - Lateral";2;0;0;0;0;0;0;0;0;0;2;0;0;0;0
"13/01/2023";"09:27:00";"294";"Acidente s";"208";"BR-386/RS";"Norte";"Colisão - Frontal";1;0;0;0;0;1;0;0;0;0;0;1;2;0;0
"14/01/2023";"01:50:00";"11";"Acidente s";"72";"BR-101/RS";"Ambos";"Colisão - Traseira";1;0;1;0;0;0;0;0;0;0;2;0;0;0;0
"14/01/2023";"04:07:00";"24";"Acidente c";"55.9";"BR-290/RS";"Leste";"Tombamento";0;0;0;0;0;0;0;1;0;0;2;0;0;0;0
"14/01/2023";"12:28:00";"136";"Acidente s";"14";"BR-101/RS";"Norte";"Saída de pista";1;0;0;0;0;0;0;0;0;0;1;0;0;0;0
"14/01/2023";"03:26:00";"166";"Acidente s";"369";"BR-386/RS";"Sul";"Saída de pista";1;0;0;0;0;0;0;0;0;0;17;0;0;0;0
"14/01/2023";"03:31:00";"167";"Acidente s";"53";"BR-101/RS";"Norte";"Colisão - Traseira";1;0;0;0;0;0;0;1;0;0;2;0;0;0;0
"14/01/2023";"08:37:00";"221";"Acidente s";"341";"BR-386/RS";"Sul";"Saída de pista";1;0;0;0;0;0;0;0;0;0;2;0;0;0;0
"15/01/2023";"12:19:00";"96";"Acidente s";"60";"BR-290/RS";"Oeste";"Colisão - Traseira";2;0;0;0;0;0;0;0;0;0;2;0;1;0;0
"15/01/2023";"02:16:00";"114";"Acidente s";"384";"BR-386/RS";"Norte";"Colisão - Lateral";1;0;0;0;0;0;0;1;0;0;3;0;0;0;0
"15/01/2023";"03:26:00";"129";"Acidente s";"327.05";"BR-386/RS";"Sul";"Colisão - Traseira";2;0;0;0;0;0;0;0;0;0;0;0;1;0;0
"15/01/2023";"03:48:00";"135";"Acidente s";"32";"BR-101/RS";"Sul";"Outros";2;0;0;0;0;0;0;1;0;0;2;0;0;0;0
"15/01/2023";"05:10:00";"162";"Acidente s";"87";"BR-101/RS";"Sul";"Engavetamento";3;0;0;0;0;0;0;0;0;0;2;0;1;0;0
"15/01/2023";"05:56:00";"177";"Acidente s";"78";"BR-101/RS";"Norte";"Colisão - Traseira";1;0;1;0;0;0;0;0;0;0;3;0;0;0;0
"15/01/2023";"06:19:00";"184";"Acidente s";"238";"BR-386/RS";"Sul";"Colisão - Traseira";2;0;0;0;0;0;0;0;0;0;2;0;0;1;0
"15/01/2023";"06:29:00";"186";"Acidente s";"5";"BR-290/RS";"Oeste";"Colisão - Traseira";2;0;0;0;0;0;0;0;0;0;0;1;0;0;0
"15/01/2023";"07:36:00";"204";"Acidente s";"19";"BR-101/RS";"Norte";"Colisão - Traseira";2;0;0;0;0;0;0;0;0;0;4;0;0;0;0
"15/01/2023";"08:23:00";"219";"Acidente s";"26";"BR-290/RS";"Leste";"Colisão - Lateral";1;0;1;0;0;0;0;0;0;0;4;0;0;0;0
"15/01/2023";"09:23:00";"247";"Acidente s";"411";"BR-386/RS";"Norte";"Queda de ribanceira";1;0;0;0;0;0;0;0;0;0;1;0;0;0;0
"15/01/2023";"09:25:00";"248";"Acidente s";"441";"BR-386/RS";"Sul";"Atropelamento de Animal";1;0;0;0;0;0;0;0;0;0;2;0;0;0;0
"15/01/2023";"09:45:00";"255";"Acidente s";"445";"BR-386/RS";"Norte";"Colisão - Lateral";1;0;0;0;0;1;0;0;0;0;1;0;1;0;0
"16/01/2023";"08:12:00";"94";"Acidente s";"86";"BR-290/RS";"Oeste";"Colisão - Traseira";3;0;0;0;0;0;0;0;0;0;3;0;1;0;0
"16/01/2023";"08:42:00";"104";"Acidente s";"86";"BR-290/RS";"Oeste";"Colisão - Traseira";4;0;0;0;0;0;0;0;0;0;1;0;0;0;0
"16/01/2023";"11:07:00";"155";"Acidente s";"387";"BR-386/RS";"Sul";"Colisão - Lateral";2;0;0;0;0;0;0;0;0;0;1;0;0;0;0
"16/01/2023";"11:34:00";"165";"Acidente c";"92";"BR-290/RS";"Leste";"Colisão - Traseira";2;0;0;0;0;0;0;0;0;0;3;0;0;0;0
"16/01/2023";"12:42:00";"181";"Acidente s";"433";"BR-386/RS";"Norte";"Colisão - Traseira";2;0;0;0;0;0;0;0;0;0;3;0;0;0;0
"16/01/2023";"04:14:00";"238";"Acidente s";"45";"BR-101/RS";"Sul";"Choque Barreira";0;0;1;0;0;0;0;0;0;0;1;0;0;1;0
"16/01/2023";"07:03:00";"279";"Acidente s";"60";"BR-290/RS";"Oeste";"Colisão - Traseira";0;0;0;0;0;0;0;0;0;2;2;0;0;0;0
"17/01/2023";"07:37:00";"75";"Acidente c";"95";"BR-290/RS";"Oeste";"Colisão - Traseira";2;0;0;1;0;0;0;0;0;0;4;0;1;0;0
"17/01/2023";"12:17:00";"174";"Acidente s";"306";"BR-386/RS";"Sul";"Tombamento";0;0;1;0;0;0;0;0;0;0;1;1;0;0;0
"17/01/2023";"12:55:00";"184";"Acidente c";"416";"BR-386/RS";"Norte";"Saída de pista";1;0;0;0;0;0;0;0;0;0;3;0;0;0;0
"17/01/2023";"03:43:00";"232";"Acidente s";"17";"BR-290/RS";"Oeste";"Colisão - Traseira";2;0;0;0;0;0;0;0;0;0;1;0;0;0;0
"17/01/2023";"04:47:00";"252";"Acidente s";"60";"BR-290/RS";"Leste";"Colisão - Lateral";2;0;0;0;0;0;0;0;0;0;2;0;0;0;0
"17/01/2023";"05:21:00";"260";"Acidente s";"216";"BR-386/RS";"Sul";"Colisão - Lateral";0;0;1;0;0;0;0;1;0;0;1;0;0;0;0
"18/01/2023";"04:59:00";"199";"Acidente c";"350";"BR-386/RS";"Norte";"Colisão - Traseira";1;0;0;1;0;0;0;0;0;0;3;1;0;0;0
"18/01/2023";"05:25:00";"205";"Acidente s";"85";"BR-290/RS";"Leste";"Colisão - Lateral";1;0;0;1;0;0;0;0;0;0;1;0;0;0;0
"19/01/2023";"07:45:00";"80";"Acidente s";"96";"BR-290/RS";"Oeste";"Colisão - Lateral";2;0;0;0;0;0;0;1;0;0;3;0;0;0;0
"19/01/2023";"09:13:00";"123";"Acidente s";"19";"BR-290/RS";"Leste";"Colisão - Traseira";1;0;1;0;0;0;0;0;0;0;1;0;0;0;0
"19/01/2023";"01:20:00";"170";"Acidente s";"338";"BR-386/RS";"Norte";"Saída de pista";1;0;0;0;0;0;0;0;0;0;2;0;0;0;0
"19/01/2023";"02:21:00";"185";"Acidente s";"300";"BR-386/RS";"Norte";"Saída de pista";1;0;0;0;0;0;0;0;0;0;2;0;1;0;0
"19/01/2023";"02:28:00";"187";"Acidente c";"53";"BR-290/RS";"Oeste";"Queda de moto";0;0;0;1;0;0;0;0;0;0;5;0;1;0;0
"19/01/2023";"04:39:00";"222";"Acidente s";"7";"BR-101/RS";"Sul";"Queda de ribanceira";2;0;0;0;0;0;0;0;0;0;1;0;1;0;0
"19/01/2023";"06:08:00";"242";"Acidente s";"349";"BR-386/RS";"Norte";"Colisão - Lateral";1;0;0;0;0;0;0;1;0;0;5;0;0;0;0
"20/01/2023";"02:29:00";"9";"Acidente s";"435";"BR-386/RS";"Sul";"Atropelamento de Animal";1;0;0;0;0;0;0;0;0;0;1;0;0;0;0
"20/01/2023";"08:52:00";"116";"Acidente s";"292";"BR-386/RS";"Sul";"Colisão - Lateral";1;0;0;0;0;0;0;0;0;1;2;0;0;0;0
"20/01/2023";"12:45:00";"188";"Acidente s";"426";"BR-386/RS";"Sul";"Colisão - Lateral";1;0;0;0;0;1;0;0;0;0;2;0;0;0;0
"20/01/2023";"03:28:00";"225";"Acidente s";"350";"BR-386/RS";"Norte";"Choque Defensa";1;0;0;0;0;0;0;0;0;0;1;1;0;0;0
"20/01/2023";"03:39:00";"227";"Acidente s";"346";"BR-386/RS";"Norte";"Colisão - Lateral";1;0;1;0;0;0;0;0;0;0;3;0;0;0;0
"20/01/2023";"04:38:00";"247";"Acidente c";"7";"BR-101/RS";"Sul";"Colisão - Traseira";1;0;1;0;0;0;0;0;0;0;1;0;1;0;0
"20/01/2023";"05:48:00";"259";"Acidente s";"346";"BR-386/RS";"Sul";"Colisão - Traseira";2;0;0;0;0;0;0;0;0;0;3;0;0;0;0
"20/01/2023";"06:10:00";"267";"Acidente c";"237";"BR-386/RS";"Norte";"Colisão - Frontal";1;0;0;0;0;1;0;0;0;0;1;0;1;0;0
"20/01/2023";"07:15:00";"278";"Acidente c";"93";"BR-290/RS";"Leste";"Colisão - Lateral";0;0;0;1;0;1;0;0;0;0;2;0;0;0;0
"20/01/2023";"07:49:00";"288";"Acidente s";"342";"BR-386/RS";"Sul";"Colisão - Traseira";2;0;0;0;0;0;0;0;0;0;1;1;0;0;0
"20/01/2023";"08:17:00";"295";"Acidente s";"26";"BR-290/RS";"Leste";"Colisão - Traseira";2;0;0;0;0;0;0;0;0;0;1;1;0;0;0
"20/01/2023";"09:05:00";"306";"Acidente s";"90";"BR-290/RS";"Leste";"Colisão - Lateral";1;0;0;0;0;1;0;0;0;0;2;1;1;0;0
"20/01/2023";"11:54:00";"331";"Acidente c";"92";"BR-290/RS";"Oeste";"Queda de moto";0;0;0;1;0;0;0;0;0;0;2;0;0;0;0
"21/01/2023";"04:40:00";"10";"Acidente c";"346";"BR-386/RS";"Norte";"Queda de moto";1;0;0;0;0;0;0;0;0;0;4;0;0;0;0
"21/01/2023";"08:27:00";"68";"Acidente s";"74";"BR-290/RS";"Oeste";"Engavetamento";3;0;0;0;0;1;0;0;0;0;2;0;0;0;0
"21/01/2023";"10:35:00";"104";"Acidente s";"60";"BR-290/RS";"Leste";"Colisão - Traseira";1;0;0;0;0;0;0;0;0;1;5;0;0;0;0
"21/01/2023";"02:36:00";"164";"Acidente s";"64";"BR-290/RS";"Oeste";"Colisão - Traseira";2;0;0;0;0;0;0;0;0;0;4;0;0;0;0
"21/01/2023";"04:00:00";"200";"Acidente s";"26";"BR-290/RS";"Leste";"Saída de pista";1;0;0;0;0;0;0;0;0;0;4;0;0;0;0
"21/01/2023";"05:38:00";"215";"Acidente c";"190";"BR-386/RS";"Norte";"Queda de moto";0;0;0;1;0;0;0;0;0;0;1;0;0;0;0
"21/01/2023";"06:03:00";"221";"Acidente c";"10";"BR-290/RS";"Oeste";"Choque Defensa";1;0;0;0;0;0;0;0;0;0;1;2;0;0;0
"21/01/2023";"06:40:00";"235";"Acidente s";"86";"BR-290/RS";"Leste";"Choque Defensa";1;0;0;0;0;0;0;0;0;0;5;0;0;0;0
"21/01/2023";"08:21:00";"254";"Acidente s";"22";"BR-448/RS";"Sul";"Colisão - Lateral";2;0;0;0;0;0;0;0;0;0;4;0;0;0;0
"21/01/2023";"11:45:00";"289";"Acidente s";"93";"BR-290/RS";"Leste";"Capotamento";1;0;0;0;0;0;0;0;0;0;1;0;0;0;0
"22/01/2023";"05:15:00";"18";"Acidente c";"327";"BR-386/RS";"Sul";"Colisão - Frontal";3;0;0;0;0;0;0;0;0;0;1;2;1;0;0
"22/01/2023";"09:33:00";"82";"Acidente c";"59";"BR-290/RS";"Leste";"Colisão - Transversal";2;0;0;0;0;0;0;0;0;0;8;0;0;0;0
"22/01/2023";"04:24:00";"171";"Acidente s";"82";"BR-101/RS";"Sul";"Colisão - Traseira";1;0;0;0;0;0;0;0;0;0;2;0;0;0;0
"22/01/2023";"05:43:00";"194";"Acidente c";"435";"BR-386/RS";"Sul";"Colisão - Transversal";2;0;0;0;0;0;0;0;0;0;2;0;0;0;0
"22/01/2023";"06:27:00";"208";"Acidente s";"2";"BR-290/RS";"Oeste";"Engavetamento";3;0;0;0;0;0;0;0;0;0;2;0;0;0;0
"22/01/2023";"07:30:00";"225";"Acidente s";"57";"BR-290/RS";"Oeste";"Engavetamento";3;0;0;0;0;0;0;0;0;0;3;0;0;0;0
"22/01/2023";"08:17:00";"238";"Acidente c";"346";"BR-386/RS";"Sul";"Queda de moto";0;0;0;0;0;1;0;0;0;0;2;0;0;0;0
"23/01/2023";"04:32:00";"14";"Acidente s";"304";"BR-386/RS";"Norte";"Saída de pista";1;0;0;0;0;0;0;0;0;0;1;0;0;0;0
"23/01/2023";"10:37:00";"159";"Acidente s";"347";"BR-386/RS";"Norte";"Colisão - Traseira";1;0;0;0;0;0;0;1;0;0;3;0;0;0;0
"23/01/2023";"03:54:00";"247";"Acidente s";"292";"BR-386/RS";"Norte";"Colisão - Lateral";0;0;0;0;0;0;0;1;0;1;1;0;0;0;0
"23/01/2023";"04:54:00";"262";"Acidente s";"60";"BR-290/RS";"Leste";"Colisão - Traseira";2;0;0;0;0;0;0;0;0;0;2;0;0;0;0
"23/01/2023";"07:18:00";"292";"Atropelame";"19";"BR-101/RS";"Norte";"Atropelamento - Andarilho";0;0;0;1;0;0;0;0;0;0;1;0;0;0;0
"23/01/2023";"09:46:00";"314";"Acidente s";"60";"BR-290/RS";"Leste";"Choque Praça - Cancela";1;0;0;0;0;1;0;0;0;0;1;0;0;0;0
"24/01/2023";"08:26:00";"100";"Acidente s";"96";"BR-290/RS";"Oeste";"Colisão - Traseira";2;0;0;0;0;0;0;0;0;0;0;0;1;0;0
"24/01/2023";"11:20:00";"157";"Acidente s";"351";"BR-386/RS";"Norte";"Colisão - Lateral";1;0;0;0;0;0;0;1;0;0;1;0;0;0;0
"24/01/2023";"12:31:00";"176";"Acidente s";"38";"BR-101/RS";"Sul";"Colisão - Traseira";0;0;1;0;0;1;0;0;0;0;1;0;0;0;0
"24/01/2023";"01:32:00";"188";"Acidente c";"68";"BR-290/RS";"Oeste";"Queda de moto";0;0;0;1;0;0;0;0;0;0;0;0;1;0;0
"24/01/2023";"05:56:00";"250";"Acidente s";"349";"BR-386/RS";"Sul";"Queda de moto";0;0;0;1;0;0;0;0;0;0;0;0;0;5;2
"24/01/2023";"08:25:00";"293";"Acidente s";"415";"BR-386/RS";"Norte";"Choque Defensa";1;0;0;0;0;0;0;0;0;0;1;0;0;0;0
"24/01/2023";"10:14:00";"313";"Acidente s";"57";"BR-290/RS";"Oeste";"Outros";4;0;0;1;0;0;0;0;0;1;2;0;0;0;0
"24/01/2023";"10:33:00";"317";"Acidente s";"69";"BR-290/RS";"Leste";"Colisão - Lateral";2;0;0;0;0;0;0;0;0;0;1;0;1;0;0
"25/01/2023";"03:29:00";"18";"Acidente s";"444";"BR-386/RS";"Sul";"Atropelamento de Animal";1;0;0;0;0;0;0;0;0;0;1;0;0;0;0
"25/01/2023";"07:24:00";"57";"Acidente c";"349";"BR-386/RS";"Sul";"Queda de moto";0;0;0;1;0;0;0;0;0;0;0;0;1;0;0
"25/01/2023";"12:13:00";"191";"Acidente s";"426";"BR-386/RS";"Norte";"Colisão - Transversal";1;0;0;0;0;0;0;0;0;1;1;0;0;0;0
"25/01/2023";"04:36:00";"254";"Acidente s";"18";"BR-448/RS";"Norte";"Colisão - Traseira";4;0;0;0;0;0;0;0;0;0;5;0;0;0;0
"26/01/2023";"06:08:00";"24";"Acidente c";"69";"BR-101/RS";"Sul";"Colisão - Traseira";1;0;0;0;0;1;0;0;0;0;0;0;0;3;0
"26/01/2023";"06:57:00";"44";"Acidente c";"274";"BR-386/RS";"Norte";"Queda de moto";0;0;0;1;0;0;0;0;0;0;2;1;1;0;0
"26/01/2023";"12:34:00";"180";"Acidente s";"19";"BR-290/RS";"Leste";"Colisão - Traseira";5;0;0;0;0;0;0;0;0;0;4;0;0;0;0
"26/01/2023";"01:54:00";"198";"Acidente s";"215";"BR-386/RS";"Norte";"Saída de pista";1;0;0;0;0;0;0;0;0;0;1;0;0;0;0
"26/01/2023";"03:28:00";"225";"Acidente s";"81";"BR-101/RS";"Sul";"Colisão - Lateral";1;0;1;0;0;0;0;0;0;0;4;0;0;0;0
"26/01/2023";"04:02:00";"227";"Acidente s";"81";"BR-101/RS";"Sul";"Saída de pista";1;0;0;0;0;0;0;0;0;0;2;0;0;0;0
"26/01/2023";"05:48:00";"253";"Acidente s";"426";"BR-386/RS";"Sul";"Colisão - Traseira";1;0;0;0;0;0;0;0;0;1;1;0;0;0;0
"26/01/2023";"06:00:00";"256";"Acidente c";"54";"BR-290/RS";"Leste";"Tombamento";0;0;0;0;0;0;0;0;0;1;3;0;0;0;0
"27/01/2023";"03:06:00";"7";"Acidente s";"327";"BR-386/RS";"Sul";"Saída de pista";1;0;0;0;0;0;0;0;0;0;0;1;0;0;0
"27/01/2023";"07:18:00";"62";"Acidente c";"5";"BR-448/RS";"Sul";"Queda de moto";0;0;0;1;0;0;0;0;0;0;1;1;0;0;0
"27/01/2023";"03:29:00";"228";"Acidente c";"277";"BR-386/RS";"Sul";"Capotamento";1;0;0;0;0;0;0;0;0;0;0;1;0;0;0
"27/01/2023";"07:28:00";"304";"Acidente s";"425";"BR-386/RS";"Norte";"Colisão - Frontal";3;0;0;0;0;0;0;0;0;0;3;0;0;0;0
"27/01/2023";"09:33:00";"344";"Acidente s";"337";"BR-386/RS";"Sul";"Colisão - Traseira";2;0;0;0;0;0;0;0;0;0;4;0;0;0;0
"28/01/2023";"02:19:00";"24";"Acidente s";"44";"BR-290/RS";"Leste";"Choque com objeto sobre a pista";1;0;0;0;0;0;0;0;0;0;1;0;0;0;0
"28/01/2023";"05:45:00";"38";"Acidente c";"312";"BR-386/RS";"Norte";"Capotamento";1;0;0;0;0;0;0;0;0;0;1;0;0;0;0
"28/01/2023";"10:12:00";"117";"Acidente s";"59";"BR-290/RS";"Leste";"Colisão - Traseira";2;0;0;0;0;0;0;0;0;0;3;0;0;0;0
"28/01/2023";"02:07:00";"179";"Acidente c";"50";"BR-290/RS";"Leste";"Queda de moto";0;0;0;1;0;0;0;0;0;0;1;0;0;0;0
"28/01/2023";"02:44:00";"190";"Acidente c";"44";"BR-290/RS";"Oeste";"Capotamento";1;0;0;0;0;0;0;0;0;0;3;0;0;0;0
"28/01/2023";"03:29:00";"204";"Acidente c";"40";"BR-290/RS";"Oeste";"Colisão - Traseira";2;0;0;0;0;0;0;0;0;1;5;0;0;0;0