data;horario;n_da_ocorrencia;tipo_de_ocorrencia;km;trecho;sentido;tipo_de_acidente;automovel;bicicleta;caminhao;moto;onibus;outros;tracao_animal;transporte_de_cargas_especiais;trator_maquinas;utilitarios;ilesos;levemente_feridos;moderadamente_feridos;gravemente_feridos;mortos
"14/02/2023";"08:22:00";"265";"Acidente s";"4.8";"BR-290/RS";"Oeste";"Saída de pista";1;0;0;0;0;0;0;0;0;0;3;0;0;0;0
"14/02/2023";"08:24:00";"266";"Acidente s";"400";"BR-386/RS";"Norte";"Saída de pista";1;0;0;0;0;0;0;0;0;0;1;0;0;0;0
"14/02/2023";"09:03:00";"271";"Acidente s";"207";"BR-386/RS";"Norte";"Saída de pista";1;0;0;0;0;0;0;0;0;0;7;0;0;0;0
"14/02/2023";"09:44:00";"273";"Acidente s";"68";"BR-101/RS";"Sul";"Colisão - Traseira";3;0;1;0;0;0;0;0;0;0;6;0;0;0;0
"15/02/2023";"02:24:00";"12";"Acidente c";"60";"BR-101/RS";"Norte";"Tombamento";0;0;0;0;0;0;0;0;0;1;1;1;0;0;0
"15/02/2023";"05:39:00";"23";"Acidente s";"430";"BR-386/RS";"Sul";"Choque com objeto sobre a pista";1;0;0;0;0;0;0;0;0;0;1;0;0;0;0
"15/02/2023";"06:00:00";"30";"Acidente s";"429";"BR-386/RS";"Norte";"Choque com objeto sobre a pista";1;0;0;0;0;0;0;0;0;0;1;0;0;0;1
"15/02/2023";"08:33:00";"108";"Acidente s";"92";"BR-290/RS";"Oeste";"Colisão - Traseira";2;0;0;0;0;0;0;0;0;0;2;1;0;0;0
"15/02/2023";"08:46:00";"117";"Acidente s";"92";"BR-290/RS";"Oeste";"Engavetamento";2;0;1;0;0;0;0;0;0;0;1;0;0;0;0
"15/02/2023";"11:58:00";"166";"Acidente s";"414";"BR-386/RS";"Sul";"Saída de pista";1;0;0;0;0;0;0;0;0;0;2;0;0;0;0
"15/02/2023";"04:09:00";"221";"Acidente s";"4";"BR-101/RS";"Norte";"Choque - Pilar";0;0;0;0;0;0;0;1;0;0;2;0;0;0;0
"15/02/2023";"04:12:00";"222";"Acidente s";"440";"BR-386/RS";"Sul";"Colisão - Lateral";1;0;0;0;1;0;0;0;0;0;1;0;0;0;0
"15/02/2023";"07:57:00";"268";"Acidente s";"392";"BR-386/RS";"Sul";"Queda de ribanceira";1;0;0;0;0;0;0;0;0;0;5;2;0;0;0
"16/02/2023";"07:18:00";"60";"Acidente s";"439";"BR-386/RS";"Norte";"Capotamento";1;0;0;0;0;0;0;0;0;0;1;0;0;0;0
"16/02/2023";"09:05:00";"109";"Acidente s";"387";"BR-386/RS";"Sul";"Capotamento";1;0;0;0;0;0;0;0;0;0;1;0;0;0;0
"16/02/2023";"09:29:00";"116";"Acidente s";"306";"BR-386/RS";"Norte";"Saída de pista";1;0;0;0;0;0;0;0;0;0;2;0;0;0;0
"16/02/2023";"10:33:00";"132";"Acidente s";"362";"BR-386/RS";"Norte";"Colisão - Traseira";2;0;0;0;0;0;0;0;0;0;4;0;0;0;0
"16/02/2023";"03:14:00";"185";"Acidente s";"406";"BR-386/RS";"Norte";"Colisão - Transversal";1;0;0;0;0;0;0;0;0;1;1;0;0;0;0
"16/02/2023";"05:34:00";"221";"Acidente s";"72";"BR-290/RS";"Leste";"Colisão - Traseira";1;0;0;0;0;1;0;0;0;0;2;0;0;0;0
"16/02/2023";"05:37:00";"222";"Acidente s";"86";"BR-290/RS";"Oeste";"Colisão - Traseira";2;0;0;0;0;0;0;0;0;0;1;0;0;0;0
"16/02/2023";"05:48:00";"227";"Acidente s";"10";"BR-448/RS";"Sul";"Colisão - Traseira";2;0;0;0;0;0;0;0;0;0;1;2;0;0;0
"16/02/2023";"06:57:00";"243";"Acidente s";"90";"BR-290/RS";"Leste";"Colisão - Traseira";2;0;0;0;0;0;0;0;0;0;2;0;0;0;0
"17/02/2023";"04:28:00";"16";"Acidente s";"258";"BR-386/RS";"Sul";"Tombamento";1;0;0;0;0;0;0;0;0;0;1;1;2;0;0
"17/02/2023";"05:06:00";"20";"Acidente s";"362";"BR-386/RS";"Sul";"Queda de ribanceira";1;0;0;0;0;0;0;0;0;0;0;1;1;0;0
"17/02/2023";"06:54:00";"32";"Acidente s";"16";"BR-448/RS";"Norte";"Saída de pista";1;0;0;0;0;0;0;0;0;0;4;0;0;0;0
"17/02/2023";"07:39:00";"54";"Acidente s";"16";"BR-448/RS";"Sul";"Engavetamento";3;0;0;0;0;1;0;0;0;0;1;0;0;0;0
"17/02/2023";"07:48:00";"58";"Acidente s";"355";"BR-386/RS";"Norte";"Colisão - Traseira";2;0;0;0;0;0;0;0;0;0;3;0;0;0;0
"17/02/2023";"07:48:00";"59";"Acidente s";"92";"BR-290/RS";"Leste";"Saída de pista";1;0;0;0;0;0;0;0;0;0;2;0;1;0;0
"17/02/2023";"09:03:00";"85";"Acidente s";"22";"BR-448/RS";"Norte";"Choque Barreira";1;0;0;0;0;0;0;0;0;0;2;0;0;0;0
"17/02/2023";"10:47:00";"123";"Acidente s";"88";"BR-290/RS";"Leste";"Colisão - Traseira";2;0;0;0;0;0;0;0;0;0;1;0;0;0;0
"17/02/2023";"01:28:00";"157";"Acidente c";"96";"BR-290/RS";"Oeste";"Capotamento";1;0;0;0;0;0;0;0;0;0;4;0;0;0;0
"17/02/2023";"02:21:00";"176";"Acidente s";"3";"BR-290/RS";"Leste";"Colisão - Traseira";2;0;0;0;0;0;0;0;0;0;6;1;0;0;0
"17/02/2023";"02:40:00";"181";"Acidente s";"77";"BR-290/RS";"Leste";"Colisão - Traseira";2;0;0;0;0;0;0;0;0;0;1;0;0;0;0
"17/02/2023";"03:07:00";"189";"Acidente s";"77";"BR-290/RS";"Leste";"Colisão - Traseira";2;0;0;0;0;0;0;0;0;0;1;0;0;0;0
"17/02/2023";"04:28:00";"216";"Acidente s";"437";"BR-386/RS";"Norte";"Saída de pista";0;0;0;0;0;0;0;0;0;0;1;0;0;0;0
"17/02/2023";"05:49:00";"245";"Acidente s";"89";"BR-290/RS";"Leste";"Engavetamento";3;0;0;0;0;0;0;0;0;0;2;0;0;0;0
"17/02/2023";"05:51:00";"246";"Acidente s";"40";"BR-290/RS";"Leste";"Colisão - Lateral";2;0;0;0;0;0;0;0;0;0;7;0;0;0;0
"17/02/2023";"06:03:00";"253";"Acidente s";"331";"BR-386/RS";"Norte";"Engavetamento";3;0;0;0;0;1;0;0;0;0;0;2;0;0;0
"17/02/2023";"07:12:00";"275";"Acidente s";"47";"BR-290/RS";"Oeste";"Saída de pista";1;0;0;0;0;0;0;0;0;0;4;0;0;0;0
"17/02/2023";"07:16:00";"278";"Acidente s";"319";"BR-386/RS";"Sul";"Colisão - Traseira";1;0;0;0;0;1;0;0;0;0;1;0;0;0;0
"17/02/2023";"07:51:00";"293";"Acidente s";"83";"BR-290/RS";"Leste";"Engavetamento";3;0;0;0;0;0;0;0;0;0;1;0;0;0;0
"17/02/2023";"08:51:00";"315";"Acidente s";"26";"BR-290/RS";"Leste";"Engavetamento";3;0;0;0;0;0;0;0;0;0;1;0;0;0;0
"17/02/2023";"11:14:00";"354";"Acidente s";"54";"BR-290/RS";"Leste";"Colisão - Transversal";2;0;0;0;0;0;0;0;0;0;1;0;0;0;0
"18/02/2023";"12:43:00";"13";"Acidente s";"33";"BR-101/RS";"Sul";"Capotamento";1;0;0;0;0;0;0;0;0;0;1;0;0;0;0
"18/02/2023";"02:12:00";"26";"Acidente s";"296";"BR-386/RS";"Sul";"Colisão - Traseira";2;0;0;0;0;0;0;0;0;0;0;0;1;0;0
"18/02/2023";"06:14:00";"56";"Acidente s";"77";"BR-290/RS";"Leste";"Engavetamento";3;0;0;0;0;0;0;0;0;0;0;1;0;0;0
"18/02/2023";"08:24:00";"100";"Acidente s";"54";"BR-101/RS";"Norte";"Colisão - Traseira";1;0;0;0;0;1;0;0;0;0;1;0;1;0;0
"18/02/2023";"11:27:00";"165";"Acidente s";"61";"BR-290/RS";"Leste";"Colisão - Lateral";1;0;0;0;0;0;0;0;0;1;2;0;0;0;0
"18/02/2023";"11:40:00";"171";"Acidente s";"366";"BR-386/RS";"Norte";"Atropelamento de Animal";1;0;0;0;0;0;0;0;0;0;1;0;0;0;0
"18/02/2023";"12:54:00";"186";"Acidente s";"75";"BR-290/RS";"Leste";"Colisão - Traseira";2;0;0;0;0;0;0;0;0;0;2;0;0;0;0
"18/02/2023";"02:33:00";"204";"Acidente s";"34";"BR-290/RS";"Leste";"Colisão - Traseira";1;0;0;0;0;1;0;0;0;0;1;0;0;0;0
"18/02/2023";"03:05:00";"212";"Acidente c";"75";"BR-290/RS";"Leste";"Queda de moto";2;0;0;0;0;0;0;0;0;0;3;0;0;0;0
"18/02/2023";"05:22:00";"241";"Acidente s";"60";"BR-290/RS";"Leste";"Colisão - Traseira";2;0;0;0;0;0;0;0;0;0;1;0;1;0;0
"18/02/2023";"06:58:00";"263";"Acidente s";"4";"BR-448/RS";"Sul";"Choque com objeto sobre a pista";1;0;0;0;0;0;0;0;0;0;3;0;0;0;0
"18/02/2023";"08:08:00";"284";"Acidente s";"80";"BR-290/RS";"Leste";"Saída de pista";1;0;0;0;0;0;0;0;0;0;1;0;0;0;0
"19/02/2023";"03:15:00";"13";"Acidente s";"72";"BR-290/RS";"Leste";"Saída de pista";1;0;0;0;0;0;0;0;0;0;1;0;0;0;0
"19/02/2023";"03:33:00";"17";"Acidente s";"346";"BR-386/RS";"Sul";"Saída de pista";1;0;0;0;0;0;0;0;0;0;6;0;0;0;0
"20/02/2023";"01:44:00";"6";"Acidente s";"80";"BR-290/RS";"Leste";"Saída de pista";1;0;0;0;0;0;0;0;0;0;2;0;0;0;0
"20/02/2023";"02:46:00";"10";"Acidente c";"51";"BR-290/RS";"Oeste";"Queda de moto";0;0;0;1;0;0;0;0;0;0;1;0;0;0;0
"20/02/2023";"05:56:00";"24";"Acidente c";"20";"BR-448/RS";"Sul";"Colisão - Traseira";1;0;1;0;0;0;0;0;0;0;1;0;0;0;0
"20/02/2023";"10:36:00";"95";"Acidente c";"80";"BR-101/RS";"Sul";"Saída de pista";1;0;0;0;0;0;0;0;0;0;1;0;0;0;0
"20/02/2023";"11:10:00";"101";"Acidente s";"60";"BR-290/RS";"Oeste";"Choque Praça - Cabine";0;0;0;0;0;0;0;1;0;0;2;0;0;0;0
"20/02/2023";"11:16:00";"103";"Acidente c";"245";"BR-386/RS";"Sul";"Colisão - Transversal";2;0;0;0;0;0;0;0;0;0;0;0;1;0;0
"20/02/2023";"12:16:00";"115";"Acidente s";"4";"BR-290/RS";"Oeste";"Colisão - Traseira";2;0;0;0;0;0;0;0;0;0;1;1;0;0;0
"20/02/2023";"12:56:00";"124";"Acidente s";"414";"BR-386/RS";"Norte";"Saída de pista";1;0;0;0;0;0;0;0;0;0;1;0;0;0;0
"20/02/2023";"01:36:00";"134";"Acidente s";"2";"BR-290/RS";"Leste";"Saída de pista";1;0;0;0;0;0;0;0;0;0;0;1;0;0;0
"20/02/2023";"02:19:00";"143";"Acidente s";"307";"BR-386/RS";"Sul";"Saída de pista";1;0;0;0;0;0;0;0;0;0;1;0;0;0;0
"20/02/2023";"03:30:00";"160";"Acidente s";"410";"BR-386/RS";"Sul";"Colisão - Lateral";2;0;0;0;1;0;0;0;0;0;3;2;0;0;0
"20/02/2023";"04:33:00";"175";"Acidente c";"31";"BR-290/RS";"Oeste";"Saída de pista";1;0;0;0;0;0;0;0;0;0;3;0;0;0;0
"20/02/2023";"04:51:00";"185";"Acidente s";"94";"BR-290/RS";"Leste";"Choque Defensa";1;0;0;0;0;0;0;0;0;0;1;0;0;0;0
"20/02/2023";"06:27:00";"213";"Acidente s";"36";"BR-101/RS";"Norte";"Saída de pista";1;0;0;0;0;0;0;0;0;0;3;0;0;0;0
"20/02/2023";"09:10:00";"269";"Acidente s";"75";"BR-290/RS";"Leste";"Saída de pista";1;0;0;0;0;0;0;0;0;0;0;1;0;0;0
"20/02/2023";"11:51:00";"292";"Acidente c";"295";"BR-386/RS";"Sul";"Saída de pista";1;0;0;0;0;0;0;0;0;0;3;0;0;0;0
"21/02/2023";"12:42:00";"4";"Acidente s";"369";"BR-386/RS";"Norte";"Queda de ribanceira";1;0;0;0;0;0;0;0;0;0;5;0;0;0;0
"21/02/2023";"06:49:00";"31";"Acidente s";"80";"BR-290/RS";"Leste";"Queda de ribanceira";1;0;0;0;0;0;0;0;0;0;3;0;0;0;0
"21/02/2023";"08:12:00";"62";"Acidente s";"349";"BR-386/RS";"Norte";"Tombamento";1;0;0;0;0;0;0;0;0;0;3;0;0;0;0
"21/02/2023";"08:58:00";"76";"Atropelame";"66";"BR-290/RS";"Oeste";"Atropelamento - Usuário";1;0;0;0;0;0;0;0;0;0;0;0;0;1;0
"21/02/2023";"10:46:00";"106";"Acidente s";"4";"BR-290/RS";"Oeste";"Saída de pista";1;0;0;0;0;0;0;0;0;0;1;0;0;0;1
"21/02/2023";"10:53:00";"113";"Acidente c";"22";"BR-290/RS";"Leste";"Capotamento";1;0;0;0;0;0;0;0;0;0;1;0;0;0;0
"21/02/2023";"12:54:00";"146";"Acidente s";"63";"BR-101/RS";"Sul";"Colisão - Traseira";2;0;0;0;0;0;0;0;0;0;1;0;0;0;0
"21/02/2023";"01:00:00";"149";"Acidente s";"69";"BR-101/RS";"Sul";"Engavetamento";1;0;0;0;0;0;0;0;0;0;4;1;0;0;0
"21/02/2023";"02:06:00";"167";"Acidente c";"22";"BR-290/RS";"Oeste";"Colisão - Traseira";2;0;0;0;0;0;0;0;0;0;1;0;0;0;0
"21/02/2023";"02:53:00";"181";"Acidente s";"18";"BR-290/RS";"Oeste";"Colisão - Traseira";1;0;0;2;0;0;0;0;0;0;4;0;0;0;0
"21/02/2023";"06:10:00";"236";"Acidente s";"236";"BR-386/RS";"Sul";"Atropelamento de Animal";1;0;0;0;0;0;0;0;0;0;1;0;0;0;0
"21/02/2023";"06:40:00";"250";"Acidente c";"19";"BR-448/RS";"Sul";"Capotamento";1;0;0;0;0;0;0;0;0;0;3;0;0;1;0
"21/02/2023";"06:49:00";"256";"Acidente s";"6";"BR-290/RS";"Oeste";"Colisão - Traseira";2;0;0;0;0;0;0;0;0;0;3;0;0;0;0
"21/02/2023";"06:52:00";"257";"Acidente s";"81";"BR-101/RS";"Sul";"Queda de moto";0;0;0;1;0;0;0;0;0;0;0;1;0;0;0
"21/02/2023";"07:17:00";"265";"Acidente s";"70.19";"BR-101/RS";"Sul";"Engavetamento";3;0;0;0;0;0;0;0;0;0;1;1;0;0;0
"21/02/2023";"08:29:00";"291";"Acidente s";"68";"BR-290/RS";"Leste";"Choque com objeto sobre a pista";1;0;0;0;0;0;0;0;0;0;2;0;1;0;0
"21/02/2023";"09:15:00";"307";"Acidente s";"1";"BR-290/RS";"Oeste";"Colisão - Transversal";2;0;0;0;0;0;0;0;0;0;2;0;0;0;0
"22/02/2023";"08:35:00";"91";"Acidente s";"57";"BR-101/RS";"Sul";"Colisão - Lateral";2;0;0;0;0;0;0;0;0;0;1;3;0;0;0
"22/02/2023";"08:44:00";"97";"Acidente c";"33";"BR-101/RS";"Norte";"Colisão - Traseira";1;0;0;1;0;0;0;0;0;0;0;1;0;0;0
"22/02/2023";"11:39:00";"154";"Acidente c";"43";"BR-290/RS";"Oeste";"Engavetamento";4;0;0;0;0;0;0;0;0;0;1;0;0;0;0
"22/02/2023";"02:52:00";"204";"Acidente s";"87";"BR-101/RS";"Sul";"Colisão - Lateral";2;0;0;0;0;0;0;0;0;0;3;0;0;0;0
"22/02/2023";"04:28:00";"234";"Acidente s";"87";"BR-101/RS";"Sul";"Colisão - Traseira";2;0;0;0;0;0;0;0;0;0;3;0;0;1;0
"23/02/2023";"08:08:00";"90";"Acidente s";"340";"BR-386/RS";"Sul";"Colisão - Traseira";0;0;1;0;0;0;0;1;0;0;1;0;0;0;0
"23/02/2023";"10:26:00";"133";"Acidente s";"18";"BR-290/RS";"Oeste";"Saída de pista";1;0;0;0;0;0;0;0;0;0;3;0;0;0;0
"23/02/2023";"11:09:00";"145";"Acidente s";"215";"BR-386/RS";"Sul";"Colisão - Traseira";0;0;2;0;0;0;0;0;0;0;4;0;0;0;0
"23/02/2023";"12:19:00";"160";"Acidente s";"15";"BR-101/RS";"Norte";"Saída de pista";1;0;0;0;0;0;0;0;0;0;5;0;0;0;0
"23/02/2023";"02:41:00";"195";"Acidente s";"92";"BR-290/RS";"Leste";"Colisão - Lateral";1;0;0;0;0;1;0;0;0;0;3;0;0;0;0
"23/02/2023";"04:59:00";"222";"Acidente s";"43";"BR-290/RS";"Leste";"Choque Defensa";1;0;0;0;0;0;0;0;0;0;5;0;0;0;0
"23/02/2023";"06:14:00";"232";"Acidente s";"53";"BR-290/RS";"Leste";"Colisão - Traseira";1;0;0;0;0;1;0;0;0;0;1;0;1;0;0
"23/02/2023";"07:32:00";"252";"Acidente s";"49";"BR-101/RS";"Norte";"Choque Defensa";0;0;1;0;0;0;0;0;0;0;3;0;0;0;0
"24/02/2023";"10:32:00";"114";"Acidente s";"269";"BR-386/RS";"Sul";"Colisão - Traseira";2;0;0;0;0;0;0;0;0;0;0;1;0;0;0
"24/02/2023";"03:08:00";"170";"Acidente s";"80";"BR-290/RS";"Leste";"Colisão - Lateral";2;0;0;0;0;0;0;0;0;0;1;0;0;0;0
"24/02/2023";"05:35:00";"208";"Acidente s";"4";"BR-101/RS";"Norte";"Colisão - Lateral";1;0;1;0;0;0;0;0;0;0;2;3;0;0;0
"24/02/2023";"06:07:00";"213";"Acidente c";"75";"BR-290/RS";"Oeste";"Queda de moto";0;0;0;1;0;0;0;0;0;0;0;4;0;1;1
"24/02/2023";"09:09:00";"242";"Acidente s";"375";"BR-386/RS";"Norte";"Colisão - Traseira";2;0;0;0;0;0;0;0;0;0;1;0;0;0;0
"24/02/2023";"09:21:00";"245";"Acidente s";"39";"BR-101/RS";"Norte";"Colisão - Lateral";2;0;1;0;0;0;0;0;0;0;3;0;0;0;0
"24/02/2023";"10:42:00";"255";"Acidente s";"221";"BR-386/RS";"Sul";"Colisão - Traseira";2;0;0;0;0;0;0;0;0;0;2;0;0;0;0
"25/02/2023";"05:59:00";"20";"Acidente s";"334";"BR-386/RS";"Norte";"Queda de ribanceira";1;0;0;0;0;0;0;0;0;0;0;0;0;3;1
"25/02/2023";"10:02:00";"106";"Acidente s";"34";"BR-290/RS";"Oeste";"Capotamento";1;0;0;0;0;0;0;0;0;0;1;0;0;0;0
"25/02/2023";"10:11:00";"107";"Acidente s";"344";"BR-386/RS";"Sul";"Colisão - Traseira";2;0;0;0;0;0;0;0;0;0;0;3;0;0;0
"25/02/2023";"11:03:00";"119";"Acidente s";"344";"BR-386/RS";"Norte";"Queda de moto";0;0;0;1;0;0;0;0;0;0;0;0;0;1;0
"25/02/2023";"11:13:00";"120";"Acidente s";"80";"BR-290/RS";"Oeste";"Choque Defensa";1;0;0;0;0;0;0;0;0;0;2;0;0;0;0
"25/02/2023";"11:53:00";"125";"Acidente s";"23";"BR-290/RS";"Leste";"Choque Talude";1;0;0;0;0;0;0;0;0;0;1;0;0;0;0
"25/02/2023";"01:24:00";"138";"Acidente s";"401";"BR-386/RS";"Sul";"Saída de pista";1;0;0;0;0;0;0;0;0;0;2;0;0;0;0
"25/02/2023";"02:30:00";"151";"Acidente s";"22";"BR-448/RS";"Sul";"Choque Barreira";1;0;0;0;0;0;0;0;0;0;1;1;0;0;0
"25/02/2023";"05:06:00";"174";"Acidente c";"397";"BR-386/RS";"Sul";"Queda de ribanceira";1;0;0;0;0;0;0;0;0;0;0;1;0;0;0
"25/02/2023";"07:50:00";"197";"Acidente c";"84";"BR-290/RS";"Oeste";"Colisão - Traseira";2;0;0;0;0;0;0;0;0;0;2;0;0;0;0
"26/02/2023";"04:23:00";"18";"Acidente s";"444";"BR-386/RS";"Norte";"Queda de ribanceira";1;0;0;0;0;0;0;0;0;0;2;1;0;0;0
"26/02/2023";"11:17:00";"84";"Atropelame";"80";"BR-290/RS";"Oeste";"Atropelamento - Usuário";1;0;0;0;0;0;0;0;0;0;0;1;0;0;0
"26/02/2023";"01:51:00";"101";"Acidente c";"72";"BR-101/RS";"Norte";"Saída de pista";1;0;0;0;0;0;0;0;0;0;0;2;1;0;0
"26/02/2023";"03:37:00";"128";"Acidente c";"248.28";"BR-386/RS";"Sul";"Colisão - Transversal";2;0;0;0;0;0;0;0;0;0;1;0;0;0;0
"26/02/2023";"05:59:00";"152";"Acidente c";"33";"BR-290/RS";"Leste";"Choque Defensa";1;0;0;0;0;0;0;0;0;0;6;0;0;1;0
"27/02/2023";"07:37:00";"66";"Acidente s";"80";"BR-290/RS";"Oeste";"Colisão - Traseira";2;0;0;1;0;1;0;0;0;0;1;0;0;0;0
"27/02/2023";"11:57:00";"156";"Acidente s";"256";"BR-386/RS";"Sul";"Saída de pista";1;0;0;0;0;0;0;0;0;0;1;0;0;0;0
"27/02/2023";"02:51:00";"190";"Acidente s";"251";"BR-386/RS";"Norte";"Colisão - Traseira";2;0;0;0;0;0;0;0;0;0;1;0;0;0;0
"27/02/2023";"03:14:00";"195";"Acidente c";"30";"BR-290/RS";"Oeste";"Choque Defensa";0;0;1;0;0;0;0;0;0;0;3;0;0;0;0
"27/02/2023";"08:24:00";"247";"Acidente c";"9";"BR-101/RS";"Sul";"Colisão - Frontal";0;0;0;2;0;0;0;0;0;0;1;0;0;0;0
"28/02/2023";"05:16:00";"21";"Acidente s";"86";"BR-290/RS";"Oeste";"Queda de moto";0;0;0;1;0;0;0;0;0;0;0;2;0;0;0
"28/02/2023";"06:03:00";"24";"Acidente c";"297";"BR-386/RS";"Sul";"Colisão - Frontal";1;0;0;0;0;0;0;2;0;0;2;0;0;0;0
"28/02/2023";"11:41:00";"160";"Acidente s";"82";"BR-290/RS";"Oeste";"Colisão - Lateral";1;0;1;0;0;0;0;0;0;0;1;0;0;0;0
"28/02/2023";"03:39:00";"213";"Acidente s";"270";"BR-386/RS";"Sul";"Colisão - Lateral";1;0;0;1;0;0;0;0;0;0;2;0;0;0;0
"28/02/2023";"06:13:00";"242";"Acidente c";"374";"BR-386/RS";"Sul";"Colisão - Traseira";1;0;0;1;0;0;0;0;0;0;2;1;0;0;0
"28/02/2023";"11:16:00";"305";"Acidente c";"15";"BR-101/RS";"Sul";"Queda de moto";0;0;0;1;0;1;0;0;0;0;2;0;0;0;0
"01/03/2023";"06:52:00";"44";"Acidente s";"91";"BR-290/RS";"Oeste";"Colisão - Lateral";1;0;1;0;0;0;0;0;0;0;2;0;0;0;0
"01/03/2023";"08:28:00";"95";"Acidente s";"95";"BR-290/RS";"Oeste";"Engavetamento";2;0;0;1;0;0;0;0;0;0;2;0;0;0;0
"01/03/2023";"08:43:00";"102";"Acidente s";"95";"BR-290/RS";"Leste";"Choque Barreira";1;0;0;0;0;0;0;0;0;0;4;0;0;0;0
"01/03/2023";"09:58:00";"124";"Acidente c";"446";"BR-386/RS";"Norte";"Colisão - Transversal";0;0;1;1;0;0;0;0;0;0;6;0;0;0;0
"01/03/2023";"10:55:00";"133";"Acidente s";"40";"BR-290/RS";"Leste";"Saída de pista";0;0;1;0;0;0;0;0;0;0;2;0;0;0;0
"01/03/2023";"11:17:00";"137";"Acidente s";"5";"BR-101/RS";"Norte";"Colisão - Lateral";1;0;1;0;0;0;0;0;0;0;3;0;0;0;0
"01/03/2023";"01:56:00";"178";"Acidente s";"372";"BR-386/RS";"Norte";"Colisão - Traseira";2;0;0;0;0;0;0;0;0;0;4;0;0;0;0
"01/03/2023";"07:13:00";"235";"Acidente c";"86";"BR-101/RS";"Sul";"Colisão - Traseira";1;0;1;0;0;0;0;0;0;0;5;0;0;0;0
"01/03/2023";"08:43:00";"250";"Acidente s";"213";"BR-386/RS";"Sul";"Queda de ribanceira";1;0;0;0;0;0;0;0;0;0;1;0;0;0;0
"02/03/2023";"02:50:00";"8";"Acidente s";"39.55";"BR-101/RS";"Norte";"Saída de pista";0;0;0;0;0;1;0;0;0;0;3;0;0;0;0
"02/03/2023";"06:40:00";"35";"Acidente s";"54";"BR-290/RS";"Oeste";"Colisão - Lateral";2;0;0;0;0;0;0;0;0;0;1;0;1;0;0
"02/03/2023";"03:20:00";"179";"Acidente c";"344";"BR-386/RS";"Sul";"Engavetamento";2;0;1;0;0;0;0;0;0;0;4;0;0;0;0
"02/03/2023";"06:48:00";"215";"Acidente s";"60";"BR-101/RS";"Norte";"Saída de pista";1;0;0;0;0;0;0;0;0;0;2;0;0;0;0
"02/03/2023";"07:47:00";"223";"Acidente s";"373";"BR-386/RS";"Sul";"Saída de pista";1;0;0;0;0;0;0;0;0;0;1;0;0;0;0
"03/03/2023";"08:30:00";"93";"Acidente s";"95";"BR-290/RS";"Oeste";"Colisão - Lateral";1;0;0;0;0;1;0;0;0;0;3;1;0;0;0
"03/03/2023";"11:49:00";"145";"Acidente c";"51";"BR-101/RS";"Ambos";"Saída de pista";1;0;0;0;0;0;0;0;0;0;0;1;0;0;0
"03/03/2023";"12:16:00";"152";"Acidente s";"308";"BR-386/RS";"Sul";"Saída de pista";0;0;1;0;0;0;0;0;0;0;2;0;0;0;0
"03/03/2023";"02:32:00";"174";"Acidente s";"214";"BR-386/RS";"Norte";"Saída de pista";0;0;1;0;0;0;0;0;0;0;1;1;0;0;0
"03/03/2023";"03:24:00";"184";"Acidente c";"83";"BR-290/RS";"Oeste";"Colisão - Traseira";2;0;0;0;0;0;0;0;0;1;5;0;0;0;0
"03/03/2023";"03:25:00";"185";"Acidente s";"430";"BR-386/RS";"Sul";"Colisão - Traseira";1;0;0;0;0;0;0;0;0;1;2;0;0;0;0
"03/03/2023";"04:17:00";"193";"Acidente s";"78";"BR-101/RS";"Norte";"Colisão - Lateral";1;0;1;0;0;0;0;0;0;0;1;2;0;0;0
"03/03/2023";"04:52:00";"200";"Acidente s";"91";"BR-290/RS";"Leste";"Colisão - Lateral";2;0;0;0;0;0;0;0;0;0;1;3;0;0;0
"03/03/2023";"05:34:00";"211";"Acidente s";"217";"BR-386/RS";"Sul";"Colisão - Transversal";1;0;1;0;0;0;0;0;0;0;0;2;0;0;0
"03/03/2023";"05:46:00";"215";"Acidente s";"306";"BR-386/RS";"Sul";"Saída de pista";1;0;0;0;0;0;0;0;0;0;3;0;0;0;0
"03/03/2023";"06:23:00";"225";"Acidente s";"10";"BR-290/RS";"Leste";"Saída de pista";1;0;0;0;0;0;0;0;0;0;1;0;0;0;0
"03/03/2023";"07:12:00";"238";"Acidente s";"61";"BR-101/RS";"Norte";"Saída de pista";1;0;0;0;0;0;0;0;0;0;3;0;1;0;0
"03/03/2023";"09:59:00";"271";"Acidente s";"10";"BR-290/RS";"Leste";"Choque com objeto sobre a pista";1;0;0;0;0;0;0;0;0;0;3;0;0;0;0
"03/03/2023";"10:14:00";"274";"Atropelame";"387";"BR-386/RS";"Norte";"Atropelamento - Andarilho";1;0;0;0;0;0;0;0;0;0;1;2;0;0;0
"04/03/2023";"12:15:00";"4";"Acidente s";"445";"BR-386/RS";"Sul";"Queda de moto";0;0;0;1;0;0;0;0;0;0;6;0;0;0;0
"04/03/2023";"07:20:00";"37";"Acidente s";"68";"BR-290/RS";"Oeste";"Colisão - Traseira";2;0;0;0;0;0;0;0;0;0;2;0;0;0;0
"04/03/2023";"07:57:00";"45";"Acidente s";"437";"BR-386/RS";"Sul";"Colisão - Frontal";2;0;0;0;0;0;0;0;0;0;3;0;0;0;0
"04/03/2023";"08:24:00";"52";"Acidente c";"22";"BR-448/RS";"Norte";"Choque Barreira";1;0;0;0;0;0;0;0;0;0;2;0;0;0;0
"04/03/2023";"08:33:00";"53";"Acidente s";"22";"BR-448/RS";"Norte";"Choque Barreira";1;0;0;0;0;0;0;0;0;0;2;0;0;0;0
"04/03/2023";"09:25:00";"64";"Acidente s";"86";"BR-290/RS";"Leste";"Queda de ribanceira";1;0;0;0;0;0;0;0;0;0;1;0;0;0;0