data;horario;n_da_ocorrencia;tipo_de_ocorrencia;km;trecho;sentido;tipo_de_acidente;automovel;bicicleta;caminhao;moto;onibus;outros;tracao_animal;transporte_de_cargas_especiais;trator_maquinas;utilitarios;ilesos;levemente_feridos;moderadamente_feridos;gravemente_feridos;mortos
"14/04/2023";"06:51:00";"197";"Acidente s";"327";"BR-386/RS";"Sul";"Colisão - Lateral";1;0;0;0;0;0;0;0;0;1;0;0;1;0;0
"14/04/2023";"08:35:00";"220";"Acidente s";"343";"BR-386/RS";"Norte";"Colisão - Lateral";2;0;0;0;0;0;0;0;0;0;0;0;0;1;0
"14/04/2023";"10:26:00";"227";"Acidente s";"92";"BR-290/RS";"Oeste";"Colisão - Lateral";2;0;0;0;0;0;0;0;0;0;1;0;0;0;1
"15/04/2023";"10:27:00";"91";"Acidente s";"443";"BR-386/RS";"Sul";"Saída de pista";1;0;0;0;0;0;0;0;0;0;3;0;0;0;0
"15/04/2023";"11:28:00";"104";"Acidente s";"215";"BR-386/RS";"Norte";"Colisão - Transversal";2;0;0;0;0;0;0;0;0;0;1;2;0;0;0
"15/04/2023";"04:32:00";"158";"Acidente s";"422";"BR-386/RS";"Norte";"Saída de pista";1;0;0;0;0;0;0;0;0;0;1;0;0;0;0
"15/04/2023";"07:16:00";"181";"Acidente s";"59";"BR-101/RS";"Norte";"Colisão - Lateral";1;0;1;0;0;0;0;0;0;0;2;0;0;0;0
"16/04/2023";"05:00:00";"20";"Acidente s";"85";"BR-290/RS";"Leste";"Choque Barreira";0;0;1;0;0;0;0;0;0;0;0;1;0;0;0
"16/04/2023";"05:40:00";"26";"Acidente c";"335";"BR-386/RS";"Norte";"Saída de pista";1;0;0;0;0;0;0;0;0;0;4;0;0;0;0
"16/04/2023";"01:13:00";"109";"Acidente c";"248";"BR-386/RS";"Norte";"Queda de ribanceira";1;0;0;0;0;0;0;0;0;0;2;0;0;0;0
"16/04/2023";"03:22:00";"127";"Acidente s";"375";"BR-386/RS";"Sul";"Saída de pista";1;0;0;0;0;0;0;0;0;0;2;0;0;0;0
"16/04/2023";"04:17:00";"135";"Acidente s";"399";"BR-386/RS";"Norte";"Saída de pista";1;0;0;0;0;0;0;0;0;0;2;0;0;1;0
"16/04/2023";"04:45:00";"141";"Acidente c";"329";"BR-386/RS";"Norte";"Engavetamento";3;0;0;0;0;0;0;0;0;0;2;0;0;0;0
"16/04/2023";"05:50:00";"156";"Acidente s";"379";"BR-386/RS";"Norte";"Colisão - Traseira";2;0;0;0;0;0;0;0;0;0;0;0;2;0;0
"16/04/2023";"05:57:00";"159";"Acidente s";"225";"BR-386/RS";"Sul";"Capotamento";1;0;0;0;0;0;0;0;0;0;1;0;0;0;0
"16/04/2023";"06:03:00";"160";"Acidente c";"36";"BR-101/RS";"Sul";"Capotamento";1;0;1;0;0;0;0;0;0;0;2;0;1;0;0
"17/04/2023";"06:25:00";"23";"Acidente s";"435";"BR-386/RS";"Sul";"Colisão - Lateral";1;0;0;0;0;0;0;0;0;0;3;0;0;0;0
"17/04/2023";"08:12:00";"68";"Acidente c";"13";"BR-448/RS";"Sul";"Colisão - Traseira";1;0;0;1;0;0;0;0;0;0;4;0;0;0;0
"17/04/2023";"09:59:00";"108";"Acidente s";"353";"BR-386/RS";"Norte";"Saída de pista";1;0;0;0;0;0;0;0;0;0;0;1;0;0;0
"17/04/2023";"10:31:00";"112";"Acidente s";"25";"BR-290/RS";"Leste";"Queda de ribanceira";1;0;0;0;0;0;0;0;0;0;1;0;0;0;0
"18/04/2023";"08:13:00";"90";"Acidente s";"392";"BR-386/RS";"Sul";"Colisão - Lateral";2;0;0;0;0;0;0;0;0;0;3;0;0;0;0
"18/04/2023";"09:48:00";"121";"Acidente s";"95";"BR-290/RS";"Oeste";"Colisão - Traseira";2;0;0;0;0;0;0;0;0;0;4;0;0;0;0
"18/04/2023";"10:24:00";"134";"Acidente s";"19";"BR-101/RS";"Norte";"Colisão - Traseira";2;0;0;0;0;0;0;0;0;0;1;0;0;0;0
"18/04/2023";"02:37:00";"196";"Acidente s";"215";"BR-386/RS";"Sul";"Colisão - Traseira";1;0;0;0;1;0;0;0;0;0;5;0;0;0;0
"18/04/2023";"04:10:00";"213";"Acidente c";"93";"BR-290/RS";"Oeste";"Colisão - Transversal";1;0;0;1;0;0;0;0;0;0;1;0;0;0;0
"18/04/2023";"06:40:00";"242";"Acidente s";"373";"BR-386/RS";"Norte";"Colisão - Lateral";1;0;0;0;0;1;0;0;0;0;0;3;0;0;0
"19/04/2023";"01:19:00";"168";"Acidente c";"325";"BR-386/RS";"Sul";"Colisão - Transversal";1;0;0;1;0;0;0;0;0;0;1;2;0;0;0
"19/04/2023";"02:47:00";"197";"Acidente c";"342";"BR-386/RS";"Sul";"Colisão - Frontal";1;0;0;0;0;0;0;0;0;2;2;1;0;0;0
"19/04/2023";"04:11:00";"215";"Acidente s";"92";"BR-290/RS";"Leste";"Colisão - Lateral";2;0;0;0;0;0;0;0;0;0;3;0;0;0;0
"19/04/2023";"04:38:00";"218";"Acidente s";"22";"BR-448/RS";"Norte";"Choque Defensa";1;0;0;0;0;0;0;0;0;0;1;0;0;0;0
"19/04/2023";"05:09:00";"224";"Acidente s";"22";"BR-448/RS";"Sul";"Choque Barreira";1;0;0;0;0;0;0;0;0;0;1;0;0;0;0
"19/04/2023";"05:29:00";"237";"Acidente s";"52";"BR-290/RS";"Oeste";"Saída de pista";1;0;0;0;0;0;0;0;0;0;1;0;0;0;0
"19/04/2023";"07:39:00";"256";"Acidente c";"407";"BR-386/RS";"Sul";"Saída de pista";0;0;0;1;0;0;0;0;0;0;0;2;0;0;0
"20/04/2023";"12:59:00";"4";"Acidente s";"32";"BR-290/RS";"Leste";"Saída de pista";1;0;0;0;0;0;0;0;0;0;1;1;0;0;0
"20/04/2023";"02:11:00";"8";"Acidente s";"23";"BR-101/RS";"Sul";"Colisão - Traseira";0;0;1;0;0;1;0;0;0;0;2;0;0;0;0
"20/04/2023";"07:35:00";"66";"Acidente s";"14";"BR-448/RS";"Sul";"Colisão - Traseira";1;0;1;0;0;0;0;0;0;0;3;0;0;0;0
"20/04/2023";"05:30:00";"248";"Acidente s";"92";"BR-290/RS";"Leste";"Colisão - Traseira";1;0;0;1;0;0;0;0;0;0;2;1;0;0;0
"20/04/2023";"07:15:00";"278";"Acidente s";"80";"BR-290/RS";"Leste";"Colisão - Lateral";2;0;0;0;0;0;0;0;0;0;1;1;0;0;0
"20/04/2023";"07:16:00";"279";"Acidente s";"337.23";"BR-386/RS";"Norte";"Saída de pista";0;0;1;0;0;0;0;0;0;0;7;0;0;0;0
"20/04/2023";"10:22:00";"313";"Acidente s";"307.26";"BR-386/RS";"Norte";"Tombamento";0;0;0;0;0;0;0;1;0;0;4;0;0;0;0
"21/04/2023";"03:27:00";"14";"Acidente s";"291";"BR-386/RS";"Sul";"Atropelamento de Animal";1;0;0;0;0;0;0;0;0;0;0;2;0;0;0
"21/04/2023";"09:00:00";"63";"Acidente c";"432";"BR-386/RS";"Norte";"Colisão - Traseira";1;0;0;1;0;0;0;0;0;0;1;0;0;0;0
"21/04/2023";"09:30:00";"68";"Acidente s";"267";"BR-386/RS";"Norte";"Colisão - Traseira";2;0;0;0;0;0;0;0;0;0;3;0;0;1;0
"21/04/2023";"11:19:00";"90";"Acidente s";"75";"BR-290/RS";"Leste";"Colisão - Lateral";1;0;0;0;0;0;0;1;0;0;3;1;0;0;0
"21/04/2023";"11:30:00";"92";"Acidente s";"39";"BR-101/RS";"Norte";"Colisão - Traseira";2;0;0;0;0;0;0;0;0;0;3;0;0;0;0
"21/04/2023";"11:46:00";"97";"Acidente s";"216";"BR-386/RS";"Sul";"Colisão - Traseira";2;0;0;0;0;0;0;0;0;0;3;0;0;0;0
"21/04/2023";"04:12:00";"151";"Acidente s";"82";"BR-290/RS";"Leste";"Colisão - Lateral";1;0;0;0;0;0;0;1;0;0;4;0;1;0;0
"21/04/2023";"07:05:00";"177";"Acidente s";"86";"BR-101/RS";"Norte";"Colisão - Traseira";1;0;0;0;0;0;0;0;0;1;2;0;0;0;0
"21/04/2023";"07:17:00";"182";"Acidente s";"51";"BR-290/RS";"Oeste";"Outros";2;0;0;0;0;0;0;0;0;0;0;0;1;1;0
"22/04/2023";"06:28:00";"25";"Acidente c";"54";"BR-290/RS";"Oeste";"Capotamento";1;0;0;0;0;0;0;0;0;0;2;0;0;0;0
"22/04/2023";"10:42:00";"79";"Atropelame";"74";"BR-101/RS";"Norte";"Atropelamento - Morador/Trabalhador/Estudante";1;0;0;0;0;0;0;0;0;0;1;0;0;0;0
"22/04/2023";"05:32:00";"129";"Acidente s";"343";"BR-386/RS";"Norte";"Colisão - Lateral";2;0;0;0;0;0;0;0;0;0;3;0;0;0;0
"22/04/2023";"06:12:00";"139";"Acidente c";"344";"BR-386/RS";"Norte";"Colisão - Traseira";2;0;0;0;0;0;0;0;0;0;3;0;0;0;0
"23/04/2023";"02:10:00";"68";"Acidente s";"91";"BR-290/RS";"Leste";"Colisão - Lateral";2;0;0;0;0;0;0;0;0;0;2;0;1;0;0
"23/04/2023";"02:45:00";"75";"Acidente s";"356";"BR-386/RS";"Sul";"Colisão - Lateral";1;0;1;0;0;0;0;0;0;0;3;0;0;0;0
"23/04/2023";"03:42:00";"90";"Acidente c";"345";"BR-386/RS";"Sul";"Colisão - Lateral";2;0;0;1;0;0;0;0;0;0;6;0;0;0;0
"23/04/2023";"04:45:00";"99";"Acidente s";"346";"BR-386/RS";"Norte";"Engavetamento";4;0;0;0;0;0;0;0;0;0;2;0;0;0;0
"23/04/2023";"06:34:00";"123";"Acidente s";"325";"BR-386/RS";"Sul";"Engavetamento";3;0;0;0;0;1;0;0;0;0;2;0;0;0;0
"23/04/2023";"10:39:00";"169";"Acidente s";"372";"BR-386/RS";"Sul";"Atropelamento de Animal";1;0;0;0;0;0;0;0;0;0;5;0;0;0;0
"23/04/2023";"11:49:00";"181";"Acidente s";"343";"BR-386/RS";"Norte";"Capotamento";1;0;0;0;0;0;0;0;0;0;1;0;0;0;0
"24/04/2023";"06:06:00";"22";"Acidente s";"281";"BR-386/RS";"Norte";"Capotamento";1;0;0;0;0;0;0;0;0;0;1;0;0;0;0
"24/04/2023";"07:15:00";"44";"Acidente c";"22";"BR-448/RS";"Sul";"Choque Barreira";2;0;0;0;0;0;0;0;0;0;2;0;0;0;0
"24/04/2023";"07:34:00";"52";"Acidente c";"350";"BR-386/RS";"Norte";"Colisão - Traseira";1;0;0;1;0;0;0;0;0;0;1;0;0;0;0
"24/04/2023";"07:53:00";"60";"Acidente c";"413";"BR-386/RS";"Sul";"Colisão - Lateral";1;0;0;1;0;0;0;0;0;0;0;1;0;0;0
"24/04/2023";"08:28:00";"81";"Acidente s";"91";"BR-290/RS";"Leste";"Colisão - Lateral";2;0;0;0;0;0;0;0;0;0;1;0;0;0;0
"24/04/2023";"09:32:00";"101";"Acidente s";"345";"BR-386/RS";"Norte";"Colisão - Traseira";1;0;1;0;0;0;0;0;0;0;1;0;0;0;0
"24/04/2023";"12:37:00";"161";"Acidente c";"354";"BR-386/RS";"Norte";"Saída de pista";1;0;0;0;0;0;0;0;0;0;2;0;0;0;0
"24/04/2023";"12:48:00";"166";"Acidente s";"428";"BR-386/RS";"Norte";"Colisão - Transversal";2;0;0;0;0;0;0;0;0;0;1;0;0;0;0
"24/04/2023";"02:07:00";"190";"Acidente s";"428";"BR-386/RS";"Norte";"Colisão - Traseira";2;0;0;0;0;0;0;0;0;0;0;0;0;0;0
"24/04/2023";"05:25:00";"237";"Acidente c";"328.7";"BR-386/RS";"Norte";"Colisão - Lateral";0;0;1;0;0;0;0;1;0;0;0;0;0;1;0
"24/04/2023";"05:26:00";"238";"Acidente s";"328";"BR-386/RS";"Sul";"Saída de pista";1;0;0;0;0;0;0;0;0;0;0;1;0;0;0
"24/04/2023";"08:47:00";"266";"Acidente s";"436";"BR-386/RS";"Sul";"Choque com objeto sobre a pista";2;0;0;0;0;0;0;0;0;0;2;0;0;0;0
"24/04/2023";"10:41:00";"276";"Acidente c";"63";"BR-290/RS";"Oeste";"Colisão - Traseira";0;0;0;0;0;0;0;2;0;0;1;0;0;0;0
"25/04/2023";"06:13:00";"24";"Acidente s";"66";"BR-290/RS";"Leste";"Colisão - Traseira";1;0;0;0;0;0;0;0;0;1;2;0;0;0;0
"25/04/2023";"06:06:00";"218";"Acidente s";"433";"BR-386/RS";"Sul";"Colisão - Lateral";0;0;0;1;0;0;0;0;0;1;2;0;0;0;0
"25/04/2023";"07:42:00";"242";"Acidente s";"78";"BR-101/RS";"Norte";"Saída de pista";1;0;0;0;0;0;0;0;0;0;3;1;0;0;0
"25/04/2023";"10:26:00";"266";"Acidente s";"304";"BR-386/RS";"Norte";"Saída de pista";0;0;0;0;0;0;0;1;0;0;1;1;0;0;0
"26/04/2023";"02:41:00";"6";"Acidente s";"423";"BR-386/RS";"Sul";"Saída de pista";0;0;1;0;0;0;0;0;0;0;1;0;0;0;0
"26/04/2023";"07:25:00";"31";"Acidente s";"360";"BR-386/RS";"Norte";"Capotamento";1;0;0;0;0;0;0;0;0;0;3;0;0;3;0
"26/04/2023";"07:47:00";"40";"Acidente c";"22";"BR-290/RS";"Oeste";"Saída de pista";1;0;0;0;0;0;0;0;0;0;2;1;0;0;0
"26/04/2023";"08:41:00";"64";"Acidente c";"27";"BR-101/RS";"Norte";"Queda de moto";0;0;0;1;0;0;0;0;0;0;1;0;0;0;0
"26/04/2023";"09:37:00";"88";"Acidente s";"94";"BR-290/RS";"Leste";"Choque Defensa";1;0;0;0;0;0;0;0;0;0;2;0;0;0;0
"26/04/2023";"11:36:00";"118";"Acidente c";"296";"BR-386/RS";"Norte";"Tombamento";0;0;0;0;0;0;0;1;0;0;2;0;0;0;0
"26/04/2023";"12:44:00";"131";"Acidente s";"305";"BR-386/RS";"Norte";"Saída de pista";0;0;0;0;0;0;0;1;0;0;1;0;0;0;0
"26/04/2023";"03:06:00";"182";"Acidente c";"248";"BR-386/RS";"Norte";"Colisão - Transversal";1;0;1;0;0;0;0;0;0;0;2;0;0;0;0
"26/04/2023";"04:50:00";"199";"Acidente s";"83";"BR-290/RS";"Leste";"Colisão - Traseira";2;0;0;1;0;0;0;0;0;0;3;0;1;0;0
"26/04/2023";"05:19:00";"203";"Acidente s";"396";"BR-386/RS";"Norte";"Saída de pista";0;0;0;0;0;0;0;1;0;0;5;0;0;0;0
"26/04/2023";"05:29:00";"206";"Acidente s";"10";"BR-290/RS";"Leste";"Colisão - Lateral";0;0;0;0;0;2;0;0;0;0;1;0;1;0;0
"26/04/2023";"06:31:00";"216";"Acidente c";"379";"BR-386/RS";"Sul";"Saída de pista";1;0;0;0;0;0;0;0;0;0;0;1;0;0;0
"27/04/2023";"11:02:00";"142";"Acidente s";"349";"BR-386/RS";"Sul";"Colisão - Traseira";0;0;2;0;0;0;0;0;0;0;1;0;0;1;0
"27/04/2023";"11:22:00";"147";"Acidente s";"95";"BR-290/RS";"Oeste";"Choque Defensa";1;0;0;0;0;0;0;0;0;0;3;0;0;0;0
"27/04/2023";"12:05:00";"159";"Acidente s";"350";"BR-386/RS";"Norte";"Colisão - Traseira";0;0;1;0;0;0;0;1;0;0;4;0;0;0;0
"27/04/2023";"12:14:00";"161";"Acidente s";"435";"BR-386/RS";"Sul";"Colisão - Frontal";1;0;0;0;0;0;0;1;0;0;1;0;0;0;0
"27/04/2023";"06:23:00";"225";"Acidente s";"90";"BR-290/RS";"Leste";"Engavetamento";3;0;0;0;0;0;0;0;0;0;1;0;0;0;0
"27/04/2023";"07:35:00";"243";"Acidente s";"345";"BR-386/RS";"Norte";"Colisão - Lateral";1;0;0;0;0;1;0;0;0;0;2;0;0;0;0
"27/04/2023";"08:00:00";"249";"Acidente s";"379";"BR-386/RS";"Sul";"Choque com objeto sobre a pista";1;0;0;0;0;0;0;0;0;0;3;0;0;0;0
"28/04/2023";"05:35:00";"18";"Acidente c";"37";"BR-290/RS";"Leste";"Tombamento";0;0;0;0;0;0;0;1;0;0;0;3;0;0;0
"28/04/2023";"06:14:00";"26";"Acidente c";"19";"BR-101/RS";"Sul";"Colisão - Transversal";1;0;0;0;0;0;0;1;0;0;4;0;0;0;0
"28/04/2023";"06:20:00";"27";"Acidente s";"423";"BR-386/RS";"Norte";"Colisão - Lateral";1;0;0;0;0;0;0;1;0;0;2;0;0;1;0
"28/04/2023";"08:07:00";"69";"Acidente s";"301";"BR-386/RS";"Norte";"Saída de pista";1;0;0;0;0;0;0;0;0;0;2;0;0;0;0
"28/04/2023";"08:17:00";"77";"Acidente c";"22";"BR-101/RS";"Norte";"Colisão - Traseira";1;0;0;0;0;0;0;1;0;0;0;0;0;1;0
"28/04/2023";"09:08:00";"92";"Acidente c";"35";"BR-101/RS";"Norte";"Saída de pista";1;0;0;0;0;0;0;0;0;0;3;0;0;0;0
"28/04/2023";"12:43:00";"145";"Acidente s";"92";"BR-290/RS";"Leste";"Colisão - Traseira";2;0;0;0;0;0;0;0;0;0;1;0;0;0;0
"28/04/2023";"05:23:00";"212";"Acidente s";"346";"BR-386/RS";"Norte";"Colisão - Traseira";2;0;0;0;0;0;0;0;0;0;1;0;0;0;0
"28/04/2023";"05:27:00";"213";"Acidente s";"346";"BR-386/RS";"Norte";"Colisão - Traseira";1;0;0;1;0;0;0;0;0;0;2;0;0;0;0
"28/04/2023";"07:42:00";"237";"Acidente s";"387";"BR-386/RS";"Sul";"Colisão - Traseira";2;0;0;0;0;0;0;0;0;0;1;2;0;0;0
"28/04/2023";"08:02:00";"239";"Acidente s";"440";"BR-386/RS";"Sul";"Saída de pista";1;0;0;0;0;0;0;0;0;0;2;0;0;0;0
"28/04/2023";"08:37:00";"248";"Acidente s";"12";"BR-290/RS";"Leste";"Colisão - Traseira";2;0;0;0;0;0;0;0;0;0;3;0;0;0;0
"28/04/2023";"11:37:00";"263";"Acidente s";"22";"BR-448/RS";"Sul";"Choque Defensa";1;0;0;0;0;0;0;0;0;0;2;1;0;0;0
"29/04/2023";"04:43:00";"12";"Acidente s";"228";"BR-386/RS";"Sul";"Capotamento";1;0;0;0;0;0;0;0;0;0;1;0;0;0;0
"29/04/2023";"05:23:00";"18";"Acidente s";"27";"BR-290/RS";"Oeste";"Saída de pista";0;0;1;0;0;0;0;0;0;0;2;0;0;0;0
"29/04/2023";"05:43:00";"20";"Acidente s";"3";"BR-448/RS";"Sul";"Colisão - Lateral";2;0;0;0;0;0;0;0;0;0;2;0;0;0;0
"29/04/2023";"07:36:00";"37";"Acidente s";"35.05";"BR-101/RS";"Sul";"Choque Defensa";1;0;0;0;0;0;0;0;0;0;6;0;0;0;0
"29/04/2023";"08:04:00";"52";"Acidente s";"406";"BR-386/RS";"Sul";"Choque Defensa";1;0;0;0;0;0;0;0;0;0;2;0;0;0;0
"29/04/2023";"09:59:00";"89";"Acidente s";"322";"BR-386/RS";"Sul";"Colisão - Traseira";2;0;0;0;0;0;0;0;0;0;1;0;1;0;0
"29/04/2023";"12:03:00";"128";"Acidente c";"22";"BR-448/RS";"Sul";"Queda de moto";0;0;0;1;0;0;0;0;0;0;1;0;0;0;0
"29/04/2023";"02:05:00";"150";"Acidente c";"36";"BR-290/RS";"Leste";"Colisão - Traseira";1;0;0;1;0;0;0;0;0;0;5;0;0;0;0
"29/04/2023";"03:32:00";"170";"Acidente s";"35";"BR-101/RS";"Norte";"Colisão - Lateral";2;0;0;0;0;0;0;0;0;0;2;0;0;0;0
"29/04/2023";"04:15:00";"178";"Acidente s";"445";"BR-386/RS";"Norte";"Colisão - Transversal";2;0;0;0;0;0;0;0;0;0;2;0;0;0;0
"29/04/2023";"05:53:00";"202";"Acidente s";"55";"BR-101/RS";"Sul";"Queda de moto";0;0;0;1;0;0;0;0;0;0;4;0;1;0;1
"29/04/2023";"06:04:00";"205";"Acidente s";"395";"BR-386/RS";"Norte";"Colisão - Traseira";1;0;1;0;0;0;0;0;0;0;1;0;0;0;0
"29/04/2023";"08:06:00";"233";"Acidente c";"342.7";"BR-386/RS";"Norte";"Colisão - Frontal";1;0;0;1;0;0;0;0;0;0;2;0;0;0;0
"30/04/2023";"01:49:00";"7";"Acidente s";"81";"BR-290/RS";"Leste";"Saída de pista";1;0;0;0;0;0;0;0;0;0;1;0;0;0;0
"30/04/2023";"06:22:00";"25";"Acidente s";"7";"BR-290/RS";"Oeste";"Colisão - Lateral";1;0;0;0;0;0;0;0;0;1;3;0;0;0;0
"30/04/2023";"06:23:00";"24";"Acidente s";"56";"BR-290/RS";"Oeste";"Queda de moto";1;0;0;0;0;0;0;0;0;0;7;0;0;0;0
"30/04/2023";"08:51:00";"43";"Acidente s";"249";"BR-386/RS";"Norte";"Colisão - Transversal";2;0;0;0;0;0;0;0;0;0;1;0;0;0;0
"30/04/2023";"10:41:00";"60";"Acidente s";"64";"BR-290/RS";"Leste";"Capotamento";1;0;0;0;0;0;0;0;0;0;3;0;0;0;0
"30/04/2023";"11:47:00";"71";"Acidente s";"88";"BR-290/RS";"Leste";"Colisão - Traseira";3;0;0;0;0;0;0;0;0;0;1;0;2;0;0
"30/04/2023";"12:07:00";"74";"Acidente s";"88";"BR-290/RS";"Leste";"Colisão - Transversal";2;0;0;0;0;0;0;0;0;0;2;0;0;0;0
"30/04/2023";"04:21:00";"102";"Acidente s";"227";"BR-386/RS";"Norte";"Colisão - Traseira";1;0;0;1;0;0;0;0;0;0;1;0;0;0;0
"30/04/2023";"11:41:00";"168";"Acidente c";"92";"BR-290/RS";"Oeste";"Queda de moto";0;0;0;1;0;0;0;0;0;0;7;0;0;0;0
"01/05/2023";"10:18:00";"58";"Acidente c";"9";"BR-101/RS";"Norte";"Queda de moto";1;0;0;1;0;0;0;0;0;0;5;0;0;0;0
"01/05/2023";"12:35:00";"79";"Acidente c";"297";"BR-386/RS";"Sul";"Colisão - Frontal";2;0;0;0;0;0;0;0;0;0;2;0;0;0;0
"01/05/2023";"03:19:00";"111";"Acidente s";"350";"BR-386/RS";"Norte";"Queda de Ponte/Viaduto";0;0;0;0;0;0;0;0;0;0;3;0;0;0;0
"01/05/2023";"05:24:00";"147";"Acidente c";"337";"BR-386/RS";"Norte";"Colisão - Lateral";2;0;0;0;0;0;0;0;0;0;2;0;0;0;0
"01/05/2023";"06:47:00";"168";"Acidente s";"214";"BR-386/RS";"Norte";"Colisão - Traseira";1;0;0;0;0;0;0;0;0;1;3;0;0;0;0
"01/05/2023";"06:54:00";"170";"Acidente s";"433";"BR-386/RS";"Sul";"Colisão - Traseira";1;0;0;1;0;0;0;0;0;0;2;0;0;0;0
"01/05/2023";"09:01:00";"204";"Acidente s";"37";"BR-101/RS";"Sul";"Choque com objeto sobre a pista";2;0;0;0;0;0;0;0;0;0;2;0;0;0;0
"02/05/2023";"04:36:00";"19";"Acidente s";"9";"BR-290/RS";"Ambos";"Saída de pista";1;0;0;0;0;0;0;0;0;0;2;0;0;0;0
"02/05/2023";"07:29:00";"38";"Acidente c";"341";"BR-386/RS";"Sul";"Colisão - Lateral";2;0;0;0;0;0;0;0;0;0;4;0;0;0;0
"02/05/2023";"09:34:00";"75";"Acidente s";"370";"BR-386/RS";"Ambos";"Saída de pista";1;0;0;0;0;0;0;0;0;0;3;0;0;0;0
"02/05/2023";"10:24:00";"89";"Acidente s";"401";"BR-386/RS";"Norte";"Saída de pista";1;0;0;0;0;0;0;0;0;0;4;0;0;0;0
"02/05/2023";"11:39:00";"101";"Acidente c";"64";"BR-290/RS";"Oeste";"Choque Defensa";1;0;0;0;0;0;0;0;0;0;5;0;0;0;0
"02/05/2023";"12:41:00";"112";"Acidente s";"359";"BR-386/RS";"Norte";"Capotamento";1;0;0;0;0;0;0;0;0;0;0;0;4;0;0
"02/05/2023";"01:27:00";"114";"Acidente c";"36";"BR-290/RS";"Leste";"Queda de moto";0;0;0;1;0;0;0;0;0;0;0;0;0;4;1
"02/05/2023";"04:03:00";"146";"Acidente s";"19";"BR-290/RS";"Oeste";"Saída de pista";1;0;0;0;0;0;0;0;0;0;7;0;0;0;0
"02/05/2023";"04:18:00";"151";"Acidente s";"410";"BR-386/RS";"Sul";"Saída de pista";0;0;0;0;0;0;0;0;0;0;1;0;0;0;0
"02/05/2023";"04:43:00";"159";"Acidente s";"60";"BR-290/RS";"Oeste";"Colisão - Lateral";1;0;1;0;0;0;0;0;0;0;2;0;0;0;0
"02/05/2023";"05:37:00";"165";"Acidente s";"13";"BR-290/RS";"Oeste";"Saída de pista";1;0;0;0;0;0;0;0;0;0;1;2;0;0;0
"02/05/2023";"08:01:00";"187";"Acidente s";"16";"BR-290/RS";"Leste";"Saída de pista";1;0;0;0;0;0;0;0;0;0;2;0;0;0;0
"03/05/2023";"07:35:00";"32";"Acidente s";"437";"BR-386/RS";"Sul";"Colisão - Traseira";2;0;0;0;0;0;0;0;0;0;3;0;0;0;0
"03/05/2023";"08:32:00";"54";"Acidente s";"52";"BR-101/RS";"Norte";"Saída de pista";1;0;0;0;0;0;0;0;0;0;7;0;0;0;0
"03/05/2023";"08:38:00";"57";"Acidente s";"63";"BR-101/RS";"Sul";"Capotamento";1;0;0;0;0;0;0;0;0;0;2;0;0;0;0
"03/05/2023";"09:33:00";"69";"Acidente s";"11";"BR-290/RS";"Leste";"Capotamento";1;0;0;0;0;0;0;0;0;0;4;0;0;0;0
"03/05/2023";"10:27:00";"77";"Acidente c";"247";"BR-386/RS";"Ambos";"Colisão - Transversal";2;0;0;0;0;0;0;0;0;0;3;0;0;0;0
"03/05/2023";"01:27:00";"98";"Acidente s";"262";"BR-386/RS";"Norte";"Saída de pista";1;0;0;0;0;0;0;0;0;0;3;0;0;0;0
"03/05/2023";"03:47:00";"119";"Acidente c";"379";"BR-386/RS";"Sul";"Colisão - Lateral";1;0;1;1;0;0;0;0;0;0;2;0;0;0;0
"03/05/2023";"06:55:00";"148";"Acidente c";"360";"BR-386/RS";"Norte";"Engavetamento";3;0;0;0;0;0;0;1;0;0;1;0;0;0;0
"03/05/2023";"07:09:00";"151";"Acidente c";"397";"BR-386/RS";"Norte";"Saída de pista";1;0;0;0;0;0;0;0;0;0;5;0;0;0;0
"03/05/2023";"07:45:00";"159";"Acidente s";"71";"BR-101/RS";"Norte";"Colisão - Lateral";1;0;1;0;0;0;0;0;0;0;0;1;4;0;0
"03/05/2023";"07:49:00";"160";"Acidente s";"380";"BR-386/RS";"Norte";"Colisão - Traseira";2;0;0;0;0;0;0;0;0;0;2;0;0;0;0
"03/05/2023";"08:12:00";"165";"Acidente s";"21";"BR-448/RS";"Sul";"Colisão - Traseira";2;0;0;0;0;0;0;0;0;0;4;0;0;0;0
"03/05/2023";"10:14:00";"179";"Acidente s";"348";"BR-386/RS";"Sul";"Colisão - Lateral";1;0;0;0;0;0;0;0;0;1;2;0;0;0;0
"03/05/2023";"10:23:00";"181";"Acidente s";"370";"BR-386/RS";"Norte";"Saída de pista";1;0;0;0;0;0;0;0;0;0;3;1;0;0;0
"04/05/2023";"02:36:00";"6";"Acidente s";"10";"BR-448/RS";"Norte";"Saída de pista";1;0;0;0;0;0;0;0;0;0;2;0;0;0;0
"04/05/2023";"08:38:00";"67";"Acidente s";"252";"BR-386/RS";"Sul";"Colisão - Lateral";2;0;0;0;1;0;0;0;0;0;1;0;0;0;0
"04/05/2023";"09:41:00";"91";"Acidente s";"95";"BR-290/RS";"Oeste";"Choque Barreira";1;0;0;0;0;0;0;0;0;0;2;0;0;0;0
"04/05/2023";"12:20:00";"128";"Acidente s";"16";"BR-101/RS";"Norte";"Choque Barreira";1;0;0;0;0;0;0;0;0;0;1;0;0;0;0
"04/05/2023";"01:10:00";"140";"Atropelame";"6";"BR-101/RS";"Norte";"Atropelamento - Usuário";0;0;0;1;0;0;0;0;0;0;0;0;1;0;0