data;horario;n_da_ocorrencia;tipo_de_ocorrencia;km;trecho;sentido;tipo_de_acidente;automovel;bicicleta;caminhao;moto;onibus;outros;tracao_animal;transporte_de_cargas_especiais;trator_maquinas;utilitarios;ilesos;levemente_feridos;moderadamente_feridos;gravemente_feridos;mortos
"04/05/2023";"01:13:00";"143";"Acidente s";"419";"BR-386/RS";"Norte";"Colisão - Lateral";0;0;2;0;0;0;0;0;0;0;2;0;0;0;0
"04/05/2023";"03:07:00";"171";"Acidente s";"70";"BR-101/RS";"Sul";"Choque Defensa";1;0;0;0;0;0;0;0;0;0;0;0;1;0;0
"04/05/2023";"08:28:00";"207";"Acidente c";"343";"BR-386/RS";"Norte";"Colisão - Frontal";1;0;1;0;0;0;0;0;0;0;5;0;0;0;0
"04/05/2023";"09:18:00";"209";"Acidente c";"352";"BR-386/RS";"Norte";"Queda de moto";0;0;0;1;0;0;0;0;0;0;2;0;0;0;0
"04/05/2023";"09:35:00";"212";"Acidente s";"333";"BR-386/RS";"Sul";"Saída de pista";0;0;0;0;0;0;0;1;0;0;1;0;0;0;0
"04/05/2023";"10:18:00";"216";"Acidente c";"57";"BR-290/RS";"Oeste";"Tombamento";0;0;1;0;0;0;0;0;0;1;4;0;0;0;0
"05/05/2023";"02:18:00";"7";"Acidente s";"32";"BR-290/RS";"Leste";"Choque Defensa";1;0;0;0;0;0;0;0;0;0;2;0;0;0;0
"05/05/2023";"08:33:00";"68";"Acidente s";"14.22";"BR-448/RS";"Sul";"Engavetamento";3;0;0;0;0;0;0;0;0;0;3;0;0;0;0
"05/05/2023";"11:00:00";"107";"Acidente s";"379";"BR-386/RS";"Norte";"Choque com veículo na faixa de rolamento";1;0;0;0;0;1;0;0;0;0;2;0;0;0;0
"05/05/2023";"11:32:00";"112";"Acidente s";"352";"BR-386/RS";"Norte";"Saída de pista";1;0;0;0;0;0;0;0;0;0;1;0;1;0;0
"05/05/2023";"01:15:00";"137";"Acidente s";"93";"BR-290/RS";"Oeste";"Choque Defensa";1;0;0;0;0;0;0;0;0;0;2;0;0;0;0
"05/05/2023";"03:06:00";"163";"Acidente c";"96";"BR-290/RS";"Oeste";"Colisão - Traseira";1;0;0;0;0;1;0;0;0;0;1;0;1;0;0
"05/05/2023";"03:34:00";"167";"Acidente c";"442";"BR-386/RS";"Norte";"Saída de pista";1;0;0;0;0;0;0;0;0;0;6;0;0;0;0
"05/05/2023";"04:23:00";"175";"Acidente s";"432";"BR-386/RS";"Norte";"Choque Defensa";1;0;0;0;0;0;0;0;0;0;1;0;0;0;0
"05/05/2023";"05:13:00";"182";"Acidente s";"62";"BR-101/RS";"Sul";"Saída de pista";1;0;0;0;0;0;0;0;0;0;1;2;0;0;0
"05/05/2023";"06:03:00";"190";"Acidente s";"431.08";"BR-386/RS";"Sul";"Colisão - Lateral";1;0;0;0;0;1;0;0;0;0;2;1;0;0;0
"05/05/2023";"06:12:00";"191";"Acidente s";"35";"BR-101/RS";"Sul";"Colisão - Traseira";2;0;0;0;0;0;0;0;0;0;1;0;0;0;0
"05/05/2023";"08:29:00";"218";"Acidente s";"309";"BR-386/RS";"Sul";"Atropelamento de Animal";2;0;1;0;0;0;0;0;0;0;5;0;0;0;0
"05/05/2023";"08:43:00";"220";"Acidente s";"347";"BR-386/RS";"Sul";"Saída de pista";1;0;0;0;0;0;0;0;0;0;1;0;0;0;0
"05/05/2023";"10:39:00";"239";"Atropelame";"7";"BR-101/RS";"Sul";"Atropelamento - Usuário";0;0;0;0;0;1;0;0;0;0;2;0;0;0;0
"05/05/2023";"10:43:00";"240";"Acidente s";"23";"BR-290/RS";"Leste";"Saída de pista";1;0;0;0;0;0;0;0;0;0;2;0;0;0;0
"06/05/2023";"12:56:00";"7";"Acidente s";"77";"BR-290/RS";"Oeste";"Saída de pista";1;0;0;0;0;0;0;0;0;0;3;0;0;0;0
"06/05/2023";"05:14:00";"25";"Acidente c";"60";"BR-101/RS";"Ambos";"Queda de ribanceira";1;0;0;0;0;0;0;0;0;0;3;0;0;0;0
"06/05/2023";"07:46:00";"52";"Acidente s";"341";"BR-386/RS";"Norte";"Saída de pista";1;0;0;0;0;0;0;0;0;0;1;0;0;0;0
"06/05/2023";"08:47:00";"64";"Acidente s";"411";"BR-386/RS";"Sul";"Saída de pista";1;0;0;0;0;0;0;0;0;0;3;1;0;0;0
"06/05/2023";"08:47:00";"63";"Acidente s";"24";"BR-290/RS";"Leste";"Choque Defensa";1;0;0;0;0;0;0;0;0;0;0;2;0;0;0
"06/05/2023";"06:46:00";"165";"Acidente s";"10";"BR-290/RS";"Ambos";"Queda de ribanceira";1;0;0;0;0;0;0;0;0;0;7;0;0;0;0
"06/05/2023";"07:16:00";"168";"Acidente s";"400";"BR-386/RS";"Norte";"Saída de pista";1;0;0;0;0;0;0;0;0;0;3;2;0;0;0
"06/05/2023";"09:32:00";"189";"Acidente s";"350";"BR-386/RS";"Sul";"Queda de ribanceira";1;0;0;0;0;0;0;0;0;0;3;0;0;0;0
"07/05/2023";"02:04:00";"8";"Acidente s";"401";"BR-386/RS";"Norte";"Queda de ribanceira";1;0;0;0;0;0;0;0;0;1;3;0;0;0;0
"07/05/2023";"04:53:00";"99";"Acidente s";"270";"BR-386/RS";"Norte";"Saída de pista";0;0;0;0;0;0;0;1;0;0;3;0;0;0;0
"07/05/2023";"05:23:00";"104";"Acidente s";"52";"BR-290/RS";"Leste";"Saída de pista";1;0;0;0;0;0;0;0;0;0;2;0;0;0;0
"07/05/2023";"06:30:00";"115";"Acidente s";"248";"BR-386/RS";"Norte";"Saída de pista";1;0;0;0;0;0;0;0;0;0;2;0;0;0;0
"07/05/2023";"07:31:00";"125";"Acidente c";"22";"BR-101/RS";"Norte";"Queda de moto";0;0;0;1;0;0;0;0;0;0;4;0;0;0;0
"07/05/2023";"07:45:00";"127";"Acidente s";"375";"BR-386/RS";"Sul";"Outros";1;0;0;0;0;0;0;0;0;0;1;0;0;0;0
"07/05/2023";"08:26:00";"136";"Acidente s";"374";"BR-386/RS";"Sul";"Outros";1;0;0;0;0;0;0;0;0;0;1;0;0;0;0
"07/05/2023";"09:31:00";"147";"Acidente s";"278";"BR-386/RS";"Sul";"Capotamento";1;0;0;0;0;0;0;0;0;0;1;0;0;0;0
"08/05/2023";"01:14:00";"162";"Acidente s";"97";"BR-290/RS";"Leste";"Colisão - Traseira";3;0;0;0;0;0;0;0;0;0;3;0;0;0;0
"09/05/2023";"10:18:00";"131";"Acidente c";"83";"BR-290/RS";"Oeste";"Colisão - Traseira";2;0;0;0;0;0;0;0;0;0;3;0;0;0;0
"09/05/2023";"10:36:00";"137";"Acidente s";"75";"BR-290/RS";"Leste";"Colisão - Traseira";0;0;1;0;0;0;0;0;0;1;2;1;0;0;0
"09/05/2023";"10:56:00";"145";"Acidente s";"83";"BR-290/RS";"Oeste";"Choque Defensa";1;0;0;0;0;0;0;0;0;0;1;0;0;0;0
"09/05/2023";"11:18:00";"150";"Acidente s";"217";"BR-386/RS";"Norte";"Saída de pista";1;0;0;0;0;0;0;0;0;0;1;0;0;0;0
"09/05/2023";"11:22:00";"152";"Acidente s";"68";"BR-290/RS";"Leste";"Saída de pista";1;0;0;0;0;0;0;0;0;0;1;0;0;0;0
"09/05/2023";"12:01:00";"163";"Acidente s";"75";"BR-290/RS";"Oeste";"Colisão - Traseira";1;0;0;0;0;0;0;1;0;0;0;1;0;0;0
"09/05/2023";"02:18:00";"197";"Acidente s";"229";"BR-386/RS";"Sul";"Engavetamento";3;0;0;0;0;0;0;0;0;0;1;0;0;0;0
"09/05/2023";"02:50:00";"208";"Acidente s";"230";"BR-386/RS";"Sul";"Colisão - Transversal";1;0;0;0;0;0;0;0;0;0;1;0;0;0;0
"09/05/2023";"03:20:00";"214";"Acidente s";"375";"BR-386/RS";"Norte";"Choque Praça - Cancela";0;0;0;1;0;0;0;0;0;0;5;0;1;0;0
"09/05/2023";"03:54:00";"219";"Acidente s";"411";"BR-386/RS";"Sul";"Colisão - Transversal";2;0;0;0;0;0;0;0;0;0;12;0;0;0;0
"09/05/2023";"04:48:00";"229";"Acidente s";"329";"BR-386/RS";"Sul";"Saída de pista";1;0;0;0;0;0;0;0;0;0;2;0;0;0;0
"09/05/2023";"04:57:00";"230";"Acidente s";"76";"BR-290/RS";"Leste";"Colisão - Traseira";1;0;0;0;0;1;0;0;0;0;4;0;0;0;0
"09/05/2023";"07:00:00";"254";"Acidente c";"30";"BR-290/RS";"Leste";"Capotamento";1;0;0;0;0;0;0;0;0;0;2;0;0;0;0
"09/05/2023";"10:16:00";"276";"Acidente s";"15";"BR-101/RS";"Sul";"Saída de pista";1;0;0;0;0;0;0;0;0;0;3;0;0;0;0
"10/05/2023";"07:08:00";"35";"Acidente s";"75";"BR-290/RS";"Oeste";"Colisão - Transversal";1;0;0;0;0;0;0;0;0;1;2;0;0;0;0
"10/05/2023";"07:57:00";"74";"Acidente s";"26";"BR-290/RS";"Leste";"Saída de pista";1;0;0;0;0;0;0;0;0;0;1;0;0;0;0
"10/05/2023";"08:33:00";"99";"Acidente s";"92";"BR-290/RS";"Leste";"Colisão - Lateral";1;0;0;0;0;0;0;1;0;0;5;0;0;0;0
"10/05/2023";"09:13:00";"114";"Acidente s";"300";"BR-386/RS";"Norte";"Saída de pista";0;0;1;0;0;0;0;0;0;0;1;0;0;0;0
"10/05/2023";"02:38:00";"185";"Acidente s";"344";"BR-386/RS";"Sul";"Choque Defensa";1;0;0;0;0;0;0;0;0;0;2;0;0;0;0
"10/05/2023";"04:50:00";"211";"Acidente c";"92";"BR-290/RS";"Leste";"Colisão - Traseira";2;0;0;0;0;0;0;0;0;0;3;0;0;0;0
"10/05/2023";"07:18:00";"233";"Acidente c";"36";"BR-101/RS";"Norte";"Capotamento";1;0;0;0;0;0;0;0;0;0;1;2;0;0;0
"11/05/2023";"12:37:00";"7";"Acidente c";"282";"BR-386/RS";"Norte";"Saída de pista";0;0;0;0;1;0;0;0;0;0;2;0;0;0;0
"11/05/2023";"02:45:00";"13";"Acidente c";"54";"BR-101/RS";"Sul";"Choque Barreira";0;0;0;0;0;0;0;0;0;1;2;0;0;0;0
"11/05/2023";"07:38:00";"55";"Acidente c";"341";"BR-386/RS";"Sul";"Colisão - Frontal";1;0;0;1;0;0;0;0;0;0;1;0;0;0;0
"11/05/2023";"12:03:00";"140";"Acidente s";"79";"BR-290/RS";"Leste";"Colisão - Traseira";1;0;0;0;0;0;0;1;0;0;2;0;0;0;0
"11/05/2023";"12:11:00";"141";"Acidente s";"95";"BR-290/RS";"Oeste";"Choque Barreira";1;0;0;0;0;0;0;0;0;0;1;0;0;0;0
"11/05/2023";"06:26:00";"211";"Acidente s";"9.35";"BR-448/RS";"Sul";"Colisão - Traseira";2;0;0;0;0;0;0;0;0;0;2;0;0;0;0
"11/05/2023";"07:30:00";"218";"Acidente s";"25";"BR-290/RS";"Oeste";"Queda de ribanceira";0;0;0;0;0;0;0;0;0;1;2;0;0;0;0
"11/05/2023";"11:05:00";"249";"Acidente c";"346";"BR-386/RS";"Norte";"Queda de moto";0;0;0;1;0;0;0;0;0;0;2;0;0;0;0
"12/05/2023";"02:21:00";"7";"Acidente s";"218";"BR-386/RS";"Norte";"Colisão - Lateral";1;0;0;0;0;1;0;0;0;0;0;0;1;0;0
"12/05/2023";"07:58:00";"71";"Acidente s";"22";"BR-448/RS";"Sul";"Colisão - Lateral";1;0;0;0;0;1;0;0;0;0;1;0;0;0;0
"12/05/2023";"02:13:00";"175";"Acidente s";"338";"BR-386/RS";"Norte";"Colisão - Transversal";1;0;0;0;0;1;0;0;0;0;1;0;0;0;0
"12/05/2023";"04:10:00";"204";"Acidente s";"269";"BR-386/RS";"Norte";"Colisão - Traseira";2;0;0;0;0;0;0;0;0;0;2;0;0;0;0
"12/05/2023";"05:47:00";"225";"Acidente s";"221";"BR-386/RS";"Norte";"Colisão - Traseira";3;0;0;0;0;0;0;0;0;0;3;0;0;0;0
"12/05/2023";"05:52:00";"228";"Acidente c";"7";"BR-101/RS";"Sul";"Colisão - Traseira";2;0;0;1;0;0;0;0;0;0;2;0;0;0;0
"12/05/2023";"08:45:00";"263";"Acidente c";"417";"BR-386/RS";"Sul";"Colisão - Traseira";1;0;1;0;0;0;0;0;0;0;1;0;0;0;0
"13/05/2023";"01:16:00";"7";"Acidente s";"17";"BR-290/RS";"Leste";"Atropelamento de Animal";1;0;0;0;0;0;0;0;0;0;1;0;0;0;0
"13/05/2023";"04:27:00";"17";"Acidente c";"349";"BR-386/RS";"Sul";"Colisão - Traseira";2;0;0;0;0;0;0;0;0;0;6;0;0;0;0
"13/05/2023";"04:34:00";"18";"Acidente s";"367";"BR-386/RS";"Norte";"Capotamento";1;0;0;0;0;0;0;0;0;0;1;0;0;0;0
"13/05/2023";"05:13:00";"21";"Acidente s";"47";"BR-101/RS";"Sul";"Choque Barreira";1;0;0;0;0;0;0;0;0;0;1;0;0;0;0
"13/05/2023";"10:23:00";"77";"Acidente c";"297";"BR-386/RS";"Sul";"Tombamento";0;0;0;0;0;0;0;1;0;0;1;0;1;0;0
"13/05/2023";"05:25:00";"166";"Acidente s";"362";"BR-386/RS";"Norte";"Colisão - Transversal";1;0;0;1;0;0;0;0;0;0;2;0;0;0;0
"13/05/2023";"06:54:00";"179";"Acidente s";"37";"BR-290/RS";"Oeste";"Colisão - Traseira";2;0;0;0;0;0;0;0;0;0;3;0;0;0;0
"13/05/2023";"11:04:00";"208";"Acidente c";"371";"BR-386/RS";"Norte";"Saída de pista";1;0;0;0;0;0;0;0;0;0;1;0;0;0;1
"14/05/2023";"03:51:00";"12";"Acidente c";"22";"BR-448/RS";"Sul";"Choque Barreira";1;0;0;0;0;0;0;0;0;0;3;0;0;0;0
"14/05/2023";"10:59:00";"54";"Acidente s";"319";"BR-386/RS";"Norte";"Atropelamento de Animal";1;0;0;0;0;0;0;0;0;0;1;0;0;0;0
"14/05/2023";"11:07:00";"55";"Acidente s";"435";"BR-386/RS";"Norte";"Colisão - Traseira";2;0;0;0;0;0;0;0;0;0;2;0;0;0;0
"14/05/2023";"12:33:00";"62";"Acidente s";"26";"BR-290/RS";"Oeste";"Saída de pista";1;0;0;0;0;0;0;0;0;0;1;0;0;0;0
"14/05/2023";"01:53:00";"73";"Acidente s";"86";"BR-290/RS";"Leste";"Capotamento";1;0;0;0;0;0;0;0;0;0;0;0;1;0;0
"14/05/2023";"03:44:00";"86";"Acidente s";"340";"BR-386/RS";"Norte";"Engavetamento";3;0;0;0;0;0;0;0;0;0;4;0;0;0;0
"14/05/2023";"04:09:00";"91";"Acidente c";"237";"BR-386/RS";"Norte";"Colisão - Traseira";1;0;0;1;0;0;0;0;0;0;2;0;0;0;0
"14/05/2023";"04:55:00";"95";"Acidente c";"356";"BR-386/RS";"Sul";"Capotamento";2;0;0;0;0;0;0;0;0;0;2;0;0;0;0
"14/05/2023";"05:22:00";"105";"Acidente s";"40";"BR-290/RS";"Oeste";"Choque Defensa";1;0;0;0;0;0;0;0;0;0;2;0;0;0;0
"14/05/2023";"09:06:00";"146";"Acidente s";"243";"BR-386/RS";"Norte";"Saída de pista";1;0;0;0;0;0;0;0;0;0;6;0;0;0;0
"14/05/2023";"10:49:00";"159";"Acidente c";"91";"BR-290/RS";"Leste";"Tombamento";1;0;0;0;0;0;0;1;0;0;2;0;1;0;0
"15/05/2023";"07:27:00";"42";"Acidente s";"419";"BR-386/RS";"Norte";"Colisão - Traseira";3;0;0;0;0;0;0;0;0;0;3;0;1;0;0
"15/05/2023";"07:43:00";"52";"Acidente s";"87";"BR-290/RS";"Oeste";"Colisão - Traseira";2;0;0;0;0;0;0;0;0;0;1;1;0;0;0
"15/05/2023";"08:03:00";"62";"Acidente s";"91";"BR-290/RS";"Leste";"Colisão - Traseira";2;0;0;0;0;0;0;0;0;0;0;1;0;0;0
"15/05/2023";"08:15:00";"70";"Acidente c";"35";"BR-101/RS";"Sul";"Colisão - Frontal";1;0;0;1;0;0;0;0;0;0;1;0;0;0;0
"15/05/2023";"01:29:00";"158";"Acidente s";"73";"BR-290/RS";"Oeste";"Choque Defensa";1;0;0;0;0;0;0;0;0;1;1;0;0;0;0
"15/05/2023";"01:45:00";"163";"Acidente c";"19";"BR-290/RS";"Leste";"Colisão - Traseira";1;0;1;0;0;0;0;0;0;0;2;0;2;1;0
"15/05/2023";"02:16:00";"171";"Acidente c";"180";"BR-386/RS";"Sul";"Queda de moto";0;0;0;1;0;0;0;0;0;0;2;0;0;0;0
"15/05/2023";"04:41:00";"202";"Acidente c";"36";"BR-290/RS";"Oeste";"Queda de moto";0;0;0;1;0;0;0;0;0;0;0;1;0;0;0
"15/05/2023";"11:36:00";"257";"Acidente s";"400";"BR-386/RS";"Norte";"Queda de ribanceira";1;0;0;0;0;0;0;0;0;0;4;0;0;0;0
"16/05/2023";"09:56:00";"124";"Acidente s";"22";"BR-101/RS";"Norte";"Colisão - Traseira";1;0;0;0;0;0;0;0;0;1;4;1;0;0;0
"16/05/2023";"02:29:00";"181";"Acidente s";"92";"BR-290/RS";"Leste";"Colisão - Transversal";2;0;0;0;0;0;0;0;0;0;2;0;0;0;0
"16/05/2023";"04:34:00";"221";"Acidente c";"23";"BR-101/RS";"Norte";"Colisão - Transversal";1;0;0;1;0;0;0;0;0;0;1;0;0;0;0
"16/05/2023";"05:12:00";"226";"Acidente c";"70";"BR-290/RS";"Oeste";"Outros";0;0;0;1;0;0;0;1;0;0;4;0;0;0;0
"16/05/2023";"06:17:00";"235";"Acidente s";"63";"BR-101/RS";"Sul";"Queda de ribanceira";1;0;0;0;0;0;0;0;0;0;2;0;0;0;0
"16/05/2023";"07:12:00";"246";"Atropelame";"317";"BR-386/RS";"Sul";"Atropelamento - Andarilho";1;0;0;0;0;0;0;0;0;0;1;0;1;0;0
"17/05/2023";"07:58:00";"77";"Acidente c";"92";"BR-290/RS";"Leste";"Colisão - Traseira";3;0;0;0;0;0;0;0;0;0;1;0;0;0;0
"17/05/2023";"09:14:00";"100";"Acidente s";"10";"BR-448/RS";"Norte";"Queda de moto";0;0;0;1;0;0;0;0;0;0;1;1;1;0;0
"17/05/2023";"10:50:00";"128";"Acidente s";"87";"BR-290/RS";"Oeste";"Colisão - Lateral";1;0;0;0;0;0;0;1;0;0;1;0;0;0;0
"17/05/2023";"02:05:00";"169";"Acidente s";"426";"BR-386/RS";"Sul";"Colisão - Traseira";1;0;1;0;0;0;0;0;0;0;7;0;0;0;0
"17/05/2023";"06:43:00";"220";"Acidente s";"435";"BR-386/RS";"Sul";"Saída de pista";1;0;0;0;0;0;0;0;0;0;10;0;0;0;0
"17/05/2023";"07:17:00";"229";"Acidente c";"389";"BR-386/RS";"Sul";"Queda de moto";1;0;0;1;0;0;0;0;0;0;3;0;0;0;0
"18/05/2023";"05:20:00";"14";"Acidente s";"385";"BR-386/RS";"Norte";"Saída de pista";1;0;0;0;0;0;0;0;0;0;4;0;0;0;0
"18/05/2023";"09:03:00";"98";"Acidente s";"91";"BR-290/RS";"Leste";"Colisão - Lateral";3;0;0;0;0;0;0;0;0;0;1;0;0;0;0
"18/05/2023";"12:53:00";"150";"Acidente s";"325";"BR-386/RS";"Norte";"Colisão - Frontal";1;0;1;0;0;0;0;0;0;0;1;0;0;0;0
"18/05/2023";"12:57:00";"151";"Acidente s";"85";"BR-290/RS";"Leste";"Queda de moto";0;0;0;1;0;0;0;0;0;0;2;0;0;0;0
"18/05/2023";"04:09:00";"193";"Acidente c";"342";"BR-386/RS";"Norte";"Colisão - Traseira";1;0;0;1;0;0;0;0;0;0;2;0;0;0;0
"18/05/2023";"04:44:00";"200";"Acidente c";"70";"BR-101/RS";"Sul";"Choque Defensa";1;0;0;0;0;0;0;0;0;0;2;0;0;0;0
"18/05/2023";"07:13:00";"236";"Acidente s";"88";"BR-290/RS";"Leste";"Colisão - Traseira";2;0;0;0;0;0;0;0;0;0;3;0;0;0;0
"19/05/2023";"12:05:00";"2";"Acidente s";"51";"BR-101/RS";"Norte";"Saída de pista";1;0;0;0;0;0;0;0;0;0;2;0;0;0;0
"19/05/2023";"07:28:00";"42";"Acidente c";"59";"BR-101/RS";"Norte";"Saída de pista";1;0;0;0;0;0;0;0;0;0;2;0;0;0;0
"19/05/2023";"07:57:00";"64";"Acidente s";"306";"BR-386/RS";"Norte";"Saída de pista";1;0;0;0;0;0;0;0;0;0;2;0;0;0;0
"19/05/2023";"09:06:00";"88";"Acidente s";"438";"BR-386/RS";"Norte";"Colisão - Traseira";2;0;0;0;0;0;0;0;0;0;3;0;0;0;0
"19/05/2023";"10:51:00";"119";"Acidente c";"9";"BR-448/RS";"Norte";"Colisão - Traseira";1;0;1;0;0;0;0;0;0;0;4;0;0;0;0
"19/05/2023";"01:21:00";"142";"Acidente s";"55";"BR-290/RS";"Leste";"Saída de pista";1;0;0;0;0;0;0;0;0;0;1;0;0;0;0
"19/05/2023";"01:36:00";"146";"Acidente s";"445";"BR-386/RS";"Sul";"Colisão - Lateral";1;0;0;0;0;0;0;0;0;1;3;0;0;0;0
"19/05/2023";"06:07:00";"207";"Acidente c";"75";"BR-290/RS";"Leste";"Engavetamento";2;0;0;0;0;0;0;0;0;1;2;0;0;0;0
"19/05/2023";"09:34:00";"245";"Acidente c";"80";"BR-290/RS";"Oeste";"Queda de moto";0;0;0;1;0;0;0;0;0;0;2;0;1;0;0
"19/05/2023";"10:38:00";"251";"Acidente c";"93";"BR-290/RS";"Oeste";"Queda de moto";0;0;0;1;0;0;0;0;0;0;8;0;0;0;0
"20/05/2023";"03:17:00";"19";"Acidente s";"358";"BR-386/RS";"Norte";"Saída de pista";0;0;0;0;1;0;0;0;0;0;2;0;0;0;0
"20/05/2023";"06:52:00";"38";"Acidente s";"80";"BR-290/RS";"Leste";"Saída de pista";1;0;0;0;0;0;0;0;0;0;3;0;0;0;0
"20/05/2023";"07:22:00";"46";"Acidente c";"280";"BR-386/RS";"Norte";"Saída de pista";1;0;0;0;0;0;0;0;0;0;4;0;0;0;0
"20/05/2023";"10:04:00";"98";"Acidente s";"89";"BR-290/RS";"Leste";"Colisão - Traseira";2;0;0;0;0;0;0;0;0;0;3;0;0;0;0
"20/05/2023";"01:43:00";"148";"Acidente c";"72";"BR-101/RS";"Sul";"Queda de moto";1;0;0;0;0;0;0;0;0;0;1;0;0;0;0
"20/05/2023";"07:41:00";"216";"Acidente s";"88";"BR-290/RS";"Leste";"Colisão - Traseira";2;0;0;0;0;0;0;0;0;0;2;0;0;0;0
"20/05/2023";"10:56:00";"242";"Acidente c";"69";"BR-290/RS";"Leste";"Capotamento";1;0;0;0;0;0;0;0;0;0;2;0;0;0;0
"21/05/2023";"12:50:00";"8";"Acidente s";"272";"BR-386/RS";"Sul";"Saída de pista";1;0;0;0;0;0;0;0;0;0;2;0;0;0;0
"21/05/2023";"06:12:00";"26";"Acidente s";"83";"BR-290/RS";"Leste";"Choque com veículo no acostamento";1;0;1;0;0;0;0;0;0;0;0;0;1;0;0
"21/05/2023";"10:10:00";"62";"Acidente s";"70";"BR-101/RS";"Norte";"Colisão - Lateral";1;0;0;0;0;0;0;1;0;0;0;0;0;1;0
"21/05/2023";"11:32:00";"75";"Acidente c";"430";"BR-386/RS";"Sul";"Colisão - Traseira";1;0;0;1;0;0;0;0;0;0;5;0;0;0;0
"21/05/2023";"06:26:00";"147";"Acidente c";"435";"BR-386/RS";"Norte";"Colisão - Lateral";2;0;0;0;0;0;0;0;0;0;1;0;0;0;0
"21/05/2023";"09:27:00";"179";"Acidente s";"342";"BR-386/RS";"Sul";"Saída de pista";1;0;0;0;0;0;0;0;0;0;1;0;0;0;0
"22/05/2023";"05:57:00";"23";"Acidente c";"17";"BR-448/RS";"Norte";"Saída de pista";0;0;1;0;0;0;0;0;0;0;1;0;0;0;0
"22/05/2023";"06:07:00";"24";"Acidente s";"14";"BR-101/RS";"Sul";"Colisão - Lateral";2;0;0;0;0;0;0;0;0;0;0;1;0;0;0
"22/05/2023";"07:00:00";"38";"Acidente s";"80";"BR-290/RS";"Leste";"Saída de pista";1;0;0;0;0;0;0;0;0;0;2;0;0;0;0
"22/05/2023";"08:57:00";"91";"Acidente s";"22";"BR-448/RS";"Sul";"Choque Barreira";1;0;0;0;0;0;0;0;0;0;3;0;0;0;0
"22/05/2023";"03:21:00";"188";"Acidente s";"20";"BR-290/RS";"Oeste";"Colisão - Lateral";1;0;0;0;0;1;0;0;0;0;0;1;0;0;0
"22/05/2023";"04:06:00";"196";"Acidente s";"11";"BR-448/RS";"Sul";"Colisão - Lateral";2;0;0;0;0;0;0;0;0;0;2;0;0;0;0
"22/05/2023";"04:28:00";"200";"Acidente s";"335";"BR-386/RS";"Norte";"Saída de pista";1;0;0;0;0;0;0;0;0;0;2;0;0;0;0
"22/05/2023";"05:58:00";"216";"Acidente s";"435";"BR-386/RS";"Sul";"Colisão - Lateral";1;0;1;0;0;0;0;0;0;0;4;0;0;0;0
"22/05/2023";"06:09:00";"217";"Acidente s";"81";"BR-290/RS";"Leste";"Saída de pista";1;0;0;0;0;0;0;0;0;0;0;0;1;0;0
"22/05/2023";"06:17:00";"219";"Acidente c";"86";"BR-290/RS";"Leste";"Queda de moto";0;0;0;1;0;0;0;0;0;0;2;0;0;0;0
"22/05/2023";"08:56:00";"242";"Acidente s";"304";"BR-386/RS";"Norte";"Tombamento";0;0;1;0;0;0;0;0;0;0;4;0;0;0;0
"23/05/2023";"07:41:00";"61";"Acidente c";"90";"BR-290/RS";"Oeste";"Colisão - Lateral";2;0;0;0;0;0;0;0;0;0;1;0;0;0;0
"23/05/2023";"08:34:00";"96";"Acidente c";"19";"BR-101/RS";"Norte";"Saída de pista";1;0;0;0;0;0;0;0;0;0;2;0;0;0;0
"23/05/2023";"11:10:00";"142";"Acidente s";"28";"BR-290/RS";"Oeste";"Choque Defensa";1;0;0;0;0;0;0;0;0;0;1;0;0;0;0
"23/05/2023";"02:33:00";"188";"Acidente s";"417";"BR-386/RS";"Norte";"Choque - Meio Fio";1;0;0;0;0;0;0;0;0;0;0;1;3;0;0
"23/05/2023";"05:38:00";"215";"Acidente s";"344";"BR-386/RS";"Sul";"Colisão - Transversal";1;0;0;0;0;0;0;0;0;1;2;0;0;0;0
"23/05/2023";"05:54:00";"221";"Acidente c";"346";"BR-386/RS";"Norte";"Engavetamento";3;0;0;0;0;0;0;0;0;0;3;0;0;0;0
"24/05/2023";"07:05:00";"31";"Acidente s";"72";"BR-101/RS";"Sul";"Colisão - Lateral";1;0;0;0;1;0;0;0;0;0;5;0;0;0;0
"24/05/2023";"09:37:00";"119";"Acidente s";"25";"BR-290/RS";"Leste";"Colisão - Frontal";0;0;2;0;0;0;0;0;0;0;3;0;0;0;0
"24/05/2023";"11:36:00";"151";"Acidente s";"80";"BR-290/RS";"Ambos";"Saída de pista";1;0;0;0;0;0;0;0;0;0;2;0;0;0;0
"24/05/2023";"07:54:00";"263";"Acidente s";"218";"BR-386/RS";"Sul";"Atropelamento de Animal";1;0;0;0;0;0;0;0;0;0;3;0;0;0;0
"25/05/2023";"07:34:00";"45";"Acidente s";"94";"BR-290/RS";"Leste";"Engavetamento";4;0;0;0;0;0;0;0;0;0;1;0;0;0;0
"25/05/2023";"08:04:00";"72";"Acidente s";"439";"BR-386/RS";"Norte";"Colisão - Traseira";2;0;0;0;0;0;0;0;0;0;1;0;0;0;0
"25/05/2023";"08:17:00";"81";"Acidente s";"368";"BR-386/RS";"Norte";"Saída de pista";1;0;0;0;0;0;0;0;0;0;1;0;0;0;0
"25/05/2023";"03:45:00";"220";"Acidente c";"417";"BR-386/RS";"Norte";"Colisão - Traseira";0;0;0;1;0;0;0;1;0;0;1;0;0;0;0
"25/05/2023";"04:57:00";"237";"Acidente s";"91";"BR-290/RS";"Leste";"Colisão - Traseira";2;0;0;0;0;1;0;0;0;0;1;0;0;0;0