data;horario;n_da_ocorrencia;tipo_de_ocorrencia;km;trecho;sentido;tipo_de_acidente;automovel;bicicleta;caminhao;moto;onibus;outros;tracao_animal;transporte_de_cargas_especiais;trator_maquinas;utilitarios;ilesos;levemente_feridos;moderadamente_feridos;gravemente_feridos;mortos
"12/06/2023";"03:14:00";"239";"Acidente s";"92";"BR-290/RS";"Leste";"Colisão - Lateral";1;0;0;1;0;0;0;0;0;0;1;0;0;0;0
"12/06/2023";"03:35:00";"242";"Acidente s";"32";"BR-101/RS";"Sul";"Saída de pista";1;0;0;0;0;0;0;0;0;0;4;0;0;0;0
"12/06/2023";"06:30:00";"275";"Acidente c";"392";"BR-386/RS";"Norte";"Colisão - Transversal";2;0;0;0;0;0;0;0;0;0;1;0;0;0;0
"12/06/2023";"07:03:00";"285";"Acidente s";"433";"BR-386/RS";"Norte";"Colisão - Lateral";1;0;0;0;0;0;0;1;0;0;1;0;0;0;0
"13/06/2023";"07:06:00";"46";"Acidente s";"12";"BR-448/RS";"Norte";"Colisão - Traseira";1;0;0;0;0;0;0;1;0;0;0;1;0;0;0
"13/06/2023";"07:11:00";"48";"Acidente c";"446";"BR-386/RS";"Norte";"Queda de moto";0;0;0;1;0;0;0;0;0;0;1;0;0;0;0
"13/06/2023";"12:35:00";"156";"Acidente c";"383";"BR-386/RS";"Sul";"Colisão - Lateral";1;0;0;1;0;0;0;0;0;0;1;1;1;0;0
"13/06/2023";"12:46:00";"158";"Acidente c";"367";"BR-386/RS";"Norte";"Colisão - Lateral";2;0;0;0;0;0;0;0;0;0;2;0;0;0;0
"13/06/2023";"03:08:00";"190";"Acidente c";"278";"BR-386/RS";"Sul";"Colisão - Lateral";0;0;0;0;0;0;0;1;0;1;4;0;0;0;0
"13/06/2023";"06:20:00";"226";"Acidente s";"91";"BR-290/RS";"Leste";"Colisão - Lateral";1;0;1;0;0;0;0;0;0;0;2;0;0;0;0
"13/06/2023";"06:27:00";"227";"Acidente s";"307";"BR-386/RS";"Norte";"Colisão - Frontal";1;0;0;0;0;0;0;1;0;0;1;0;0;0;0
"13/06/2023";"07:05:00";"232";"Acidente c";"81";"BR-290/RS";"Leste";"Colisão - Traseira";2;0;0;0;0;1;0;0;0;0;1;0;0;0;0
"13/06/2023";"07:45:00";"243";"Acidente s";"21";"BR-448/RS";"Norte";"Engavetamento";2;0;0;0;0;0;0;0;0;1;1;2;0;0;0
"13/06/2023";"11:02:00";"277";"Acidente c";"279";"BR-386/RS";"Norte";"Tombamento";0;0;0;0;0;0;0;1;0;0;0;1;0;0;0
"14/06/2023";"06:52:00";"31";"Acidente s";"71";"BR-101/RS";"Sul";"Saída de pista";1;0;0;0;0;0;0;0;0;0;1;0;2;0;0
"14/06/2023";"07:51:00";"57";"Acidente c";"350";"BR-386/RS";"Norte";"Colisão - Traseira";1;0;0;1;0;0;0;0;0;0;2;0;0;0;0
"14/06/2023";"08:02:00";"60";"Acidente s";"383";"BR-386/RS";"Sul";"Choque Defensa";1;0;0;0;0;0;0;0;0;0;1;2;0;0;0
"14/06/2023";"02:17:00";"146";"Acidente s";"437";"BR-386/RS";"Norte";"Colisão - Lateral";0;0;0;0;0;1;0;0;0;1;1;0;0;0;0
"14/06/2023";"03:00:00";"155";"Acidente c";"435";"BR-386/RS";"Norte";"Colisão - Traseira";2;0;0;0;0;0;0;0;0;0;1;0;0;0;0
"14/06/2023";"03:44:00";"163";"Acidente s";"390";"BR-386/RS";"Norte";"Saída de pista";1;0;0;0;0;0;0;0;0;0;0;1;0;0;0
"14/06/2023";"06:15:00";"191";"Acidente s";"81";"BR-290/RS";"Leste";"Colisão - Traseira";2;0;0;0;0;0;0;0;0;0;2;0;0;0;0
"14/06/2023";"07:10:00";"204";"Acidente s";"95";"BR-290/RS";"Ambos";"Colisão - Lateral";1;0;0;1;0;0;0;0;0;0;3;0;0;0;0
"14/06/2023";"07:48:00";"207";"Acidente s";"91";"BR-290/RS";"Oeste";"Choque Defensa";0;0;0;0;0;0;0;0;0;0;0;0;1;0;0
"14/06/2023";"09:04:00";"220";"Acidente s";"430";"BR-386/RS";"Sul";"Colisão - Traseira";1;0;0;0;0;0;0;1;0;0;1;0;1;0;0
"14/06/2023";"11:37:00";"237";"Acidente c";"24";"BR-290/RS";"Oeste";"Tombamento";0;0;0;0;0;1;0;0;0;0;2;0;0;0;0
"15/06/2023";"04:54:00";"15";"Acidente s";"78";"BR-290/RS";"Leste";"Choque Barreira";1;0;0;0;0;0;0;0;0;0;0;0;0;0;1
"15/06/2023";"05:36:00";"22";"Acidente c";"433";"BR-386/RS";"Norte";"Saída de pista";0;0;0;0;0;0;0;0;0;1;2;0;0;0;0
"15/06/2023";"09:47:00";"74";"Acidente s";"398";"BR-386/RS";"Sul";"Choque Defensa";1;0;0;0;0;0;0;0;0;0;23;0;0;0;0
"15/06/2023";"10:19:00";"82";"Acidente s";"410";"BR-386/RS";"Norte";"Saída de pista";1;0;0;0;0;0;0;0;0;0;3;0;0;0;0
"15/06/2023";"11:02:00";"87";"Acidente c";"410";"BR-386/RS";"Sul";"Colisão - Frontal";2;0;0;0;0;0;0;0;0;0;2;0;1;0;0
"15/06/2023";"12:29:00";"95";"Acidente s";"356";"BR-386/RS";"Sul";"Saída de pista";1;0;0;0;0;0;0;0;0;0;7;1;0;0;0
"15/06/2023";"12:31:00";"96";"Acidente c";"410";"BR-386/RS";"Norte";"Colisão - Frontal";2;0;0;0;0;0;0;0;0;0;1;0;0;0;0
"15/06/2023";"12:43:00";"97";"Acidente c";"346";"BR-386/RS";"Sul";"Colisão - Lateral";0;0;0;0;0;1;0;0;0;0;0;1;0;0;0
"15/06/2023";"12:50:00";"99";"Acidente s";"416";"BR-386/RS";"Sul";"Saída de pista";1;0;0;0;0;0;0;0;0;0;5;0;0;0;0
"15/06/2023";"03:00:00";"111";"Acidente c";"77";"BR-290/RS";"Leste";"Choque Barreira";1;0;0;0;0;0;0;0;0;0;1;0;0;0;0
"15/06/2023";"04:10:00";"120";"Acidente c";"438";"BR-386/RS";"Norte";"Colisão - Lateral";1;0;0;0;0;0;0;0;0;1;2;0;0;0;0
"15/06/2023";"05:26:00";"136";"Acidente s";"10";"BR-290/RS";"Oeste";"Choque Defensa";1;0;0;0;0;0;0;0;0;0;5;0;0;0;0
"15/06/2023";"05:52:00";"145";"Acidente s";"434";"BR-386/RS";"Sul";"Colisão - Traseira";1;0;0;0;0;0;0;0;0;1;3;0;0;0;0
"15/06/2023";"06:04:00";"147";"Acidente s";"388";"BR-386/RS";"Norte";"Colisão - Traseira";1;0;0;0;0;0;0;0;0;1;1;0;0;0;0
"15/06/2023";"06:09:00";"148";"Acidente c";"345";"BR-386/RS";"Norte";"Colisão - Traseira";0;0;0;1;0;1;0;0;0;0;2;0;0;0;0
"15/06/2023";"06:11:00";"149";"Acidente s";"30";"BR-101/RS";"Sul";"Saída de pista";1;0;0;0;0;0;0;0;0;0;1;0;0;0;0
"15/06/2023";"06:28:00";"153";"Acidente s";"6";"BR-290/RS";"Oeste";"Saída de pista";1;0;0;0;0;0;0;0;0;0;0;2;0;0;0
"15/06/2023";"07:22:00";"167";"Acidente c";"28";"BR-101/RS";"Norte";"Colisão - Traseira";2;0;0;0;0;0;0;1;0;0;1;0;0;0;0
"15/06/2023";"07:36:00";"171";"Acidente s";"29";"BR-101/RS";"Sul";"Choque Defensa";1;0;0;0;0;0;0;0;0;0;1;1;0;0;0
"15/06/2023";"07:54:00";"174";"Acidente s";"268";"BR-386/RS";"Norte";"Saída de pista";1;0;0;0;0;0;0;0;0;0;3;1;0;0;0
"15/06/2023";"08:08:00";"181";"Acidente s";"351";"BR-386/RS";"Sul";"Saída de pista";1;0;0;0;0;0;0;0;0;0;1;0;0;0;0
"15/06/2023";"08:15:00";"184";"Acidente s";"11";"BR-290/RS";"Oeste";"Capotamento";1;0;0;0;0;0;0;0;0;0;1;0;0;0;0
"15/06/2023";"09:14:00";"194";"Acidente s";"86";"BR-290/RS";"Oeste";"Saída de pista";1;0;0;0;0;0;0;0;0;0;3;0;0;0;0
"15/06/2023";"09:45:00";"201";"Acidente s";"76";"BR-101/RS";"Norte";"Saída de pista";2;0;0;0;0;0;0;0;0;1;2;0;1;1;0
"15/06/2023";"09:47:00";"202";"Acidente s";"411";"BR-386/RS";"Norte";"Saída de pista";1;0;0;0;0;0;0;0;0;0;2;0;0;0;0
"15/06/2023";"10:14:00";"212";"Acidente s";"351";"BR-386/RS";"Norte";"Choque Barreira";1;0;0;0;0;0;0;0;0;0;2;0;0;0;0
"15/06/2023";"10:47:00";"218";"Acidente c";"11";"BR-290/RS";"Oeste";"Saída de pista";1;0;0;0;0;0;0;0;0;0;2;0;0;0;0
"15/06/2023";"11:01:00";"223";"Acidente s";"360";"BR-386/RS";"Sul";"Saída de pista";1;0;0;0;0;0;0;0;0;0;1;0;0;0;0
"15/06/2023";"11:25:00";"234";"Acidente s";"28";"BR-101/RS";"Sul";"Colisão - Traseira";2;0;0;0;0;0;0;0;0;0;4;0;0;0;0
"15/06/2023";"11:29:00";"236";"Acidente s";"28";"BR-101/RS";"Sul";"Saída de pista";1;0;0;0;0;0;0;0;0;0;2;0;0;0;0
"15/06/2023";"11:49:00";"241";"Acidente c";"339";"BR-386/RS";"Norte";"Queda de moto";0;0;0;1;0;0;0;0;0;0;1;0;0;0;0
"16/06/2023";"01:55:00";"22";"Acidente s";"420";"BR-386/RS";"Sul";"Saída de pista";1;0;0;0;0;0;0;0;0;0;4;0;0;0;0
"16/06/2023";"08:41:00";"93";"Acidente s";"96";"BR-290/RS";"Leste";"Choque Defensa";0;0;0;0;0;0;0;0;0;0;0;0;2;0;0
"16/06/2023";"11:41:00";"128";"Acidente s";"412";"BR-386/RS";"Sul";"Saída de pista";1;0;0;0;0;0;0;0;0;0;4;0;0;0;0
"16/06/2023";"08:41:00";"236";"Acidente s";"436";"BR-386/RS";"Norte";"Choque - Meio Fio";1;0;0;0;0;0;0;0;0;0;1;0;2;0;0
"16/06/2023";"10:53:00";"256";"Acidente c";"92";"BR-290/RS";"Oeste";"Choque Defensa";1;0;0;0;0;0;0;0;0;0;3;0;0;0;0
"17/06/2023";"06:04:00";"30";"Acidente c";"347";"BR-386/RS";"Norte";"Choque Barreira";1;0;0;0;0;0;0;0;0;0;0;0;2;0;0
"17/06/2023";"01:55:00";"137";"Acidente c";"77";"BR-101/RS";"Norte";"Saída de pista";1;0;0;0;0;0;0;0;0;0;3;0;0;0;0
"17/06/2023";"02:06:00";"140";"Acidente s";"40";"BR-101/RS";"Norte";"Colisão - Lateral";1;0;1;0;0;0;0;0;0;0;4;0;0;0;0
"17/06/2023";"02:23:00";"144";"Acidente s";"396";"BR-386/RS";"Norte";"Capotamento";1;0;0;0;0;0;0;0;0;0;1;0;0;0;0
"17/06/2023";"04:17:00";"163";"Acidente s";"19";"BR-290/RS";"Leste";"Engavetamento";3;0;0;0;0;0;0;0;0;0;2;0;0;0;0
"17/06/2023";"08:11:00";"204";"Acidente s";"339";"BR-386/RS";"Sul";"Queda de ribanceira";0;0;0;0;0;1;0;0;0;0;5;0;0;0;0
"17/06/2023";"09:42:00";"215";"Acidente s";"74";"BR-290/RS";"Leste";"Atropelamento de Animal";1;0;0;0;0;0;0;0;0;0;3;0;1;0;0
"18/06/2023";"01:33:00";"13";"Acidente s";"44";"BR-290/RS";"Leste";"Atropelamento de Animal";1;0;0;0;0;0;0;0;0;0;2;0;0;0;0
"18/06/2023";"07:18:00";"37";"Acidente s";"416";"BR-386/RS";"Sul";"Saída de pista";1;0;0;0;0;0;0;0;0;0;3;0;0;0;0
"18/06/2023";"09:49:00";"60";"Acidente s";"5";"BR-290/RS";"Leste";"Saída de pista";1;0;0;0;0;0;0;0;0;0;3;0;0;0;0
"18/06/2023";"07:06:00";"159";"Acidente s";"19";"BR-101/RS";"Sul";"Capotamento";2;0;0;0;0;0;0;0;0;0;1;0;0;0;0
"18/06/2023";"09:49:00";"197";"Acidente c";"236";"BR-386/RS";"Sul";"Queda de ribanceira";1;0;0;0;0;0;0;0;0;0;2;0;0;0;0
"18/06/2023";"11:07:00";"212";"Acidente c";"72";"BR-101/RS";"Sul";"Queda de ribanceira";1;0;0;0;0;0;0;0;0;0;1;0;0;0;0
"19/06/2023";"02:00:00";"11";"Acidente s";"341";"BR-386/RS";"Norte";"Queda de ribanceira";1;0;0;0;0;0;0;0;0;0;3;0;0;0;0
"19/06/2023";"06:35:00";"32";"Acidente s";"75";"BR-290/RS";"Oeste";"Colisão - Lateral";1;0;1;0;0;0;0;0;0;0;3;0;0;0;0
"19/06/2023";"06:56:00";"43";"Atropelame";"350";"BR-386/RS";"Sul";"Atropelamento - Usuário";1;0;0;0;0;0;0;0;0;0;4;0;0;0;0
"19/06/2023";"08:33:00";"107";"Acidente s";"75";"BR-290/RS";"Leste";"Colisão - Traseira";2;0;0;0;0;0;0;0;0;0;2;0;0;0;0
"19/06/2023";"02:06:00";"193";"Acidente c";"369";"BR-386/RS";"Sul";"Choque Barreira";0;0;0;1;0;0;0;0;0;0;2;0;0;0;0
"19/06/2023";"02:54:00";"208";"Acidente c";"86";"BR-290/RS";"Leste";"Choque Defensa";1;0;0;0;0;0;0;0;0;0;5;0;0;0;0
"19/06/2023";"06:07:00";"246";"Acidente s";"92";"BR-290/RS";"Leste";"Colisão - Traseira";5;0;0;0;0;0;0;0;0;0;1;1;0;0;0
"19/06/2023";"06:32:00";"251";"Atropelame";"98";"BR-290/RS";"Oeste";"Atropelamento - Morador/Trabalhador/Estudante";1;0;0;1;0;0;0;0;0;0;0;0;0;1;1
"19/06/2023";"06:49:00";"256";"Acidente c";"343";"BR-386/RS";"Sul";"Colisão - Transversal";1;0;0;1;0;0;0;0;0;0;5;0;0;0;0
"20/06/2023";"08:04:00";"79";"Acidente c";"30";"BR-290/RS";"Oeste";"Colisão - Traseira";1;0;0;0;1;0;0;0;0;0;4;0;0;0;0
"20/06/2023";"09:08:00";"111";"Acidente c";"92";"BR-290/RS";"Oeste";"Queda de moto";0;0;0;1;0;0;0;0;0;0;1;0;0;0;0
"20/06/2023";"04:44:00";"210";"Acidente c";"18";"BR-101/RS";"Sul";"Queda de moto";0;0;0;1;0;0;0;0;0;0;1;0;0;0;0
"20/06/2023";"09:55:00";"262";"Acidente s";"405";"BR-386/RS";"Sul";"Atropelamento de Animal";2;0;0;0;0;0;0;0;0;0;4;0;0;0;0
"21/06/2023";"06:50:00";"24";"Acidente s";"50";"BR-101/RS";"Sul";"Saída de pista";1;0;0;0;0;0;0;0;0;0;1;0;0;0;0
"21/06/2023";"10:07:00";"119";"Acidente c";"353";"BR-386/RS";"Norte";"Choque - Poste";1;0;0;0;0;0;0;0;0;0;3;1;0;0;0
"21/06/2023";"07:30:00";"221";"Acidente s";"89";"BR-290/RS";"Leste";"Colisão - Lateral";0;0;1;1;0;0;0;0;0;0;2;0;0;0;0
"21/06/2023";"07:53:00";"225";"Acidente c";"411";"BR-386/RS";"Sul";"Colisão - Frontal";2;0;0;0;0;0;0;0;0;0;4;0;0;0;0
"22/06/2023";"12:15:00";"2";"Acidente s";"345";"BR-386/RS";"Sul";"Queda de ribanceira";1;0;0;0;0;0;0;0;0;0;4;0;0;0;0
"22/06/2023";"04:07:00";"19";"Acidente s";"74";"BR-101/RS";"Ambos";"Queda de ribanceira";1;0;0;0;0;0;0;0;0;0;0;0;0;1;0
"22/06/2023";"04:42:00";"203";"Acidente c";"92";"BR-290/RS";"Oeste";"Queda de moto";0;0;0;1;0;0;0;0;0;0;5;0;0;0;0
"22/06/2023";"05:59:00";"213";"Acidente s";"82";"BR-290/RS";"Oeste";"Colisão - Lateral";2;0;0;0;0;0;0;0;0;0;0;0;0;0;1
"22/06/2023";"07:59:00";"229";"Acidente c";"327";"BR-386/RS";"Ambos";"Colisão - Frontal";1;0;1;0;0;0;0;0;0;0;4;0;0;0;0
"22/06/2023";"10:35:00";"256";"Acidente s";"328";"BR-386/RS";"Norte";"Choque Defensa";1;0;0;0;0;0;0;0;0;0;2;0;0;0;0
"23/06/2023";"12:17:00";"2";"Acidente c";"75";"BR-290/RS";"Oeste";"Queda de moto";0;0;0;3;0;0;0;0;0;0;0;1;0;0;0
"23/06/2023";"02:28:00";"14";"Acidente c";"280";"BR-386/RS";"Norte";"Capotamento";1;0;0;0;0;0;0;0;0;0;2;0;0;1;0
"23/06/2023";"05:48:00";"24";"Acidente s";"23";"BR-290/RS";"Oeste";"Colisão - Traseira";2;0;0;0;0;0;0;0;0;0;0;2;1;0;0
"23/06/2023";"07:00:00";"43";"Acidente s";"343";"BR-386/RS";"Sul";"Saída de pista";1;0;0;0;0;0;0;0;0;0;1;2;2;0;0
"23/06/2023";"07:22:00";"48";"Acidente s";"29";"BR-290/RS";"Oeste";"Colisão - Transversal";1;0;1;0;0;0;0;0;0;0;4;0;0;0;0
"23/06/2023";"07:28:00";"50";"Acidente c";"344";"BR-386/RS";"Sul";"Colisão - Transversal";1;0;0;1;0;0;0;0;0;0;2;0;0;0;0
"23/06/2023";"01:43:00";"163";"Acidente c";"372";"BR-386/RS";"Sul";"Queda de moto";0;0;0;1;0;0;0;0;0;0;3;0;1;0;0
"23/06/2023";"02:17:00";"169";"Acidente s";"340";"BR-386/RS";"Norte";"Colisão - Transversal";0;0;0;0;0;0;0;1;0;1;5;0;0;0;0
"23/06/2023";"09:54:00";"265";"Acidente s";"393";"BR-386/RS";"Sul";"Saída de pista";1;0;0;0;0;0;0;0;0;0;0;0;1;0;0
"23/06/2023";"10:56:00";"279";"Acidente s";"77";"BR-101/RS";"Norte";"Saída de pista";0;0;0;0;0;0;0;1;0;0;1;0;0;0;0
"24/06/2023";"04:48:00";"18";"Acidente c";"258";"BR-386/RS";"Sul";"Saída de pista";1;0;0;0;0;0;0;0;0;0;1;0;0;0;0
"24/06/2023";"10:43:00";"112";"Acidente s";"272";"BR-386/RS";"Norte";"Saída de pista";0;0;0;0;0;0;0;1;0;0;1;0;0;0;0
"24/06/2023";"12:06:00";"124";"Acidente s";"32";"BR-101/RS";"Sul";"Colisão - Traseira";3;0;0;0;0;0;0;0;0;0;3;0;0;0;0
"24/06/2023";"01:18:00";"144";"Acidente c";"84";"BR-290/RS";"Leste";"Colisão - Traseira";1;0;0;1;0;0;0;0;0;0;1;1;0;0;0
"24/06/2023";"02:56:00";"156";"Acidente c";"240";"BR-386/RS";"Sul";"Saída de pista";1;0;0;0;0;0;0;0;0;0;1;3;0;0;0
"24/06/2023";"04:01:00";"172";"Acidente s";"52";"BR-290/RS";"Leste";"Saída de pista";0;0;0;0;0;0;0;1;0;0;4;0;0;0;0
"24/06/2023";"08:01:00";"210";"Acidente s";"62";"BR-290/RS";"Leste";"Atropelamento de Animal";1;0;0;0;0;0;0;0;0;0;2;0;0;0;0
"25/06/2023";"03:41:00";"15";"Acidente s";"73";"BR-290/RS";"Oeste";"Saída de pista";1;0;0;0;0;0;0;0;0;0;3;0;0;0;0
"25/06/2023";"06:26:00";"134";"Acidente s";"35";"BR-101/RS";"Sul";"Colisão - Traseira";2;0;0;0;0;0;0;0;0;0;1;3;0;0;0
"26/06/2023";"08:45:00";"112";"Acidente c";"337";"BR-386/RS";"Norte";"Colisão - Transversal";1;0;0;0;0;0;0;1;0;0;1;1;0;0;0
"26/06/2023";"08:25:00";"276";"Acidente s";"244";"BR-386/RS";"Norte";"Queda de ribanceira";1;0;0;0;0;0;0;0;0;0;1;0;0;0;0
"27/06/2023";"04:57:00";"30";"Acidente s";"387";"BR-386/RS";"Norte";"Colisão - Lateral";2;0;0;0;0;0;0;0;0;0;1;0;0;0;0
"27/06/2023";"07:00:00";"46";"Acidente c";"83";"BR-290/RS";"Oeste";"Colisão - Traseira";2;0;1;0;0;0;0;0;0;0;2;0;0;0;0
"27/06/2023";"07:04:00";"49";"Acidente c";"9";"BR-448/RS";"Sul";"Colisão - Traseira";1;0;0;0;0;0;0;0;0;1;4;0;0;0;0
"27/06/2023";"10:22:00";"163";"Acidente s";"50";"BR-101/RS";"Sul";"Saída de pista";1;0;0;0;0;0;0;0;0;0;1;0;0;0;0
"27/06/2023";"11:45:00";"181";"Acidente s";"21";"BR-101/RS";"Sul";"Choque Barreira";1;0;0;0;0;0;0;0;0;0;1;1;0;0;0
"27/06/2023";"03:11:00";"220";"Acidente s";"81";"BR-290/RS";"Oeste";"Choque Barreira";1;0;0;0;0;0;0;0;0;0;2;1;0;0;0
"27/06/2023";"03:50:00";"233";"Acidente s";"247";"BR-386/RS";"Norte";"Saída de pista";1;0;0;0;0;0;0;0;0;0;1;0;0;0;0
"27/06/2023";"09:06:00";"290";"Acidente s";"307";"BR-386/RS";"Sul";"Queda de ribanceira";0;0;1;0;0;0;0;0;0;0;1;0;0;0;0
"28/06/2023";"10:31:00";"127";"Atropelame";"95";"BR-290/RS";"Oeste";"Atropelamento - Usuário";0;0;0;0;0;0;0;1;0;0;1;0;0;0;0
"28/06/2023";"12:17:00";"143";"Acidente s";"435";"BR-386/RS";"Sul";"Colisão - Transversal";2;0;0;0;0;0;0;0;0;0;5;0;0;0;0
"29/06/2023";"12:58:00";"4";"Acidente s";"68";"BR-290/RS";"Oeste";"Colisão - Traseira";0;0;2;0;0;0;0;0;0;0;1;2;0;0;0
"29/06/2023";"05:47:00";"16";"Acidente s";"218";"BR-386/RS";"Norte";"Colisão - Traseira";0;0;1;0;0;0;0;0;0;1;2;0;0;0;0
"29/06/2023";"06:43:00";"19";"Acidente c";"339";"BR-386/RS";"Sul";"Colisão - Traseira";0;0;1;1;0;0;0;0;0;0;2;0;0;0;0
"29/06/2023";"09:16:00";"104";"Acidente s";"96";"BR-290/RS";"Oeste";"Colisão - Traseira";3;0;0;0;0;0;0;0;0;0;1;0;1;0;0
"29/06/2023";"09:52:00";"119";"Acidente c";"179";"BR-386/RS";"Norte";"Colisão - Lateral";1;0;1;0;0;0;0;0;0;0;1;0;0;0;0
"29/06/2023";"10:24:00";"129";"Acidente s";"373";"BR-386/RS";"Norte";"Colisão - Traseira";1;0;1;0;0;0;0;0;0;0;5;0;0;0;0
"29/06/2023";"03:00:00";"189";"Acidente s";"245";"BR-386/RS";"Norte";"Colisão - Lateral";1;0;0;0;0;0;0;0;0;1;1;0;0;0;0
"29/06/2023";"05:17:00";"212";"Acidente c";"85";"BR-290/RS";"Oeste";"Queda de moto";1;0;0;1;0;0;0;0;0;0;4;0;0;0;0
"29/06/2023";"06:03:00";"217";"Acidente s";"21";"BR-448/RS";"Norte";"Colisão - Traseira";1;0;1;0;0;0;0;0;0;0;3;0;0;1;0
"29/06/2023";"07:23:00";"235";"Acidente c";"87";"BR-290/RS";"Leste";"Colisão - Lateral";2;0;0;0;0;0;0;0;0;0;2;0;0;0;0
"29/06/2023";"09:25:00";"247";"Acidente s";"257";"BR-386/RS";"Sul";"Saída de pista";1;0;0;0;0;0;0;0;0;0;3;0;0;0;0
"29/06/2023";"10:30:00";"254";"Acidente s";"75";"BR-290/RS";"Oeste";"Atropelamento de Animal";1;0;0;0;0;0;0;0;0;0;1;0;0;1;0
"29/06/2023";"11:45:00";"260";"Acidente c";"10";"BR-448/RS";"Norte";"Choque - Poste";1;0;0;0;0;0;0;0;0;0;0;2;0;0;0
"30/06/2023";"12:03:00";"1";"Acidente s";"424";"BR-386/RS";"Sul";"Atropelamento de Animal";1;0;0;0;0;0;0;0;0;0;2;0;0;0;0
"30/06/2023";"03:43:00";"14";"Acidente c";"289";"BR-386/RS";"Norte";"Colisão - Frontal";2;0;0;0;0;0;0;0;0;0;0;0;1;0;0
"30/06/2023";"03:48:00";"15";"Acidente s";"431.35";"BR-386/RS";"Norte";"Saída de pista";1;0;0;0;0;0;0;0;0;0;0;1;0;0;0
"30/06/2023";"06:51:00";"33";"Acidente s";"10";"BR-290/RS";"Oeste";"Choque Defensa";0;0;1;0;0;0;0;0;0;0;1;0;0;0;0
"30/06/2023";"09:58:00";"140";"Acidente s";"411";"BR-386/RS";"Sul";"Colisão - Traseira";2;0;0;0;0;0;0;0;0;0;2;0;0;0;0
"30/06/2023";"11:08:00";"154";"Acidente s";"329";"BR-386/RS";"Norte";"Engavetamento";2;0;0;0;0;0;0;1;0;0;2;0;0;0;0
"30/06/2023";"12:02:00";"170";"Acidente c";"75";"BR-101/RS";"Sul";"Choque Defensa";1;0;0;0;0;0;0;0;0;0;2;0;0;0;0
"30/06/2023";"12:38:00";"175";"Acidente s";"60";"BR-290/RS";"Leste";"Engavetamento";3;0;0;0;0;0;0;0;0;0;5;1;0;0;0
"30/06/2023";"02:54:00";"205";"Acidente s";"92";"BR-290/RS";"Leste";"Colisão - Lateral";1;0;0;1;0;0;0;0;0;0;1;0;1;0;0
"30/06/2023";"05:04:00";"223";"Acidente c";"75";"BR-290/RS";"Leste";"Colisão - Traseira";1;0;0;1;0;0;0;0;0;0;8;0;0;0;0
"01/07/2023";"03:34:00";"31";"Acidente c";"435";"BR-386/RS";"Norte";"Capotamento";1;0;0;0;0;0;0;0;0;0;1;1;0;0;0
"01/07/2023";"05:31:00";"37";"Acidente c";"392";"BR-386/RS";"Sul";"Choque - Arvore";0;0;0;0;0;0;0;0;0;1;7;0;0;0;0
"01/07/2023";"06:26:00";"42";"Acidente s";"19";"BR-290/RS";"Leste";"Saída de pista";0;0;0;0;0;0;0;1;0;0;0;1;0;0;0
"01/07/2023";"07:56:00";"68";"Acidente c";"327";"BR-386/RS";"Norte";"Colisão - Frontal";1;0;0;1;0;0;0;0;0;0;2;0;0;0;0
"01/07/2023";"08:24:00";"77";"Acidente s";"19";"BR-290/RS";"Leste";"Colisão - Traseira";2;0;0;0;0;0;0;0;0;0;0;1;0;0;0
"01/07/2023";"02:28:00";"133";"Acidente s";"2";"BR-101/RS";"Norte";"Colisão - Traseira";2;0;0;0;0;0;0;0;0;0;3;1;0;0;0
"01/07/2023";"03:17:00";"143";"Acidente s";"69";"BR-101/RS";"Norte";"Colisão - Traseira";2;0;0;0;0;0;0;0;0;0;1;0;0;0;0
"01/07/2023";"03:29:00";"149";"Acidente s";"83";"BR-290/RS";"Leste";"Colisão - Lateral";1;0;0;0;0;0;0;1;0;0;3;2;0;0;0
"01/07/2023";"07:29:00";"184";"Acidente c";"415.3";"BR-386/RS";"Norte";"Colisão - Frontal";3;0;0;0;0;0;0;0;0;0;4;0;0;0;0
"01/07/2023";"07:55:00";"188";"Acidente c";"415.36";"BR-386/RS";"Norte";"Colisão - Lateral";3;0;0;0;0;0;0;0;0;0;2;2;0;0;0
"01/07/2023";"10:28:00";"203";"Acidente c";"89";"BR-290/RS";"Oeste";"Colisão - Lateral";3;0;0;0;0;0;0;0;0;0;5;0;0;0;0
"02/07/2023";"03:56:00";"20";"Acidente s";"58";"BR-290/RS";"Oeste";"Saída de pista";0;0;0;0;0;1;0;0;0;0;3;0;0;0;0
"02/07/2023";"06:04:00";"25";"Acidente s";"269";"BR-386/RS";"Sul";"Colisão - Lateral";1;0;0;0;0;0;0;0;0;1;3;0;0;0;0
"02/07/2023";"06:15:00";"27";"Acidente c";"261";"BR-386/RS";"Sul";"Capotamento";1;0;0;0;0;0;0;0;0;0;1;0;0;0;0
"02/07/2023";"09:07:00";"48";"Acidente s";"306";"BR-386/RS";"Norte";"Saída de pista";1;0;0;0;0;0;0;0;0;0;3;0;0;0;0
"02/07/2023";"09:20:00";"49";"Acidente c";"343";"BR-386/RS";"Norte";"Colisão - Frontal";3;0;0;0;0;0;0;0;0;0;1;1;0;0;0
"02/07/2023";"11:08:00";"62";"Acidente c";"370";"BR-386/RS";"Sul";"Colisão - Traseira";1;0;0;0;0;0;0;1;0;0;3;0;0;0;0
"02/07/2023";"10:32:00";"153";"Acidente s";"59";"BR-290/RS";"Oeste";"Queda de ribanceira";1;0;0;0;0;0;0;0;0;0;7;0;0;0;0