data;horario;n_da_ocorrencia;tipo_de_ocorrencia;km;trecho;sentido;tipo_de_acidente;automovel;bicicleta;caminhao;moto;onibus;outros;tracao_animal;transporte_de_cargas_especiais;trator_maquinas;utilitarios;ilesos;levemente_feridos;moderadamente_feridos;gravemente_feridos;mortos
"03/07/2023";"01:53:00";"13";"Acidente s";"342";"BR-386/RS";"Sul";"Saída de pista";1;0;0;0;0;0;0;0;0;0;11;0;0;0;0
"03/07/2023";"02:16:00";"16";"Acidente s";"197";"BR-386/RS";"Norte";"Saída de pista";0;0;0;0;0;0;0;0;0;1;0;2;0;0;0
"03/07/2023";"02:17:00";"17";"Acidente s";"11";"BR-290/RS";"Oeste";"Queda de ribanceira";1;0;0;0;0;0;0;0;0;0;0;1;0;0;0
"03/07/2023";"08:03:00";"88";"Acidente s";"92";"BR-290/RS";"Leste";"Colisão - Traseira";2;0;0;0;0;0;0;0;0;0;1;0;0;0;0
"03/07/2023";"09:38:00";"135";"Acidente c";"303";"BR-386/RS";"Norte";"Colisão - Traseira";1;0;0;0;0;0;0;1;0;0;1;0;0;0;0
"03/07/2023";"05:57:00";"245";"Acidente s";"348";"BR-386/RS";"Norte";"Colisão - Traseira";1;0;0;0;0;0;0;1;0;0;5;0;0;0;0
"03/07/2023";"06:48:00";"252";"Acidente c";"92";"BR-290/RS";"Oeste";"Colisão - Traseira";1;0;0;1;0;0;0;0;0;0;2;0;0;0;0
"03/07/2023";"07:51:00";"267";"Acidente c";"4";"BR-448/RS";"Sul";"Capotamento";1;0;0;0;0;0;0;0;0;0;2;0;0;0;0
"03/07/2023";"10:09:00";"279";"Acidente c";"75";"BR-101/RS";"Norte";"Saída de pista";1;0;0;0;0;0;0;0;0;0;1;1;0;0;0
"04/07/2023";"01:40:00";"5";"Acidente s";"271";"BR-386/RS";"Norte";"Saída de pista";0;0;0;0;0;0;0;0;0;1;1;0;0;0;0
"04/07/2023";"07:07:00";"44";"Acidente c";"349";"BR-386/RS";"Sul";"Colisão - Transversal";1;0;0;1;0;0;0;0;0;0;4;0;0;0;0
"04/07/2023";"12:17:00";"162";"Acidente c";"92";"BR-290/RS";"Oeste";"Colisão - Lateral";2;0;0;0;0;0;0;0;0;0;4;0;0;0;0
"05/07/2023";"05:34:00";"17";"Acidente s";"269";"BR-386/RS";"Sul";"Colisão - Transversal";1;0;1;0;0;0;0;0;0;0;2;1;0;0;0
"05/07/2023";"09:09:00";"124";"Acidente s";"2";"BR-448/RS";"Sul";"Colisão - Lateral";2;0;0;0;0;0;0;0;0;0;3;0;0;0;0
"05/07/2023";"09:26:00";"130";"Acidente c";"344";"BR-386/RS";"Sul";"Colisão - Frontal";1;0;1;0;0;0;0;1;0;0;1;0;0;0;0
"05/07/2023";"12:04:00";"170";"Acidente s";"80";"BR-290/RS";"Oeste";"Colisão - Traseira";1;0;0;0;0;0;0;0;0;1;0;0;4;0;0
"05/07/2023";"05:03:00";"225";"Acidente c";"416";"BR-386/RS";"Norte";"Colisão - Traseira";1;0;0;0;0;0;0;0;0;1;2;0;1;0;0
"05/07/2023";"05:14:00";"229";"Acidente s";"273";"BR-386/RS";"Sul";"Capotamento";1;0;0;0;0;0;0;0;0;0;6;0;0;0;0
"05/07/2023";"05:55:00";"237";"Acidente c";"95";"BR-290/RS";"Oeste";"Queda de moto";0;0;0;1;0;0;0;0;0;0;0;1;0;0;0
"05/07/2023";"06:39:00";"247";"Acidente s";"88";"BR-290/RS";"Leste";"Colisão - Lateral";1;0;0;1;0;0;0;0;0;0;3;0;0;0;0
"05/07/2023";"09:05:00";"269";"Acidente c";"3";"BR-448/RS";"Norte";"Colisão - Lateral";1;0;0;0;0;0;0;1;0;0;2;0;0;0;1
"05/07/2023";"09:06:00";"270";"Acidente s";"346";"BR-386/RS";"Sul";"Saída de pista";1;0;0;0;0;0;0;0;0;0;3;0;0;0;0
"05/07/2023";"11:34:00";"283";"Acidente s";"92";"BR-290/RS";"Oeste";"Saída de pista";1;0;0;0;0;0;0;0;0;0;2;0;0;0;0
"06/07/2023";"03:58:00";"209";"Acidente s";"69";"BR-290/RS";"Leste";"Colisão - Traseira";2;0;0;0;0;0;0;0;0;0;2;0;0;0;0
"06/07/2023";"05:04:00";"221";"Acidente s";"69";"BR-290/RS";"Leste";"Colisão - Traseira";2;0;0;0;0;0;0;0;0;0;1;0;0;0;0
"06/07/2023";"05:17:00";"223";"Acidente s";"86";"BR-290/RS";"Leste";"Colisão - Lateral";1;0;0;0;0;1;0;0;0;0;2;0;0;0;0
"06/07/2023";"06:28:00";"236";"Acidente s";"388";"BR-386/RS";"Norte";"Colisão - Lateral";2;0;0;0;0;0;0;0;0;0;11;0;0;0;0
"07/07/2023";"04:37:00";"17";"Acidente c";"226";"BR-386/RS";"Norte";"Saída de pista";0;0;0;0;0;0;0;1;0;0;6;0;0;0;0
"07/07/2023";"05:52:00";"24";"Acidente s";"401";"BR-386/RS";"Norte";"Saída de pista";1;0;0;0;0;0;0;0;0;0;3;0;0;0;0
"07/07/2023";"08:13:00";"74";"Acidente c";"92";"BR-290/RS";"Leste";"Queda de moto";0;0;0;1;0;0;0;0;0;0;3;0;0;0;0
"07/07/2023";"09:09:00";"93";"Acidente c";"19";"BR-448/RS";"Norte";"Colisão - Traseira";1;0;0;0;0;0;0;1;0;0;2;0;0;0;0
"07/07/2023";"01:07:00";"135";"Acidente s";"22";"BR-448/RS";"Norte";"Colisão - Lateral";1;0;1;0;0;0;0;0;0;0;1;0;0;0;0
"07/07/2023";"02:09:00";"150";"Acidente s";"360";"BR-386/RS";"Norte";"Saída de pista";1;0;0;0;0;0;0;0;0;0;6;0;0;0;0
"07/07/2023";"04:21:00";"169";"Acidente s";"374";"BR-386/RS";"Norte";"Saída de pista";1;0;0;0;0;0;0;0;0;0;3;0;0;0;0
"07/07/2023";"04:59:00";"182";"Acidente s";"394";"BR-386/RS";"Sul";"Saída de pista";1;0;0;0;0;0;0;0;0;0;1;0;0;0;0
"07/07/2023";"05:18:00";"191";"Acidente s";"367";"BR-386/RS";"Norte";"Colisão - Lateral";2;0;0;0;0;0;0;0;0;0;5;0;0;0;0
"07/07/2023";"07:59:00";"233";"Acidente s";"304.2";"BR-386/RS";"Sul";"Colisão - Lateral";0;0;1;0;0;1;0;0;0;0;2;0;0;0;0
"07/07/2023";"08:53:00";"241";"Acidente s";"2";"BR-290/RS";"Leste";"Saída de pista";1;0;0;0;0;0;0;0;0;0;2;0;0;0;0
"07/07/2023";"11:39:00";"266";"Acidente s";"7";"BR-290/RS";"Oeste";"Saída de pista";1;0;0;0;0;0;0;0;0;0;2;0;0;0;0
"08/07/2023";"04:53:00";"25";"Acidente s";"75";"BR-290/RS";"Leste";"Saída de pista";1;0;0;0;0;0;0;0;0;0;2;0;0;0;0
"08/07/2023";"05:27:00";"32";"Acidente s";"89";"BR-290/RS";"Oeste";"Choque Barreira";1;0;0;0;0;0;0;0;0;0;1;0;0;0;0
"08/07/2023";"05:31:00";"34";"Acidente s";"306";"BR-386/RS";"Norte";"Saída de pista";1;0;0;0;0;0;0;0;0;0;2;0;0;0;0
"08/07/2023";"06:27:00";"36";"Acidente s";"393";"BR-386/RS";"Sul";"Saída de pista";1;0;0;0;0;0;0;0;0;0;2;0;0;0;0
"08/07/2023";"06:29:00";"37";"Acidente c";"8";"BR-448/RS";"Sul";"Tombamento";0;0;0;0;0;0;0;0;0;0;2;0;0;0;0
"08/07/2023";"03:30:00";"123";"Acidente s";"39";"BR-101/RS";"Norte";"Tombamento";0;0;1;0;0;0;0;0;0;0;2;0;0;0;0
"08/07/2023";"11:12:00";"160";"Acidente s";"344";"BR-386/RS";"Norte";"Colisão - Traseira";2;0;0;0;0;0;0;0;0;0;2;0;0;0;0
"09/07/2023";"12:57:00";"8";"Acidente s";"404";"BR-386/RS";"Sul";"Saída de pista";1;0;0;0;0;0;0;0;0;0;1;0;0;0;0
"09/07/2023";"01:53:00";"17";"Acidente s";"390";"BR-386/RS";"Norte";"Choque Defensa";1;0;0;0;0;0;0;0;0;0;1;0;0;0;0
"09/07/2023";"02:39:00";"21";"Acidente s";"41";"BR-290/RS";"Oeste";"Saída de pista";0;0;1;0;0;0;0;0;0;0;3;0;0;0;0
"09/07/2023";"04:22:00";"25";"Acidente s";"399";"BR-386/RS";"Norte";"Choque Defensa";1;0;0;0;0;0;0;0;0;0;2;1;0;0;0
"09/07/2023";"05:09:00";"26";"Acidente s";"409";"BR-386/RS";"Sul";"Choque Talude";1;0;0;0;0;0;0;0;0;0;4;0;0;0;0
"09/07/2023";"05:24:00";"29";"Acidente c";"19";"BR-101/RS";"Sul";"Choque Defensa";1;0;0;0;0;0;0;0;0;0;3;0;0;0;0
"09/07/2023";"06:23:00";"34";"Acidente s";"65";"BR-290/RS";"Oeste";"Capotamento";1;0;0;0;0;0;0;0;0;0;0;1;0;0;0
"09/07/2023";"07:02:00";"39";"Acidente c";"356";"BR-386/RS";"Norte";"Colisão - Frontal";1;0;0;0;0;0;0;0;0;0;1;0;0;0;0
"09/07/2023";"11:10:00";"70";"Acidente s";"63";"BR-101/RS";"Norte";"Choque Defensa";1;0;0;0;0;0;0;0;0;0;1;0;0;0;0
"09/07/2023";"04:48:00";"117";"Acidente s";"417";"BR-386/RS";"Norte";"Saída de pista";1;0;0;0;0;0;0;0;0;0;0;0;1;0;0
"09/07/2023";"04:57:00";"119";"Acidente s";"397";"BR-386/RS";"Norte";"Saída de pista";1;0;0;0;0;0;0;0;0;0;1;0;0;0;0
"09/07/2023";"05:32:00";"129";"Acidente s";"292";"BR-386/RS";"Ambos";"Colisão - Lateral";1;0;0;1;0;0;0;0;0;0;3;0;0;0;0
"09/07/2023";"05:37:00";"132";"Acidente s";"97";"BR-290/RS";"Leste";"Choque Defensa";1;0;0;0;0;0;0;0;0;0;5;0;0;0;0
"09/07/2023";"06:01:00";"135";"Acidente c";"94";"BR-290/RS";"Leste";"Queda de moto";0;0;0;1;0;0;0;0;0;0;14;0;0;0;0
"09/07/2023";"07:06:00";"149";"Acidente c";"423";"BR-386/RS";"Norte";"Colisão - Transversal";1;0;0;1;0;0;0;0;0;0;6;0;1;0;0
"10/07/2023";"12:41:00";"7";"Acidente s";"35";"BR-290/RS";"Leste";"Atropelamento de Animal";0;0;1;0;0;0;0;0;0;0;2;0;1;0;0
"10/07/2023";"10:51:00";"147";"Acidente s";"325";"BR-386/RS";"Sul";"Choque - Meio Fio";1;0;0;0;0;0;0;0;0;0;0;1;0;0;0
"10/07/2023";"12:35:00";"167";"Acidente s";"257";"BR-386/RS";"Sul";"Capotamento";1;0;0;0;0;0;0;0;0;0;6;0;0;0;0
"10/07/2023";"12:49:00";"169";"Acidente s";"20";"BR-290/RS";"Oeste";"Colisão - Lateral";1;0;0;0;1;0;0;0;0;0;2;0;0;0;0
"10/07/2023";"02:14:00";"183";"Acidente s";"62";"BR-290/RS";"Leste";"Atropelamento de Animal";1;0;0;0;0;0;0;0;0;0;4;1;0;0;0
"11/07/2023";"06:46:00";"209";"Acidente s";"220";"BR-386/RS";"Sul";"Queda de ribanceira";1;0;0;0;0;0;0;0;0;0;2;2;0;0;0
"11/07/2023";"07:51:00";"216";"Acidente s";"368";"BR-386/RS";"Norte";"Saída de pista";1;0;0;0;0;0;0;0;0;0;5;0;0;0;0
"11/07/2023";"11:17:00";"237";"Acidente s";"434";"BR-386/RS";"Norte";"Atropelamento de Animal";1;0;0;0;0;0;0;0;0;0;0;0;2;0;0
"12/07/2023";"02:15:00";"8";"Acidente s";"92";"BR-290/RS";"Oeste";"Choque Barreira";1;0;0;0;0;0;0;0;0;0;1;0;0;0;0
"12/07/2023";"07:43:00";"49";"Acidente s";"440";"BR-386/RS";"Sul";"Colisão - Traseira";1;0;1;0;0;0;0;0;0;0;2;0;0;0;0
"12/07/2023";"09:07:00";"75";"Acidente s";"426";"BR-386/RS";"Norte";"Colisão - Traseira";1;0;1;0;0;0;0;0;0;0;1;2;1;0;0
"12/07/2023";"10:19:00";"85";"Acidente s";"79";"BR-290/RS";"Oeste";"Choque Defensa";1;0;0;0;0;0;0;0;0;0;1;0;0;0;0
"12/07/2023";"11:39:00";"92";"Acidente c";"64";"BR-290/RS";"Leste";"Saída de pista";1;0;0;0;0;0;0;0;0;0;6;2;0;0;0
"12/07/2023";"01:38:00";"113";"Acidente s";"267";"BR-386/RS";"Sul";"Colisão - Lateral";1;0;1;0;0;0;0;0;0;0;1;0;0;0;0
"12/07/2023";"02:16:00";"117";"Acidente s";"86";"BR-290/RS";"Oeste";"Colisão - Lateral";2;0;0;0;0;0;0;0;0;0;1;0;0;0;0
"12/07/2023";"02:57:00";"124";"Acidente s";"440";"BR-386/RS";"Norte";"Saída de pista";1;0;0;0;0;0;0;0;0;0;1;0;0;0;0
"12/07/2023";"03:16:00";"127";"Acidente s";"361";"BR-386/RS";"Norte";"Saída de pista";1;0;0;0;0;0;0;0;0;0;4;0;0;0;0
"12/07/2023";"03:46:00";"133";"Acidente s";"422";"BR-386/RS";"Norte";"Saída de pista";1;0;0;0;0;0;0;0;0;0;1;0;0;0;0
"12/07/2023";"04:02:00";"135";"Acidente s";"351";"BR-386/RS";"Norte";"Saída de pista";1;0;0;0;0;0;0;0;0;0;1;0;0;0;0
"12/07/2023";"04:04:00";"137";"Acidente s";"37";"BR-290/RS";"Leste";"Saída de pista";1;0;0;0;0;0;0;0;0;0;1;1;0;0;0
"12/07/2023";"04:32:00";"142";"Acidente s";"351";"BR-386/RS";"Sul";"Saída de pista";3;0;0;0;0;0;0;0;0;0;1;0;0;0;0
"12/07/2023";"05:50:00";"152";"Acidente s";"65";"BR-290/RS";"Leste";"Saída de pista";1;0;0;0;0;0;0;0;0;0;2;0;0;0;0
"12/07/2023";"06:34:00";"161";"Acidente s";"353";"BR-386/RS";"Norte";"Saída de pista";1;0;0;0;0;0;0;0;0;0;1;1;0;0;0
"12/07/2023";"07:22:00";"164";"Acidente c";"335";"BR-386/RS";"Norte";"Choque Barreira";1;0;1;0;0;0;0;0;0;0;3;1;0;0;0
"12/07/2023";"07:23:00";"165";"Acidente c";"58";"BR-290/RS";"Oeste";"Saída de pista";1;0;0;0;0;0;0;0;0;0;3;0;0;0;0
"12/07/2023";"07:37:00";"168";"Acidente s";"376";"BR-386/RS";"Sul";"Colisão - Traseira";1;0;1;0;0;0;0;0;0;0;1;1;0;0;0
"12/07/2023";"08:14:00";"174";"Acidente s";"364";"BR-386/RS";"Sul";"Saída de pista";1;0;0;0;0;0;0;0;0;0;2;0;0;0;0
"13/07/2023";"10:41:00";"107";"Acidente s";"426";"BR-386/RS";"Sul";"Colisão - Traseira";1;0;0;0;0;0;0;1;0;0;1;0;0;0;0
"13/07/2023";"10:53:00";"112";"Acidente c";"273";"BR-386/RS";"Norte";"Colisão - Traseira";2;0;0;0;0;0;0;0;0;0;2;0;0;0;0
"13/07/2023";"12:55:00";"128";"Acidente s";"27";"BR-290/RS";"Oeste";"Colisão - Traseira";2;0;0;0;0;0;0;0;0;0;2;0;0;0;0
"13/07/2023";"01:11:00";"129";"Acidente s";"9";"BR-448/RS";"Norte";"Saída de pista";1;0;0;0;0;0;0;0;0;0;3;0;0;0;0
"13/07/2023";"01:31:00";"131";"Acidente c";"1";"BR-101/RS";"Sul";"Colisão - Traseira";0;0;1;0;0;0;0;1;0;0;3;0;0;0;0
"13/07/2023";"03:57:00";"153";"Acidente c";"411";"BR-386/RS";"Sul";"Choque Defensa";0;0;0;0;0;0;0;0;0;1;1;0;0;0;0
"13/07/2023";"04:00:00";"156";"Acidente s";"70";"BR-101/RS";"Sul";"Colisão - Traseira";1;0;1;0;0;0;0;1;0;0;10;0;1;0;1
"13/07/2023";"06:16:00";"170";"Acidente c";"349";"BR-386/RS";"Norte";"Engavetamento";3;0;0;0;0;0;0;0;0;0;1;0;0;0;0
"13/07/2023";"06:40:00";"174";"Acidente s";"290";"BR-386/RS";"Sul";"Colisão - Lateral";1;0;0;0;0;0;0;0;0;1;2;0;0;0;0
"13/07/2023";"08:58:00";"186";"Acidente c";"16";"BR-290/RS";"Leste";"Saída de pista";1;0;0;0;0;0;0;0;0;0;0;1;0;0;0
"13/07/2023";"09:27:00";"191";"Acidente s";"38";"BR-290/RS";"Leste";"Atropelamento de Animal";1;0;0;0;0;0;0;0;0;0;1;0;0;0;0
"13/07/2023";"10:45:00";"205";"Acidente s";"342";"BR-386/RS";"Norte";"Colisão - Lateral";1;0;1;0;0;0;0;0;0;0;2;0;0;0;0
"14/07/2023";"04:31:00";"22";"Acidente s";"346";"BR-386/RS";"Sul";"Saída de pista";1;0;0;0;0;0;0;0;0;0;5;0;0;0;0
"14/07/2023";"06:49:00";"42";"Acidente s";"60";"BR-290/RS";"Oeste";"Colisão - Traseira";1;0;0;0;0;0;0;0;0;0;1;0;0;0;0
"14/07/2023";"06:53:00";"43";"Acidente c";"429";"BR-386/RS";"Norte";"Colisão - Lateral";2;0;0;0;0;0;0;0;0;0;1;0;0;0;0
"14/07/2023";"01:51:00";"181";"Acidente s";"435";"BR-386/RS";"Norte";"Colisão - Transversal";2;0;0;0;0;0;0;0;0;0;8;0;0;0;0
"14/07/2023";"05:29:00";"230";"Acidente s";"342";"BR-386/RS";"Sul";"Colisão - Traseira";1;0;1;0;0;0;0;0;0;0;1;1;0;0;0
"14/07/2023";"06:23:00";"246";"Acidente c";"345";"BR-386/RS";"Norte";"Engavetamento";0;0;0;0;0;1;0;0;0;0;2;2;0;0;0
"14/07/2023";"06:38:00";"252";"Acidente s";"338";"BR-386/RS";"Norte";"Colisão - Frontal";2;0;0;0;0;0;0;0;0;0;1;0;0;0;0
"14/07/2023";"07:31:00";"263";"Acidente c";"93";"BR-290/RS";"Leste";"Capotamento";1;0;0;0;0;0;0;0;0;0;1;0;0;0;0
"15/07/2023";"03:27:00";"25";"Acidente s";"275";"BR-386/RS";"Sul";"Choque Defensa";1;0;0;0;0;0;0;0;0;0;1;0;1;0;0
"15/07/2023";"06:03:00";"34";"Acidente s";"85";"BR-290/RS";"Oeste";"Saída de pista";1;0;0;0;0;0;0;0;0;0;3;0;0;0;0
"15/07/2023";"06:37:00";"36";"Acidente s";"8";"BR-101/RS";"Norte";"Atropelamento de Animal";1;0;0;0;0;0;0;0;0;0;3;0;0;0;0
"15/07/2023";"07:17:00";"47";"Acidente s";"60";"BR-290/RS";"Leste";"Colisão - Traseira";2;0;0;0;0;0;0;0;0;0;1;1;0;0;0
"15/07/2023";"10:32:00";"101";"Acidente s";"49";"BR-101/RS";"Norte";"Saída de pista";1;0;0;0;0;0;0;0;0;0;1;0;0;0;0
"15/07/2023";"06:35:00";"204";"Acidente s";"90";"BR-290/RS";"Oeste";"Queda de moto";0;0;0;1;0;0;0;0;0;0;2;0;0;0;0
"15/07/2023";"07:59:00";"224";"Acidente c";"436";"BR-386/RS";"Sul";"Colisão - Frontal";2;0;0;0;0;0;0;0;0;0;0;1;0;0;0
"15/07/2023";"08:41:00";"230";"Acidente s";"265";"BR-386/RS";"Sul";"Saída de pista";1;0;0;0;0;0;0;0;0;0;1;0;0;0;0
"16/07/2023";"12:28:00";"8";"Acidente s";"86";"BR-290/RS";"Oeste";"Choque Barreira";1;0;0;0;0;0;0;0;0;0;5;0;0;0;0
"16/07/2023";"05:28:00";"31";"Acidente s";"96";"BR-290/RS";"Leste";"Choque Defensa";1;0;0;0;0;0;0;0;0;0;4;0;0;0;0
"16/07/2023";"12:29:00";"93";"Acidente s";"420";"BR-386/RS";"Sul";"Saída de pista";1;0;0;0;0;0;0;0;0;0;1;1;0;0;0
"16/07/2023";"03:46:00";"134";"Acidente c";"362";"BR-386/RS";"Sul";"Colisão - Lateral";2;0;0;0;0;0;0;0;0;0;4;0;0;0;0
"16/07/2023";"05:18:00";"151";"Acidente s";"95";"BR-290/RS";"Oeste";"Colisão - Traseira";1;0;0;0;0;0;0;0;0;0;2;0;0;0;0
"16/07/2023";"07:57:00";"185";"Acidente c";"333";"BR-386/RS";"Sul";"Colisão - Traseira";3;0;0;0;0;0;0;1;0;0;1;0;0;0;0
"16/07/2023";"11:18:00";"210";"Acidente s";"80";"BR-290/RS";"Oeste";"Colisão - Traseira";1;0;0;0;0;1;0;0;0;0;1;0;0;0;0
"16/07/2023";"11:19:00";"211";"Acidente s";"34";"BR-290/RS";"Oeste";"Colisão - Transversal";1;0;0;0;0;1;0;0;0;0;0;1;0;0;0
"17/07/2023";"12:04:00";"140";"Acidente s";"202";"BR-386/RS";"Sul";"Colisão - Traseira";2;0;0;0;0;0;0;0;0;0;3;0;0;0;0
"17/07/2023";"01:43:00";"166";"Acidente s";"413";"BR-386/RS";"Norte";"Choque - Meio Fio";1;0;0;0;0;0;0;0;0;0;4;0;0;0;0
"17/07/2023";"02:53:00";"189";"Atropelame";"272";"BR-386/RS";"Sul";"Atropelamento - Funcionário";0;0;1;0;0;0;0;0;0;0;3;0;0;0;0
"17/07/2023";"05:50:00";"235";"Acidente s";"90";"BR-290/RS";"Oeste";"Colisão - Traseira";2;0;0;0;0;0;0;0;0;0;4;0;0;0;0
"17/07/2023";"07:03:00";"257";"Acidente c";"349";"BR-386/RS";"Sul";"Colisão - Traseira";1;0;0;1;0;0;0;0;0;0;2;0;1;0;0
"17/07/2023";"08:05:00";"271";"Acidente s";"338";"BR-386/RS";"Norte";"Choque Defensa";1;0;0;0;0;0;0;0;0;0;1;0;0;0;0
"18/07/2023";"06:03:00";"32";"Acidente c";"92";"BR-290/RS";"Leste";"Colisão - Traseira";2;0;0;0;0;0;0;0;0;0;7;0;0;0;0
"18/07/2023";"03:52:00";"212";"Acidente s";"45";"BR-101/RS";"Sul";"Colisão - Lateral";1;0;0;1;0;0;0;0;0;0;37;0;0;0;0
"18/07/2023";"06:27:00";"249";"Acidente s";"373";"BR-386/RS";"Sul";"Atropelamento de Animal";1;0;0;0;0;0;0;0;0;0;0;1;0;0;0
"18/07/2023";"06:30:00";"250";"Acidente s";"328";"BR-386/RS";"Norte";"Colisão - Transversal";2;0;0;0;0;0;0;0;0;0;1;1;0;0;0
"18/07/2023";"06:40:00";"253";"Acidente s";"278";"BR-386/RS";"Sul";"Colisão - Traseira";2;0;0;0;0;0;0;0;0;0;1;0;0;0;0
"18/07/2023";"08:02:00";"266";"Acidente s";"435";"BR-386/RS";"Norte";"Colisão - Traseira";2;0;0;0;0;0;0;0;0;0;1;0;0;0;0
"19/07/2023";"01:09:00";"2";"Acidente s";"354";"BR-386/RS";"Norte";"Queda de Ponte/Viaduto";0;0;1;0;0;0;0;0;0;0;1;0;1;0;0
"19/07/2023";"06:16:00";"29";"Acidente s";"60";"BR-290/RS";"Leste";"Colisão - Traseira";1;0;0;0;0;0;0;1;0;0;6;0;0;0;0
"19/07/2023";"06:45:00";"36";"Acidente s";"8";"BR-290/RS";"Leste";"Colisão - Traseira";2;0;0;0;0;0;0;0;0;0;4;0;0;0;0
"19/07/2023";"03:40:00";"216";"Acidente s";"343.27";"BR-386/RS";"Norte";"Colisão - Traseira";2;0;0;0;0;0;0;0;0;0;7;2;0;0;0
"19/07/2023";"03:59:00";"220";"Acidente s";"61";"BR-290/RS";"Oeste";"Colisão - Traseira";2;0;0;0;0;0;0;0;0;0;10;0;0;0;0
"19/07/2023";"05:08:00";"230";"Acidente c";"273";"BR-386/RS";"Sul";"Colisão - Frontal";1;0;0;0;0;0;0;0;0;0;13;0;0;0;0
"19/07/2023";"09:21:00";"270";"Acidente s";"1";"BR-290/RS";"Oeste";"Tombamento";0;0;0;0;0;0;0;1;0;0;1;0;0;0;0
"19/07/2023";"09:41:00";"273";"Acidente s";"1";"BR-290/RS";"Oeste";"Colisão - Traseira";1;0;0;0;0;0;0;1;0;0;1;0;0;0;0
"19/07/2023";"11:12:00";"277";"Acidente s";"345";"BR-386/RS";"Norte";"Colisão - Transversal";1;0;1;0;0;0;0;0;0;0;2;0;0;0;0
"20/07/2023";"09:36:00";"142";"Acidente s";"307";"BR-386/RS";"Norte";"Colisão - Lateral";2;0;0;0;0;0;0;0;0;0;1;0;1;0;0
"20/07/2023";"11:27:00";"173";"Acidente c";"355";"BR-386/RS";"Norte";"Colisão - Traseira";1;0;1;1;0;0;0;0;0;0;4;0;2;0;0
"21/07/2023";"12:23:00";"3";"Acidente s";"4";"BR-448/RS";"Sul";"Choque Defensa";1;0;0;0;0;0;0;0;0;0;5;0;0;0;0
"21/07/2023";"08:10:00";"85";"Acidente s";"216";"BR-386/RS";"Sul";"Colisão - Lateral";2;0;0;0;0;0;0;0;0;0;2;0;0;0;0
"21/07/2023";"01:20:00";"180";"Acidente s";"225";"BR-386/RS";"Sul";"Colisão - Traseira";2;0;0;0;0;0;0;0;0;0;5;0;0;0;0
"21/07/2023";"01:50:00";"193";"Acidente s";"279";"BR-386/RS";"Norte";"Queda de moto";1;0;0;0;0;0;0;0;0;0;1;0;0;0;0
"21/07/2023";"01:56:00";"195";"Acidente s";"248";"BR-386/RS";"Norte";"Colisão - Lateral";2;0;0;0;0;0;0;0;0;0;2;0;1;0;0
"21/07/2023";"02:52:00";"210";"Acidente s";"271";"BR-386/RS";"Norte";"Colisão - Lateral";2;0;0;0;0;0;0;0;0;0;0;2;0;0;0
"21/07/2023";"03:56:00";"225";"Acidente s";"299";"BR-386/RS";"Norte";"Colisão - Lateral";1;0;0;0;0;0;0;1;0;0;2;0;0;0;0
"21/07/2023";"04:10:00";"229";"Acidente c";"325";"BR-386/RS";"Norte";"Engavetamento";3;0;0;0;0;0;0;0;0;0;2;0;0;0;0
"21/07/2023";"06:02:00";"266";"Acidente s";"21";"BR-448/RS";"Sul";"Engavetamento";3;0;0;0;0;0;0;0;0;0;3;0;0;0;0
"21/07/2023";"06:30:00";"275";"Acidente c";"343";"BR-386/RS";"Sul";"Colisão - Frontal";2;0;0;0;0;0;0;0;0;0;2;0;0;0;0
"21/07/2023";"07:17:00";"284";"Acidente s";"372";"BR-386/RS";"Ambos";"Saída de pista";1;0;0;0;0;0;0;0;0;0;1;0;0;0;0
"21/07/2023";"08:31:00";"304";"Acidente s";"40";"BR-101/RS";"Norte";"Atropelamento de Animal";0;0;0;0;0;2;0;0;0;0;3;0;0;0;0
"22/07/2023";"01:36:00";"20";"Acidente c";"241";"BR-386/RS";"Sul";"Queda de ribanceira";1;0;0;0;0;0;0;0;0;0;2;0;0;0;0
"22/07/2023";"05:21:00";"52";"Acidente s";"382";"BR-386/RS";"Sul";"Atropelamento de Animal";1;0;0;0;0;0;0;0;0;0;4;1;0;0;1
"22/07/2023";"10:25:00";"125";"Acidente s";"436";"BR-386/RS";"Norte";"Colisão - Lateral";2;0;0;0;0;0;0;0;0;0;1;0;0;0;0
"22/07/2023";"11:54:00";"144";"Acidente s";"70";"BR-290/RS";"Oeste";"Queda de moto";0;0;0;1;0;0;0;0;0;0;1;0;0;0;0
"22/07/2023";"04:18:00";"206";"Acidente s";"90";"BR-290/RS";"Leste";"Colisão - Traseira";1;0;0;0;0;0;0;0;0;1;3;0;0;0;0
"22/07/2023";"10:02:00";"279";"Acidente c";"75";"BR-290/RS";"Leste";"Colisão - Transversal";1;0;0;1;0;0;0;0;0;0;7;0;0;0;0
"22/07/2023";"10:27:00";"282";"Acidente s";"9";"BR-101/RS";"Norte";"Colisão - Traseira";1;0;0;0;0;0;0;1;0;0;3;0;0;0;0
"23/07/2023";"10:38:00";"64";"Acidente s";"11";"BR-290/RS";"Oeste";"Capotamento";1;0;0;0;0;0;0;0;0;0;1;0;1;0;0
"23/07/2023";"10:40:00";"65";"Acidente c";"419";"BR-386/RS";"Sul";"Colisão - Lateral";1;0;0;0;0;0;0;1;0;0;1;0;0;0;0
"23/07/2023";"11:23:00";"72";"Acidente c";"351";"BR-386/RS";"Norte";"Tombamento";0;0;0;0;0;1;0;0;0;0;2;0;0;0;0
"23/07/2023";"04:35:00";"135";"Acidente c";"397";"BR-386/RS";"Sul";"Choque Defensa";0;0;1;0;0;0;0;0;0;0;5;0;1;0;0