data;horario;n_da_ocorrencia;tipo_de_ocorrencia;km;trecho;sentido;tipo_de_acidente;automovel;bicicleta;caminhao;moto;onibus;outros;tracao_animal;transporte_de_cargas_especiais;trator_maquinas;utilitarios;ilesos;levemente_feridos;moderadamente_feridos;gravemente_feridos;mortos
"13/08/2023";"07:25:00";"31";"Acidente c";"304";"BR-386/RS";"Sul";"Saída de pista";1;0;0;0;0;0;0;0;0;0;3;1;0;0;0
"13/08/2023";"10:52:00";"59";"Acidente s";"23.3";"BR-290/RS";"Leste";"Saída de pista";1;0;0;0;0;0;0;0;0;0;2;0;0;0;0
"13/08/2023";"05:08:00";"117";"Acidente s";"358";"BR-386/RS";"Sul";"Choque Defensa";1;0;0;0;0;0;0;0;0;0;1;0;0;0;0
"13/08/2023";"07:39:00";"149";"Acidente c";"362";"BR-386/RS";"Norte";"Queda de moto";0;0;0;1;0;0;0;0;0;0;1;1;0;0;0
"13/08/2023";"07:47:00";"154";"Acidente c";"11";"BR-448/RS";"Sul";"Colisão - Traseira";1;0;0;0;0;0;0;0;0;0;0;2;0;0;0
"13/08/2023";"08:37:00";"165";"Acidente c";"343";"BR-386/RS";"Norte";"Colisão - Traseira";1;0;0;1;0;0;0;0;0;0;4;1;0;0;0
"13/08/2023";"11:06:00";"180";"Acidente s";"272";"BR-386/RS";"Norte";"Saída de pista";1;0;0;0;0;0;0;0;0;0;2;0;0;0;0
"14/08/2023";"01:38:00";"7";"Acidente c";"417.52";"BR-386/RS";"Norte";"Colisão - Frontal";1;0;1;0;0;0;0;0;0;0;1;1;0;2;1
"14/08/2023";"09:59:00";"120";"Acidente s";"214.9";"BR-386/RS";"Norte";"Colisão - Traseira";1;0;0;0;0;0;0;0;0;1;3;0;0;0;0
"14/08/2023";"01:26:00";"163";"Acidente s";"215";"BR-386/RS";"Sul";"Colisão - Traseira";1;0;0;0;0;0;0;1;0;0;2;0;0;0;0
"15/08/2023";"06:37:00";"16";"Atropelame";"346.02";"BR-386/RS";"Sul";"Atropelamento - Usuário";0;0;0;1;0;0;0;0;0;0;0;0;1;0;1
"15/08/2023";"12:52:00";"151";"Acidente c";"342.29";"BR-386/RS";"Norte";"Colisão - Traseira";1;0;1;0;0;0;0;0;0;0;1;1;0;0;0
"15/08/2023";"01:26:00";"162";"Acidente c";"434";"BR-386/RS";"Norte";"Colisão - Lateral";0;0;0;1;0;0;0;1;0;0;1;0;2;0;0
"15/08/2023";"03:13:00";"180";"Acidente s";"90";"BR-290/RS";"Leste";"Queda de moto";0;0;0;1;0;0;0;0;0;0;2;0;0;0;0
"15/08/2023";"08:19:00";"228";"Acidente c";"91";"BR-290/RS";"Oeste";"Queda de moto";0;0;0;1;0;0;0;0;0;0;0;1;0;0;0
"15/08/2023";"08:37:00";"231";"Acidente c";"80";"BR-290/RS";"Leste";"Choque Defensa";1;0;0;0;0;0;0;0;0;0;0;1;0;0;0
"15/08/2023";"11:09:00";"245";"Acidente c";"76.56";"BR-290/RS";"Oeste";"Outros";0;0;1;1;0;0;0;0;0;0;2;1;0;0;0
"16/08/2023";"06:11:00";"18";"Acidente s";"86";"BR-290/RS";"Oeste";"Colisão - Traseira";0;0;1;1;0;0;0;0;0;0;2;0;0;0;0
"16/08/2023";"01:08:00";"176";"Acidente s";"432";"BR-386/RS";"Sul";"Colisão - Traseira";1;0;0;0;1;0;0;1;0;0;2;0;0;0;0
"16/08/2023";"01:57:00";"187";"Acidente s";"414";"BR-386/RS";"Sul";"Colisão - Traseira";2;0;1;0;0;0;0;0;0;0;2;0;0;0;0
"16/08/2023";"06:40:00";"252";"Acidente s";"394";"BR-386/RS";"Sul";"Saída de pista";1;0;0;0;0;0;0;0;0;0;1;0;0;0;0
"16/08/2023";"07:55:00";"259";"Acidente c";"16";"BR-448/RS";"Norte";"Choque com objeto sobre a pista";0;0;0;1;0;0;0;0;0;0;0;0;1;0;0
"16/08/2023";"08:03:00";"262";"Acidente s";"16";"BR-448/RS";"Norte";"Choque com objeto sobre a pista";1;0;0;0;0;0;0;0;0;0;1;0;0;0;0
"17/08/2023";"02:51:00";"223";"Acidente s";"86";"BR-290/RS";"Oeste";"Colisão - Traseira";1;0;1;0;0;0;0;0;0;0;4;0;0;0;0
"17/08/2023";"03:38:00";"244";"Acidente s";"51";"BR-290/RS";"Oeste";"Choque - Sinalização";1;0;0;0;0;0;0;0;0;0;2;0;0;0;0
"17/08/2023";"04:04:00";"251";"Acidente s";"336";"BR-386/RS";"Norte";"Colisão - Traseira";2;0;0;0;0;0;0;0;0;0;2;0;0;0;0
"17/08/2023";"06:27:00";"296";"Acidente s";"350";"BR-386/RS";"Sul";"Queda de ribanceira";1;0;0;0;0;0;0;0;0;0;1;0;0;0;0
"17/08/2023";"06:32:00";"298";"Acidente s";"342";"BR-386/RS";"Norte";"Colisão - Traseira";2;0;0;0;0;0;0;0;0;0;3;0;0;0;0
"17/08/2023";"06:36:00";"300";"Acidente s";"65";"BR-290/RS";"Oeste";"Saída de pista";0;0;1;0;0;0;0;0;0;0;1;0;0;0;0
"17/08/2023";"07:31:00";"314";"Acidente c";"24.26";"BR-101/RS";"Norte";"Colisão - Traseira";0;0;0;1;0;1;0;0;0;0;1;0;1;0;0
"18/08/2023";"06:16:00";"31";"Acidente c";"69";"BR-290/RS";"Oeste";"Colisão - Traseira";2;0;0;0;0;0;0;0;0;0;1;3;0;0;0
"18/08/2023";"09:45:00";"126";"Acidente c";"91.8";"BR-290/RS";"Leste";"Colisão - Traseira";1;0;0;1;0;0;0;0;0;0;1;2;0;0;0
"18/08/2023";"01:23:00";"166";"Acidente c";"436";"BR-386/RS";"Sul";"Colisão - Traseira";2;0;0;0;0;0;0;0;0;0;4;1;0;0;0
"18/08/2023";"02:18:00";"178";"Acidente s";"265";"BR-386/RS";"Norte";"Colisão - Lateral";1;0;0;0;0;0;0;1;0;0;2;0;0;0;0
"18/08/2023";"02:55:00";"184";"Acidente s";"376";"BR-386/RS";"Sul";"Choque Defensa";1;0;0;0;0;0;0;0;0;0;1;0;0;0;0
"18/08/2023";"02:57:00";"186";"Acidente s";"35";"BR-101/RS";"Sul";"Colisão - Traseira";2;0;0;0;0;0;0;0;0;0;5;0;0;0;0
"18/08/2023";"04:34:00";"208";"Acidente c";"309.1";"BR-386/RS";"Norte";"Colisão - Traseira";2;0;0;0;0;0;0;0;0;0;1;1;0;0;0
"18/08/2023";"05:55:00";"222";"Acidente s";"95";"BR-290/RS";"Leste";"Outros";2;0;0;0;0;1;0;0;0;0;3;0;0;0;0
"18/08/2023";"06:06:00";"225";"Acidente s";"343.3";"BR-386/RS";"Norte";"Colisão - Traseira";2;0;0;0;0;0;0;0;0;0;5;0;0;0;0
"18/08/2023";"07:20:00";"239";"Acidente c";"214.6";"BR-386/RS";"Norte";"Queda de moto";0;0;0;1;0;0;0;0;0;0;0;1;0;0;0
"18/08/2023";"08:11:00";"248";"Acidente s";"63";"BR-290/RS";"Leste";"Choque Defensa";1;0;0;0;0;0;0;0;0;0;1;0;0;0;0
"19/08/2023";"02:44:00";"9";"Acidente s";"57.6";"BR-290/RS";"Oeste";"Saída de pista";1;0;0;0;0;1;0;0;0;0;1;0;0;0;0
"19/08/2023";"04:37:00";"12";"Acidente s";"12.6";"BR-290/RS";"Oeste";"Saída de pista";1;0;0;0;0;0;0;0;0;0;1;0;0;0;0
"19/08/2023";"05:48:00";"17";"Acidente s";"34";"BR-290/RS";"Leste";"Saída de pista";1;0;0;0;0;0;0;0;0;0;5;0;0;0;0
"19/08/2023";"05:38:00";"142";"Acidente c";"432.51";"BR-386/RS";"Sul";"Engavetamento";2;0;0;0;0;0;0;1;0;0;3;0;1;0;0
"19/08/2023";"07:38:00";"160";"Acidente s";"43.4";"BR-101/RS";"Ambos";"Colisão - Traseira";2;0;0;0;0;0;0;0;0;0;1;0;0;0;0
"19/08/2023";"09:14:00";"176";"Acidente c";"429.59";"BR-386/RS";"Norte";"Queda de moto";0;0;0;1;0;0;0;0;0;0;0;0;1;0;0
"20/08/2023";"06:01:00";"16";"Acidente s";"45.28";"BR-290/RS";"Oeste";"Colisão - Traseira";1;0;1;0;0;0;0;0;0;0;2;0;0;0;0
"20/08/2023";"06:23:00";"19";"Acidente s";"441.36";"BR-386/RS";"Norte";"Atropelamento de Animal";1;0;0;0;0;0;0;0;0;0;2;0;0;0;0
"20/08/2023";"03:25:00";"86";"Acidente s";"70.1";"BR-101/RS";"Sul";"Colisão - Traseira";2;0;0;0;0;0;0;0;0;0;4;0;0;0;0
"20/08/2023";"04:59:00";"99";"Acidente s";"415";"BR-386/RS";"Sul";"Choque - Meio Fio";1;0;0;0;0;0;0;0;0;0;3;0;0;0;0
"20/08/2023";"05:26:00";"104";"Acidente c";"343";"BR-386/RS";"Ambos";"Colisão - Lateral";1;0;0;1;0;0;0;0;0;0;1;1;0;0;0
"20/08/2023";"08:33:00";"144";"Acidente s";"412";"BR-386/RS";"Norte";"Choque Defensa";1;0;0;0;0;0;0;0;0;0;1;0;0;0;0
"21/08/2023";"03:55:00";"9";"Acidente s";"39.2";"BR-101/RS";"Norte";"Choque Defensa";1;0;0;0;0;0;0;0;0;0;1;0;0;0;0
"21/08/2023";"08:15:00";"87";"Acidente s";"95";"BR-290/RS";"Oeste";"Colisão - Traseira";2;0;0;0;0;0;0;0;0;0;2;0;0;0;0
"21/08/2023";"12:20:00";"169";"Acidente s";"19";"BR-290/RS";"Oeste";"Choque Praça - Cabine";1;0;0;0;0;0;0;0;0;0;1;0;0;0;0
"21/08/2023";"02:43:00";"207";"Acidente s";"180.7";"BR-386/RS";"Norte";"Engavetamento";3;0;0;0;0;0;0;0;0;0;6;0;0;0;0
"21/08/2023";"07:57:00";"277";"Acidente s";"75.45";"BR-101/RS";"Norte";"Saída de pista";1;0;0;0;0;0;0;0;0;0;2;0;0;0;0
"22/08/2023";"09:46:00";"141";"Acidente s";"25";"BR-290/RS";"Leste";"Choque com objeto sobre a pista";1;0;0;0;0;0;0;0;0;0;2;0;0;0;0
"22/08/2023";"10:23:00";"148";"Acidente s";"329";"BR-386/RS";"Norte";"Colisão - Lateral";1;0;0;0;0;0;0;1;0;0;2;0;0;0;0
"22/08/2023";"10:59:00";"161";"Acidente s";"344";"BR-386/RS";"Norte";"Colisão - Traseira";1;0;1;0;0;0;0;0;0;0;2;0;0;0;0
"22/08/2023";"02:16:00";"208";"Acidente s";"53";"BR-290/RS";"Leste";"Saída de pista";0;0;0;0;0;0;0;1;0;0;1;0;0;0;0
"22/08/2023";"02:25:00";"212";"Acidente c";"88";"BR-290/RS";"Leste";"Colisão - Traseira";1;0;0;0;0;1;0;0;0;1;1;1;0;0;0
"22/08/2023";"05:51:00";"260";"Acidente c";"355";"BR-386/RS";"Sul";"Colisão - Lateral";0;0;0;1;0;0;0;1;0;0;1;0;1;0;0
"22/08/2023";"08:57:00";"295";"Acidente s";"94.25";"BR-290/RS";"Oeste";"Choque Barreira";1;0;0;0;0;0;0;0;0;0;2;0;0;0;0
"22/08/2023";"09:29:00";"299";"Acidente s";"85.11";"BR-290/RS";"Oeste";"Choque Defensa";1;0;0;0;0;0;0;0;0;0;1;0;0;0;0
"23/08/2023";"03:19:00";"9";"Acidente c";"348";"BR-386/RS";"Sul";"Saída de pista";1;0;0;0;0;0;0;0;0;0;1;0;1;0;0
"23/08/2023";"05:41:00";"25";"Acidente c";"302.8";"BR-386/RS";"Sul";"Colisão - Transversal";2;0;0;0;0;0;0;0;0;0;4;0;1;0;0
"23/08/2023";"07:55:00";"74";"Acidente c";"15.1";"BR-448/RS";"Sul";"Colisão - Lateral";1;0;0;1;0;0;0;0;0;0;1;2;0;0;0
"23/08/2023";"07:58:00";"77";"Acidente s";"348.5";"BR-386/RS";"Sul";"Colisão - Lateral";2;0;0;0;0;0;0;0;0;0;2;0;0;0;0
"23/08/2023";"08:27:00";"89";"Acidente s";"13.3";"BR-448/RS";"Sul";"Colisão - Traseira";2;0;0;0;0;0;0;0;0;0;2;0;0;0;0
"23/08/2023";"01:46:00";"157";"Acidente s";"306.6";"BR-386/RS";"Norte";"Saída de pista";1;0;0;0;0;0;0;0;0;0;4;0;0;0;0
"23/08/2023";"02:07:00";"160";"Acidente s";"17";"BR-448/RS";"Norte";"Capotamento";1;0;0;0;0;0;0;0;0;0;1;0;0;0;0
"23/08/2023";"03:50:00";"176";"Acidente c";"29";"BR-290/RS";"Oeste";"Tombamento";0;0;0;0;0;0;0;0;0;1;0;1;2;0;0
"23/08/2023";"05:02:00";"185";"Acidente s";"10";"BR-448/RS";"Norte";"Colisão - Traseira";2;0;0;0;0;0;0;0;0;0;3;0;0;0;0
"23/08/2023";"05:41:00";"192";"Acidente s";"45";"BR-101/RS";"Norte";"Choque Defensa";1;0;0;0;0;0;0;0;0;0;1;0;0;0;0
"23/08/2023";"06:50:00";"205";"Acidente s";"31.2";"BR-290/RS";"Oeste";"Saída de pista";1;0;0;0;0;0;0;0;0;0;1;0;0;0;0
"23/08/2023";"07:07:00";"207";"Acidente s";"79";"BR-101/RS";"Norte";"Saída de pista";1;0;0;0;0;0;0;0;0;0;1;0;0;0;0
"23/08/2023";"08:48:00";"229";"Acidente s";"304.2";"BR-386/RS";"Norte";"Outros";0;0;0;0;0;0;0;0;0;1;1;0;0;0;0
"23/08/2023";"08:51:00";"230";"Acidente s";"82";"BR-101/RS";"Sul";"Saída de pista";1;0;0;0;0;0;0;0;0;0;1;0;0;0;0
"23/08/2023";"09:14:00";"233";"Acidente s";"30";"BR-101/RS";"Sul";"Saída de pista";1;0;0;0;0;0;0;0;0;0;1;0;0;0;0
"23/08/2023";"11:44:00";"246";"Acidente s";"10.44";"BR-448/RS";"Norte";"Saída de pista";1;0;0;0;0;0;0;0;0;0;1;0;0;0;0
"24/08/2023";"03:15:00";"13";"Acidente s";"92";"BR-290/RS";"Leste";"Saída de pista";1;0;0;0;0;0;0;0;0;0;1;0;0;0;0
"24/08/2023";"06:08:00";"19";"Acidente c";"366.9";"BR-386/RS";"Norte";"Saída de pista";1;0;0;0;0;0;0;0;0;0;0;1;0;0;0
"24/08/2023";"04:54:00";"227";"Acidente s";"233.7";"BR-386/RS";"Norte";"Colisão - Lateral";2;0;0;0;0;0;0;0;0;0;2;0;0;0;0
"24/08/2023";"05:11:00";"230";"Acidente s";"7";"BR-101/RS";"Norte";"Choque - Meio Fio";2;0;0;0;0;0;0;0;0;0;4;0;0;0;0
"24/08/2023";"09:46:00";"272";"Acidente s";"425.9";"BR-386/RS";"Sul";"Choque - Sinalização";1;0;1;0;0;0;0;0;0;0;2;0;0;0;0
"25/08/2023";"07:55:00";"56";"Acidente s";"435";"BR-386/RS";"Sul";"Colisão - Lateral";2;0;0;0;0;0;0;0;0;0;2;0;0;0;0
"25/08/2023";"01:46:00";"187";"Acidente s";"255";"BR-386/RS";"Norte";"Saída de pista";1;0;0;0;0;0;0;0;0;0;1;0;0;0;0
"25/08/2023";"01:55:00";"189";"Acidente c";"220";"BR-386/RS";"Norte";"Colisão - Lateral";2;0;0;0;0;0;0;0;0;0;4;1;0;0;0
"25/08/2023";"06:57:00";"260";"Acidente s";"83.57";"BR-290/RS";"Leste";"Colisão - Traseira";1;0;0;0;0;1;0;0;0;0;2;0;0;0;0
"25/08/2023";"07:19:00";"267";"Acidente c";"224.2";"BR-386/RS";"Sul";"Queda de ribanceira";1;0;0;0;0;0;0;0;0;0;0;1;0;0;0
"25/08/2023";"07:25:00";"268";"Acidente s";"427.7";"BR-386/RS";"Sul";"Queda de ribanceira";1;0;0;0;0;0;0;0;0;0;2;0;0;0;0
"26/08/2023";"12:16:00";"4";"Acidente c";"346";"BR-386/RS";"Norte";"Colisão - Lateral";1;0;0;0;0;1;0;0;0;0;2;1;0;0;0
"26/08/2023";"02:12:00";"16";"Acidente s";"12.22";"BR-290/RS";"Leste";"Saída de pista";1;0;0;0;0;0;0;0;0;0;1;0;0;0;0
"26/08/2023";"03:37:00";"19";"Acidente s";"41";"BR-290/RS";"Oeste";"Queda de moto";0;0;0;1;0;0;0;0;0;0;2;0;0;0;0
"26/08/2023";"06:50:00";"39";"Acidente s";"26.25";"BR-290/RS";"Leste";"Choque Defensa";1;0;0;0;0;0;0;0;0;0;4;0;0;0;0
"26/08/2023";"03:56:00";"179";"Acidente s";"398.8";"BR-386/RS";"Sul";"Saída de pista";1;0;0;0;0;0;0;0;0;0;4;0;0;0;0
"26/08/2023";"07:50:00";"233";"Acidente s";"411.4";"BR-386/RS";"Norte";"Queda de moto";0;0;0;1;0;0;0;0;0;0;2;0;0;0;0
"27/08/2023";"03:32:00";"15";"Acidente s";"345.1";"BR-386/RS";"Norte";"Queda de ribanceira";1;0;0;0;0;0;0;0;0;0;1;0;0;0;0
"27/08/2023";"04:57:00";"20";"Acidente s";"9.6";"BR-290/RS";"Leste";"Saída de pista";1;0;0;0;0;0;0;0;0;0;1;0;0;0;0
"27/08/2023";"11:04:00";"73";"Acidente s";"425.9";"BR-386/RS";"Sul";"Colisão - Traseira";2;0;0;0;0;0;0;0;0;0;7;0;0;0;0
"27/08/2023";"02:15:00";"95";"Acidente c";"371.2";"BR-386/RS";"Sul";"Choque Defensa";1;0;0;0;0;0;0;0;0;0;0;1;0;0;0
"27/08/2023";"05:35:00";"130";"Acidente s";"66";"BR-290/RS";"Oeste";"Saída de pista";1;0;0;0;0;0;0;0;0;0;3;0;0;0;0
"27/08/2023";"07:33:00";"171";"Acidente s";"440.1";"BR-386/RS";"Sul";"Saída de pista";1;0;0;0;0;0;0;0;0;0;5;0;0;0;0
"27/08/2023";"08:00:00";"178";"Atropelame";"400.12";"BR-386/RS";"Sul";"Atropelamento - Andarilho";1;0;0;0;0;0;0;0;0;0;1;0;0;0;1
"28/08/2023";"01:47:00";"15";"Acidente c";"37";"BR-290/RS";"Leste";"Saída de pista";1;0;0;0;0;0;0;0;0;0;0;1;0;0;0
"28/08/2023";"05:22:00";"27";"Acidente s";"346.45";"BR-386/RS";"Norte";"Saída de pista";1;0;0;0;0;0;0;0;0;0;1;0;0;0;0
"28/08/2023";"07:55:00";"94";"Acidente s";"272.6";"BR-386/RS";"Norte";"Saída de pista";1;0;0;0;0;0;0;0;0;0;1;0;0;0;0
"28/08/2023";"11:59:00";"165";"Acidente c";"3";"BR-101/RS";"Norte";"Saída de pista";1;0;0;0;0;0;0;0;0;0;0;1;0;0;0
"28/08/2023";"12:47:00";"178";"Acidente c";"310.08";"BR-386/RS";"Sul";"Colisão - Traseira";1;0;1;0;0;0;0;0;0;0;2;1;0;0;0
"28/08/2023";"03:22:00";"224";"Acidente s";"419.4";"BR-386/RS";"Sul";"Colisão - Lateral";1;0;0;0;0;0;0;1;0;0;7;0;0;0;0
"28/08/2023";"03:34:00";"227";"Acidente s";"346.2";"BR-386/RS";"Norte";"Colisão - Traseira";1;0;1;0;0;0;0;0;0;0;2;0;0;0;0
"28/08/2023";"03:47:00";"231";"Acidente c";"347.2";"BR-386/RS";"Norte";"Colisão - Traseira";0;0;0;0;0;1;0;0;0;0;0;1;0;0;0
"28/08/2023";"04:36:00";"245";"Acidente s";"347.05";"BR-386/RS";"Sul";"Colisão - Traseira";2;0;0;0;0;0;0;0;0;0;2;0;0;0;0
"28/08/2023";"06:09:00";"259";"Acidente s";"75";"BR-290/RS";"Leste";"Colisão - Traseira";1;0;0;1;0;0;0;0;0;0;4;0;0;0;0
"29/08/2023";"12:46:00";"181";"Acidente c";"93.75";"BR-290/RS";"Oeste";"Colisão - Lateral";1;0;1;0;0;0;0;0;0;0;5;0;1;0;0
"29/08/2023";"02:35:00";"213";"Acidente s";"80.3";"BR-290/RS";"Leste";"Colisão - Traseira";2;0;0;0;0;0;0;0;0;0;2;0;0;0;0
"29/08/2023";"02:51:00";"216";"Acidente s";"91.2";"BR-290/RS";"Leste";"Colisão - Transversal";2;0;0;0;0;0;0;0;0;0;6;0;0;0;0
"29/08/2023";"06:24:00";"251";"Acidente s";"360.36";"BR-386/RS";"Sul";"Saída de pista";1;0;0;0;0;0;0;0;0;0;1;0;0;0;0
"29/08/2023";"07:32:00";"261";"Acidente s";"94.2";"BR-290/RS";"Oeste";"Outros";1;0;0;0;0;0;0;0;0;0;1;0;0;0;0
"29/08/2023";"07:34:00";"263";"Acidente s";"71.8";"BR-101/RS";"Norte";"Colisão - Traseira";2;0;0;0;0;0;0;0;0;0;6;0;0;0;0
"29/08/2023";"08:29:00";"267";"Acidente s";"435.51";"BR-386/RS";"Ambos";"Colisão - Traseira";2;0;0;0;0;0;0;0;0;0;2;0;0;0;0
"29/08/2023";"10:59:00";"283";"Acidente c";"18.42";"BR-290/RS";"Leste";"Colisão - Lateral";1;0;0;0;0;0;0;1;0;0;1;1;0;0;0
"29/08/2023";"11:28:00";"287";"Acidente s";"445.4";"BR-386/RS";"Norte";"Colisão - Lateral";2;0;0;0;0;0;0;0;0;0;3;0;0;0;0
"30/08/2023";"07:30:00";"46";"Acidente s";"25";"BR-290/RS";"Oeste";"Capotamento";1;0;0;0;0;0;0;1;0;0;3;0;0;0;0
"30/08/2023";"08:38:00";"92";"Acidente s";"435";"BR-386/RS";"Sul";"Colisão - Traseira";2;0;0;0;0;1;0;0;0;0;1;0;0;0;0
"30/08/2023";"04:00:00";"228";"Acidente c";"86";"BR-290/RS";"Oeste";"Queda de moto";0;0;0;1;0;0;0;0;0;0;0;0;1;0;0
"30/08/2023";"04:26:00";"232";"Acidente s";"91";"BR-290/RS";"Leste";"Colisão - Traseira";1;0;0;0;0;0;0;1;0;0;3;0;0;0;0
"31/08/2023";"09:35:00";"132";"Acidente s";"41.6";"BR-101/RS";"Sul";"Choque Barreira";1;0;0;0;0;0;0;0;0;0;1;0;0;0;0
"31/08/2023";"10:24:00";"143";"Acidente s";"57";"BR-290/RS";"Oeste";"Colisão - Lateral";1;0;1;0;0;0;0;0;0;0;3;0;0;0;0
"31/08/2023";"12:47:00";"182";"Acidente c";"247";"BR-386/RS";"Norte";"Colisão - Lateral";1;0;0;0;0;0;0;1;0;0;1;0;1;0;0
"31/08/2023";"02:06:00";"198";"Acidente c";"45";"BR-290/RS";"Oeste";"Queda de ribanceira";2;0;0;0;0;0;0;0;0;0;2;2;0;0;0
"31/08/2023";"03:36:00";"224";"Acidente c";"307.2";"BR-386/RS";"Sul";"Queda de ribanceira";0;0;1;0;0;0;0;0;0;0;0;0;0;0;1
"31/08/2023";"06:44:00";"269";"Acidente s";"18.45";"BR-448/RS";"Sul";"Colisão - Transversal";1;0;0;0;0;0;0;0;0;1;3;0;0;0;0
"31/08/2023";"07:13:00";"274";"Acidente s";"16.8";"BR-290/RS";"Leste";"Atropelamento de Animal";1;0;0;0;0;0;0;0;0;0;2;0;0;0;0
"31/08/2023";"10:03:00";"298";"Acidente s";"4.3";"BR-448/RS";"Norte";"Colisão - Traseira";2;0;0;0;0;0;0;0;0;0;3;0;0;0;0
"31/08/2023";"10:12:00";"300";"Acidente c";"343.45";"BR-386/RS";"Sul";"Colisão - Frontal";1;0;0;1;0;0;0;0;0;0;1;0;1;0;0
"31/08/2023";"10:26:00";"301";"Acidente s";"321.2";"BR-386/RS";"Norte";"Choque com objeto sobre a pista";1;0;0;0;0;0;0;0;0;0;1;0;0;0;0
"01/09/2023";"02:02:00";"11";"Acidente c";"59.4";"BR-290/RS";"Oeste";"Colisão - Traseira";0;0;1;1;0;0;2;0;0;0;2;0;2;0;2
"01/09/2023";"12:57:00";"182";"Acidente s";"25.9";"BR-290/RS";"Oeste";"Colisão - Traseira";0;0;0;0;0;0;0;0;0;0;2;0;0;0;0
"01/09/2023";"05:38:00";"239";"Acidente c";"83";"BR-290/RS";"Leste";"Queda de moto";0;0;0;0;1;0;0;0;0;0;0;2;0;0;0
"01/09/2023";"05:58:00";"242";"Acidente s";"345.4";"BR-386/RS";"Norte";"Queda de moto";0;0;0;0;0;0;0;0;0;0;1;0;0;0;0
"01/09/2023";"06:31:00";"250";"Acidente c";"347.2";"BR-386/RS";"Norte";"Colisão - Traseira";0;0;0;0;0;0;0;0;0;0;1;1;0;0;0
"01/09/2023";"08:16:00";"272";"Atropelame";"254.03";"BR-386/RS";"Sul";"Atropelamento - Andarilho";0;0;0;0;0;0;0;0;0;0;1;1;0;0;0
"01/09/2023";"08:34:00";"275";"Acidente s";"401.06";"BR-386/RS";"Norte";"Saída de pista";0;0;0;0;0;0;0;0;0;0;4;0;0;0;0
"01/09/2023";"10:17:00";"293";"Acidente s";"92.08";"BR-290/RS";"Oeste";"Choque Barreira";0;0;0;0;0;0;0;0;0;0;2;0;0;0;0
"01/09/2023";"10:52:00";"300";"Acidente s";"10";"BR-448/RS";"Norte";"Queda de ribanceira";0;0;0;0;0;0;0;0;0;0;1;0;0;0;0
"02/09/2023";"02:20:00";"11";"Acidente s";"10.29";"BR-448/RS";"Norte";"Queda de ribanceira";0;0;0;0;0;0;0;0;0;0;1;0;0;0;0
"02/09/2023";"03:13:00";"14";"Acidente s";"374.4";"BR-386/RS";"Sul";"Colisão - Traseira";0;0;0;0;0;0;0;0;0;1;3;0;0;0;0
"02/09/2023";"03:27:00";"16";"Acidente s";"54.27";"BR-290/RS";"Leste";"Choque Talude";0;0;0;0;0;0;0;0;0;0;2;0;0;0;0
"02/09/2023";"04:09:00";"18";"Acidente s";"67.3";"BR-290/RS";"Oeste";"Saída de pista";0;0;0;0;0;0;0;0;0;0;4;0;0;0;0
"02/09/2023";"04:55:00";"20";"Acidente s";"232.6";"BR-386/RS";"Norte";"Choque - Arvore";0;0;0;0;0;0;0;0;0;0;4;0;0;0;0
"02/09/2023";"12:08:00";"105";"Acidente s";"269.5";"BR-386/RS";"Sul";"Colisão - Lateral";0;0;0;0;0;0;0;0;1;0;3;0;0;0;0
"02/09/2023";"02:38:00";"125";"Acidente c";"44";"BR-290/RS";"Leste";"Colisão - Traseira";0;0;0;0;0;0;0;0;0;1;1;2;2;0;0
"02/09/2023";"04:20:00";"137";"Acidente c";"47";"BR-290/RS";"Leste";"Capotamento";0;0;0;0;0;0;0;0;0;0;0;0;1;0;0
"02/09/2023";"07:43:00";"165";"Acidente s";"346.11";"BR-386/RS";"Norte";"Choque Defensa";0;0;0;0;0;0;0;0;0;0;1;0;0;0;0
"02/09/2023";"10:02:00";"188";"Acidente s";"83.26";"BR-290/RS";"Leste";"Queda de ribanceira";0;0;0;0;0;0;0;0;0;0;1;0;0;0;0
"03/09/2023";"12:12:00";"2";"Acidente s";"31.2";"BR-101/RS";"Sul";"Choque Defensa";0;0;0;0;0;0;0;0;0;0;2;0;0;0;0
"03/09/2023";"06:01:00";"18";"Acidente s";"22.1";"BR-448/RS";"Sul";"Choque Barreira";0;0;0;0;0;0;0;0;0;0;1;0;0;0;0
"03/09/2023";"06:37:00";"22";"Acidente s";"92";"BR-290/RS";"Leste";"Saída de pista";0;0;0;0;0;0;0;0;0;0;1;0;0;0;0
"03/09/2023";"08:32:00";"30";"Acidente s";"75";"BR-290/RS";"Leste";"Saída de pista";0;0;0;0;0;0;0;0;0;0;1;0;0;0;0
"03/09/2023";"09:17:00";"33";"Acidente s";"440";"BR-386/RS";"Norte";"Saída de pista";0;0;0;0;0;0;0;0;0;0;1;0;0;0;0
"03/09/2023";"10:50:00";"49";"Acidente c";"86";"BR-290/RS";"Oeste";"Queda de moto";0;0;0;0;1;0;0;0;0;0;1;1;0;0;0
"03/09/2023";"10:52:00";"51";"Acidente s";"80";"BR-290/RS";"Oeste";"Saída de pista";0;0;0;0;0;0;0;0;0;0;3;0;0;0;0
"03/09/2023";"11:02:00";"53";"Acidente s";"22";"BR-448/RS";"Sul";"Choque Barreira";0;0;0;0;0;0;0;0;0;0;1;0;0;0;0
"03/09/2023";"11:15:00";"55";"Acidente s";"11";"BR-290/RS";"Oeste";"Saída de pista";0;0;0;0;0;0;0;0;0;0;2;0;0;0;0