data;horario;n_da_ocorrencia;tipo_de_ocorrencia;km;trecho;sentido;tipo_de_acidente;automovel;bicicleta;caminhao;moto;onibus;outros;tracao_animal;transporte_de_cargas_especiais;trator_maquinas;utilitarios;ilesos;levemente_feridos;moderadamente_feridos;gravemente_feridos;mortos
"17/11/2023";"09:19:00";"346";"Acidente s";"5";"BR-290/RS";"Oeste";"Saída de pista";1;0;0;0;0;0;0;0;0;0;1;0;0;0;0
"17/11/2023";"10:41:00";"363";"Acidente s";"307";"BR-386/RS";"Norte";"Choque com objeto sobre a pista";1;0;0;0;0;0;0;0;0;0;1;0;0;0;0
"17/11/2023";"10:56:00";"366";"Acidente s";"44";"BR-101/RS";"Norte";"Colisão - Traseira";2;0;0;0;0;0;0;0;0;0;4;0;0;0;0
"18/11/2023";"12:31:00";"12";"Acidente s";"98";"BR-290/RS";"Leste";"Colisão - Lateral";2;0;0;0;0;0;0;0;0;0;3;0;0;0;0
"18/11/2023";"12:40:00";"14";"Acidente s";"352";"BR-386/RS";"Norte";"Saída de pista";1;0;0;0;0;0;0;0;0;0;1;0;0;0;0
"18/11/2023";"01:11:00";"16";"Acidente s";"95";"BR-290/RS";"Leste";"Colisão - Lateral";2;0;0;0;0;0;0;0;0;0;2;0;0;0;0
"18/11/2023";"02:24:00";"22";"Acidente c";"188";"BR-386/RS";"Norte";"Choque - Arvore";1;0;0;0;0;0;0;0;0;0;0;0;1;0;0
"18/11/2023";"05:17:00";"30";"Acidente s";"247";"BR-386/RS";"Sul";"Choque com veículo na faixa de rolamento";1;0;1;0;0;0;0;0;0;0;4;0;0;0;0
"18/11/2023";"05:51:00";"35";"Acidente s";"405";"BR-386/RS";"Sul";"Saída de pista";1;0;0;0;0;0;0;0;0;0;4;0;0;0;0
"18/11/2023";"08:09:00";"61";"Acidente s";"51";"BR-290/RS";"Leste";"Saída de pista";1;0;0;0;0;0;0;0;0;0;1;0;0;0;0
"18/11/2023";"08:27:00";"64";"Acidente s";"432";"BR-386/RS";"Norte";"Colisão - Frontal";2;0;0;0;0;0;0;0;0;0;3;0;0;0;0
"18/11/2023";"10:05:00";"89";"Acidente c";"309";"BR-386/RS";"Norte";"Colisão - Frontal";1;0;1;0;0;0;0;0;0;0;1;0;0;2;1
"18/11/2023";"11:02:00";"101";"Acidente s";"9";"BR-101/RS";"Norte";"Saída de pista";1;0;0;0;0;0;0;0;0;0;3;0;0;0;0
"18/11/2023";"11:35:00";"109";"Acidente c";"440";"BR-386/RS";"Norte";"Saída de pista";1;0;0;0;0;0;0;0;0;0;1;1;0;0;0
"18/11/2023";"12:11:00";"113";"Acidente c";"412";"BR-386/RS";"Norte";"Colisão - Traseira";2;0;0;0;0;0;0;0;0;0;1;1;0;0;0
"18/11/2023";"01:03:00";"120";"Acidente s";"60";"BR-290/RS";"Oeste";"Colisão - Lateral";1;0;1;0;0;0;0;0;0;0;2;0;0;0;0
"18/11/2023";"02:28:00";"133";"Acidente s";"440";"BR-386/RS";"Norte";"Saída de pista";1;0;0;0;0;0;0;0;0;0;2;0;0;0;0
"18/11/2023";"02:39:00";"136";"Acidente s";"371";"BR-386/RS";"Sul";"Choque Defensa";1;0;0;0;0;0;0;0;0;0;4;0;0;0;0
"18/11/2023";"03:02:00";"140";"Acidente s";"220";"BR-386/RS";"Ambos";"Colisão - Transversal";2;0;0;0;0;0;0;0;0;0;3;0;0;0;0
"18/11/2023";"03:19:00";"143";"Acidente s";"306";"BR-386/RS";"Norte";"Saída de pista";1;0;0;0;0;0;0;0;0;0;3;0;0;0;0
"18/11/2023";"03:21:00";"144";"Acidente s";"306";"BR-386/RS";"Sul";"Saída de pista";1;0;0;0;0;0;0;0;0;0;2;0;0;0;0
"19/11/2023";"01:30:00";"19";"Acidente s";"91";"BR-290/RS";"Leste";"Saída de pista";1;0;0;0;0;0;0;0;0;0;4;0;0;0;0
"19/11/2023";"01:56:00";"23";"Acidente s";"415";"BR-386/RS";"Norte";"Saída de pista";1;0;0;0;0;0;0;0;0;0;1;0;0;0;0
"19/11/2023";"07:16:00";"54";"Atropelame";"66";"BR-290/RS";"Leste";"Atropelamento - Esportista";1;0;0;0;0;0;0;0;0;0;0;0;2;0;0
"19/11/2023";"11:50:00";"120";"Acidente s";"19";"BR-290/RS";"Leste";"Choque - Meio Fio";1;0;0;0;0;0;0;0;0;0;2;0;0;0;0
"19/11/2023";"12:14:00";"121";"Acidente s";"96";"BR-290/RS";"Oeste";"Colisão - Traseira";2;0;0;0;0;0;0;0;0;0;4;0;0;0;0
"20/11/2023";"06:56:00";"73";"Acidente s";"92";"BR-290/RS";"Leste";"Colisão - Lateral";2;0;0;0;0;0;0;0;0;0;2;0;0;0;0
"20/11/2023";"09:20:00";"170";"Acidente s";"74";"BR-290/RS";"Leste";"Choque Defensa";1;0;0;0;0;0;0;0;0;0;2;0;0;0;0
"20/11/2023";"10:34:00";"205";"Acidente c";"214";"BR-386/RS";"Sul";"Colisão - Lateral";1;0;1;0;0;0;0;0;0;0;1;1;0;0;0
"20/11/2023";"10:40:00";"207";"Acidente c";"315";"BR-386/RS";"Sul";"Choque Barreira";1;0;0;0;0;0;0;0;0;0;0;0;1;0;0
"20/11/2023";"01:25:00";"262";"Acidente s";"29";"BR-290/RS";"Leste";"Saída de pista";1;0;0;0;0;0;0;0;0;0;1;0;0;0;0
"20/11/2023";"01:27:00";"263";"Acidente s";"22";"BR-101/RS";"Norte";"Colisão - Lateral";1;0;1;0;0;0;0;0;0;0;2;0;0;0;0
"20/11/2023";"01:45:00";"269";"Acidente s";"273";"BR-386/RS";"Norte";"Tombamento";0;0;1;0;0;0;0;0;0;0;1;0;0;0;0
"20/11/2023";"03:35:00";"292";"Acidente s";"47";"BR-101/RS";"Sul";"Colisão - Traseira";0;0;2;0;0;0;0;0;0;0;2;0;0;0;0
"20/11/2023";"03:43:00";"295";"Acidente c";"233";"BR-386/RS";"Norte";"Saída de pista";0;0;1;0;0;0;0;0;0;0;0;0;0;0;1
"20/11/2023";"04:00:00";"298";"Acidente s";"371";"BR-386/RS";"Sul";"Colisão - Traseira";2;0;0;0;0;0;0;0;0;0;3;0;0;0;0
"20/11/2023";"05:21:00";"312";"Acidente s";"317";"BR-386/RS";"Sul";"Saída de pista";0;0;1;0;0;0;0;0;0;0;1;0;0;0;0
"20/11/2023";"05:55:00";"319";"Acidente c";"351";"BR-386/RS";"Norte";"Colisão - Traseira";1;0;0;1;0;0;0;0;0;0;1;0;1;0;0
"20/11/2023";"06:46:00";"331";"Acidente s";"339";"BR-386/RS";"Ambos";"Colisão - Lateral";1;0;1;0;0;0;0;0;0;0;4;0;0;0;0
"20/11/2023";"09:06:00";"359";"Acidente s";"384";"BR-386/RS";"Sul";"Saída de pista";0;0;1;0;0;0;0;0;0;0;1;0;0;0;0
"21/11/2023";"07:24:00";"105";"Acidente s";"306";"BR-386/RS";"Norte";"Colisão - Lateral";0;0;2;0;0;0;0;0;0;0;2;0;0;0;0
"21/11/2023";"07:51:00";"126";"Acidente s";"260";"BR-386/RS";"Sul";"Colisão - Lateral";1;0;1;0;0;0;0;0;0;0;2;0;0;0;0
"21/11/2023";"04:15:00";"281";"Acidente s";"225";"BR-386/RS";"Norte";"Colisão - Traseira";2;0;0;0;0;0;0;0;0;0;2;0;0;0;0
"21/11/2023";"05:07:00";"293";"Acidente c";"306";"BR-386/RS";"Sul";"Saída de pista";0;0;1;0;0;0;0;0;0;0;0;0;1;0;0
"21/11/2023";"05:29:00";"297";"Acidente s";"91";"BR-290/RS";"Leste";"Colisão - Traseira";1;0;1;0;0;0;0;0;0;0;3;0;0;0;0
"21/11/2023";"05:37:00";"299";"Acidente s";"185";"BR-386/RS";"Norte";"Capotamento";1;0;0;0;0;0;0;0;0;0;1;0;0;0;0
"21/11/2023";"11:07:00";"352";"Acidente c";"20";"BR-448/RS";"Sul";"Choque Barreira";1;0;0;0;0;0;0;0;0;0;0;1;0;0;0
"21/11/2023";"11:21:00";"353";"Acidente s";"372";"BR-386/RS";"Norte";"Choque Defensa";1;0;0;0;0;0;0;0;0;0;1;0;0;0;0
"22/11/2023";"12:07:00";"1";"Acidente s";"307";"BR-386/RS";"Norte";"Atropelamento de Animal";0;0;1;0;0;0;0;0;0;0;1;0;0;0;0
"22/11/2023";"01:35:00";"223";"Acidente s";"411";"BR-386/RS";"Norte";"Colisão - Transversal";1;0;1;0;0;0;0;0;0;0;3;0;0;0;0
"22/11/2023";"02:38:00";"238";"Acidente s";"440";"BR-386/RS";"Norte";"Saída de pista";1;0;0;0;0;0;0;0;0;0;1;0;0;0;0
"23/11/2023";"03:22:00";"19";"Acidente s";"3";"BR-101/RS";"Norte";"Choque com objeto sobre a pista";0;0;1;0;0;0;0;0;0;0;2;0;0;0;0
"23/11/2023";"07:27:00";"63";"Acidente s";"333";"BR-386/RS";"Sul";"Queda de moto";0;0;0;1;0;0;0;0;0;0;2;0;0;0;0
"23/11/2023";"08:17:00";"104";"Acidente s";"426";"BR-386/RS";"Sul";"Colisão - Traseira";0;0;2;0;0;0;0;0;0;0;3;0;0;0;0
"23/11/2023";"08:55:00";"129";"Acidente s";"91";"BR-290/RS";"Leste";"Colisão - Lateral";2;0;0;0;0;0;0;0;0;0;2;0;0;0;0
"23/11/2023";"10:52:00";"172";"Acidente s";"88";"BR-290/RS";"Oeste";"Colisão - Lateral";1;0;1;0;0;0;0;0;0;0;2;0;0;0;0
"23/11/2023";"01:29:00";"205";"Acidente s";"350";"BR-386/RS";"Norte";"Colisão - Traseira";2;0;0;0;0;0;0;0;0;0;2;0;0;0;0
"24/11/2023";"12:02:00";"2";"Acidente c";"282";"BR-386/RS";"Sul";"Saída de pista";1;0;0;0;0;0;0;0;0;0;1;1;0;0;0
"24/11/2023";"06:10:00";"33";"Acidente c";"349";"BR-386/RS";"Norte";"Colisão - Traseira";1;0;0;1;0;0;0;0;0;0;1;1;0;0;0
"24/11/2023";"08:05:00";"109";"Acidente s";"343";"BR-386/RS";"Sul";"Colisão - Traseira";2;0;0;0;0;0;0;0;0;0;3;0;0;0;0
"24/11/2023";"08:06:00";"110";"Acidente s";"92";"BR-290/RS";"Oeste";"Engavetamento";3;0;0;0;0;0;0;0;0;0;3;0;0;0;0
"24/11/2023";"03:27:00";"233";"Acidente s";"19";"BR-101/RS";"Sul";"Colisão - Transversal";2;0;0;0;0;0;0;0;0;0;2;0;0;0;0
"24/11/2023";"05:57:00";"271";"Acidente s";"21";"BR-448/RS";"Sul";"Colisão - Traseira";1;0;1;0;0;0;0;0;0;0;2;0;0;0;0
"24/11/2023";"07:02:00";"288";"Acidente c";"86";"BR-290/RS";"Oeste";"Colisão - Traseira";1;0;0;1;0;0;0;0;0;0;0;1;0;0;0
"25/11/2023";"12:15:00";"2";"Acidente s";"399";"BR-386/RS";"Norte";"Choque Talude";1;0;0;0;0;0;0;0;0;0;3;0;0;0;0
"25/11/2023";"01:30:00";"7";"Acidente s";"247";"BR-386/RS";"Norte";"Atropelamento de Animal";1;0;0;0;0;0;0;0;0;0;3;0;0;0;0
"25/11/2023";"06:09:00";"35";"Acidente s";"94";"BR-290/RS";"Oeste";"Choque Barreira";0;0;1;0;0;0;0;0;0;0;1;0;0;0;0
"25/11/2023";"06:27:00";"42";"Acidente s";"54";"BR-290/RS";"Oeste";"Capotamento";1;0;0;0;0;0;0;0;0;0;2;0;0;0;0
"25/11/2023";"09:08:00";"111";"Acidente s";"84";"BR-101/RS";"Norte";"Colisão - Traseira";2;0;0;0;0;0;0;0;0;0;3;0;0;0;0
"25/11/2023";"09:36:00";"119";"Acidente s";"343";"BR-386/RS";"Sul";"Colisão - Traseira";2;0;0;0;0;0;0;0;0;0;2;0;0;0;0
"25/11/2023";"09:49:00";"121";"Acidente s";"439";"BR-386/RS";"Sul";"Colisão - Traseira";2;0;0;0;0;0;0;0;0;0;2;0;0;0;0
"25/11/2023";"11:05:00";"137";"Acidente s";"242";"BR-386/RS";"Norte";"Colisão - Traseira";1;0;1;0;0;0;0;0;0;0;2;0;0;0;0
"25/11/2023";"12:13:00";"154";"Acidente c";"83";"BR-290/RS";"Oeste";"Queda de moto";0;0;0;1;0;0;0;0;0;0;0;0;1;0;0
"25/11/2023";"12:35:00";"158";"Acidente s";"21";"BR-448/RS";"Sul";"Choque Barreira";1;0;0;0;0;0;0;0;0;0;5;0;0;0;0
"25/11/2023";"01:21:00";"165";"Acidente c";"14";"BR-101/RS";"Sul";"Colisão - Traseira";0;0;0;1;0;0;0;0;0;0;0;0;1;0;0
"25/11/2023";"03:36:00";"189";"Acidente s";"435";"BR-386/RS";"Sul";"Colisão - Lateral";2;0;0;0;0;0;0;0;0;0;3;0;0;0;0
"25/11/2023";"05:01:00";"205";"Acidente s";"73";"BR-290/RS";"Oeste";"Atropelamento de Animal";1;0;0;0;0;0;0;0;0;0;1;0;0;0;0
"25/11/2023";"05:42:00";"210";"Acidente s";"371";"BR-386/RS";"Sul";"Colisão - Traseira";2;0;0;0;0;0;0;0;0;0;7;0;0;0;0
"25/11/2023";"08:47:00";"236";"Acidente s";"426";"BR-386/RS";"Sul";"Colisão - Lateral";1;0;1;0;0;0;0;0;0;0;5;0;0;0;0
"26/11/2023";"04:45:00";"24";"Acidente s";"440";"BR-386/RS";"Sul";"Choque - Poste";1;0;0;0;0;0;0;0;0;0;1;0;0;0;0
"26/11/2023";"11:23:00";"107";"Acidente s";"80";"BR-290/RS";"Oeste";"Saída de pista";1;0;0;0;0;0;0;0;0;0;1;0;0;0;0
"26/11/2023";"03:40:00";"153";"Acidente s";"227";"BR-386/RS";"Norte";"Colisão - Lateral";2;0;0;0;0;0;0;0;0;0;4;0;0;0;0
"26/11/2023";"06:53:00";"208";"Acidente s";"76";"BR-290/RS";"Oeste";"Saída de pista";1;0;0;0;0;0;0;0;0;0;2;0;0;0;0
"27/11/2023";"02:30:00";"17";"Acidente s";"86";"BR-290/RS";"Leste";"Saída de pista";1;0;0;0;0;0;0;0;0;0;1;0;0;0;0
"27/11/2023";"03:21:00";"19";"Acidente s";"59";"BR-101/RS";"Sul";"Tombamento";0;0;1;0;0;0;0;0;0;0;1;0;0;0;0
"27/11/2023";"03:19:00";"249";"Acidente s";"22";"BR-101/RS";"Ambos";"Queda de moto";0;0;0;1;0;0;0;0;0;0;1;0;0;0;0
"27/11/2023";"05:12:00";"274";"Acidente s";"435";"BR-386/RS";"Norte";"Colisão - Traseira";1;0;1;0;0;0;0;0;0;0;3;0;0;0;0
"27/11/2023";"08:58:00";"314";"Acidente s";"86";"BR-290/RS";"Oeste";"Choque Defensa";1;0;0;0;0;0;0;0;0;0;1;0;0;0;0
"28/11/2023";"06:52:00";"45";"Acidente c";"265";"BR-386/RS";"Norte";"Saída de pista";1;0;0;0;0;0;0;0;0;0;2;2;0;0;0
"28/11/2023";"07:49:00";"68";"Acidente s";"35";"BR-290/RS";"Oeste";"Queda de moto";0;0;0;1;0;0;0;0;0;0;1;0;0;0;0
"28/11/2023";"07:53:00";"71";"Acidente s";"387";"BR-386/RS";"Sul";"Colisão - Traseira";2;0;0;0;0;0;0;0;0;0;3;0;0;0;0
"28/11/2023";"08:17:00";"83";"Acidente s";"19";"BR-290/RS";"Oeste";"Saída de pista";1;0;0;0;0;0;0;0;0;0;1;0;0;0;0
"28/11/2023";"08:42:00";"95";"Acidente c";"18";"BR-448/RS";"Sul";"Engavetamento";3;0;0;0;0;0;0;0;0;0;2;1;0;0;0
"28/11/2023";"09:12:00";"101";"Acidente c";"77";"BR-290/RS";"Leste";"Choque Barreira";1;0;0;0;0;0;0;0;0;0;0;1;0;0;0
"28/11/2023";"09:30:00";"119";"Acidente s";"77";"BR-290/RS";"Oeste";"Choque com objeto sobre a pista";1;0;0;0;0;0;0;0;0;0;1;0;0;0;0
"28/11/2023";"12:02:00";"136";"Acidente s";"391";"BR-386/RS";"Sul";"Colisão - Traseira";2;0;0;0;0;0;0;0;0;0;2;0;0;0;0
"28/11/2023";"12:24:00";"141";"Acidente s";"79";"BR-101/RS";"Norte";"Saída de pista";1;0;0;0;0;0;0;0;0;0;2;0;0;0;0
"28/11/2023";"12:43:00";"145";"Acidente s";"94";"BR-290/RS";"Oeste";"Choque Barreira";1;0;0;0;0;0;0;0;0;0;2;0;0;0;0
"28/11/2023";"12:55:00";"149";"Acidente c";"1";"BR-290/RS";"Leste";"Saída de pista";1;0;0;0;0;0;0;0;0;0;0;2;0;0;0
"28/11/2023";"01:27:00";"156";"Acidente s";"94";"BR-290/RS";"Oeste";"Colisão - Traseira";2;0;0;0;0;0;0;0;0;0;2;0;0;0;0
"28/11/2023";"01:38:00";"158";"Acidente s";"346";"BR-386/RS";"Sul";"Saída de pista";1;0;0;0;0;0;0;0;0;0;1;0;0;0;0
"28/11/2023";"03:53:00";"185";"Acidente s";"415";"BR-386/RS";"Sul";"Colisão - Lateral";1;0;0;0;0;0;0;0;0;0;1;0;0;0;0
"28/11/2023";"03:57:00";"186";"Acidente s";"426";"BR-386/RS";"Sul";"Queda de moto";0;0;0;1;0;0;0;0;0;0;2;0;0;0;0
"28/11/2023";"04:51:00";"195";"Acidente s";"10";"BR-448/RS";"Norte";"Saída de pista";1;0;0;0;0;0;0;0;0;0;1;0;0;0;0
"28/11/2023";"05:51:00";"206";"Acidente s";"92";"BR-290/RS";"Leste";"Colisão - Lateral";1;0;1;0;0;0;0;0;0;0;2;0;0;0;0
"28/11/2023";"07:29:00";"221";"Acidente c";"22";"BR-448/RS";"Norte";"Choque Barreira";1;0;0;0;0;0;0;0;0;0;3;0;1;0;0
"29/11/2023";"06:11:00";"25";"Acidente s";"74";"BR-290/RS";"Leste";"Choque com objeto sobre a pista";0;0;2;0;0;0;0;0;0;0;2;0;0;0;0
"29/11/2023";"10:57:00";"173";"Acidente s";"293";"BR-386/RS";"Sul";"Colisão - Lateral";1;0;1;0;0;0;0;0;0;0;5;0;0;0;0
"29/11/2023";"05:45:00";"288";"Acidente s";"19";"BR-290/RS";"Leste";"Choque Praça - Cabine";0;0;1;0;0;0;0;0;0;0;2;0;0;0;0
"29/11/2023";"06:10:00";"291";"Acidente s";"79";"BR-290/RS";"Leste";"Colisão - Lateral";1;0;1;0;0;0;0;0;0;0;3;0;0;0;0
"29/11/2023";"06:18:00";"293";"Acidente s";"353";"BR-386/RS";"Norte";"Colisão - Traseira";2;0;0;1;0;0;0;0;0;0;3;0;0;0;0
"29/11/2023";"06:24:00";"295";"Acidente c";"5";"BR-448/RS";"Norte";"Choque Barreira";0;0;0;1;0;0;0;0;0;0;0;0;0;1;0
"29/11/2023";"09:42:00";"330";"Acidente s";"35";"BR-101/RS";"Sul";"Choque - Meio Fio";0;0;1;0;0;0;0;0;0;0;1;0;0;0;0
"29/11/2023";"11:17:00";"337";"Acidente s";"44";"BR-101/RS";"Sul";"Choque Barreira";1;0;0;0;0;0;0;0;0;0;2;0;0;0;0
"30/11/2023";"12:36:00";"2";"Acidente s";"64";"BR-101/RS";"Sul";"Colisão - Traseira";1;0;1;0;0;0;0;0;0;0;2;0;0;0;0
"30/11/2023";"03:43:00";"18";"Acidente s";"57";"BR-101/RS";"Norte";"Saída de pista";0;0;1;0;0;0;0;0;0;0;1;0;0;0;0
"30/11/2023";"03:54:00";"19";"Acidente s";"12";"BR-101/RS";"Norte";"Atropelamento de Animal";0;0;1;0;0;0;0;0;0;0;1;0;0;0;0
"30/11/2023";"07:01:00";"51";"Acidente s";"341";"BR-386/RS";"Sul";"Engavetamento";2;0;1;0;0;0;0;0;0;0;3;0;0;0;0
"30/11/2023";"08:33:00";"125";"Acidente s";"254";"BR-386/RS";"Norte";"Tombamento";0;0;1;0;0;0;0;0;0;0;1;0;0;0;0
"30/11/2023";"03:48:00";"259";"Acidente s";"351";"BR-386/RS";"Norte";"Colisão - Lateral";1;0;1;0;0;0;0;0;0;0;2;0;0;0;0
"30/11/2023";"04:28:00";"270";"Acidente s";"351";"BR-386/RS";"Norte";"Colisão - Lateral";1;0;1;0;0;0;0;0;0;0;2;0;0;0;0
"30/11/2023";"07:34:00";"310";"Acidente c";"385";"BR-386/RS";"Sul";"Colisão - Transversal";1;0;0;1;0;0;0;0;0;0;1;0;0;1;0
"30/11/2023";"08:54:00";"335";"Acidente s";"420";"BR-386/RS";"Norte";"Choque Defensa";1;0;0;0;0;0;0;0;0;0;3;0;0;0;0
"30/11/2023";"09:51:00";"349";"Acidente c";"346";"BR-386/RS";"Norte";"Queda de moto";0;0;0;1;0;0;0;0;0;0;0;1;0;0;0
"30/11/2023";"09:52:00";"350";"Acidente s";"420";"BR-386/RS";"Sul";"Colisão - Lateral";1;0;1;0;0;0;0;0;0;0;2;0;0;0;0
"01/12/2023";"12:05:00";"1";"Acidente s";"408";"BR-386/RS";"Norte";"Colisão - Traseira";0;0;0;0;0;0;0;0;0;2;2;0;0;0;0
"01/12/2023";"09:56:00";"151";"Acidente c";"242.6";"BR-386/RS";"Sul";"Colisão - Frontal";1;0;0;0;0;0;0;1;0;0;0;0;4;0;0
"01/12/2023";"02:28:00";"216";"Acidente c";"7";"BR-101/RS";"Norte";"Colisão - Lateral";2;0;0;0;0;0;0;0;0;0;2;0;1;0;0
"01/12/2023";"06:12:00";"291";"Acidente s";"255";"BR-386/RS";"Sul";"Queda de ribanceira";1;0;0;0;0;0;0;0;0;0;1;0;0;0;0
"01/12/2023";"06:17:00";"292";"Acidente s";"243";"BR-386/RS";"Sul";"Colisão - Traseira";1;0;0;0;0;0;0;0;0;1;4;0;0;0;0
"01/12/2023";"09:08:00";"340";"Acidente c";"240";"BR-386/RS";"Sul";"Queda de moto";0;0;0;1;0;0;0;0;0;0;1;1;0;0;0
"01/12/2023";"10:29:00";"348";"Acidente s";"413";"BR-386/RS";"Norte";"Colisão - Lateral";1;0;0;0;0;0;0;0;0;1;1;0;0;0;0
"01/12/2023";"11:34:00";"356";"Acidente s";"74.223";"BR-101/RS";"Norte";"Colisão - Lateral";1;0;0;0;0;0;0;0;0;1;5;0;0;0;0
"01/12/2023";"11:48:00";"359";"Acidente s";"410";"BR-386/RS";"Norte";"Queda de ribanceira";1;0;0;0;0;0;0;0;0;0;1;0;0;0;0
"02/12/2023";"08:05:00";"85";"Acidente c";"71";"BR-290/RS";"Oeste";"Queda de moto";0;0;0;1;0;0;0;0;0;0;0;2;0;0;0
"02/12/2023";"09:14:00";"111";"Acidente s";"209";"BR-386/RS";"Norte";"Engavetamento";3;0;0;0;0;0;0;0;0;0;8;0;0;0;0
"02/12/2023";"12:49:00";"157";"Acidente s";"68";"BR-290/RS";"Leste";"Saída de pista";0;0;0;0;0;0;0;0;0;1;1;0;0;0;0
"02/12/2023";"02:40:00";"177";"Acidente s";"417";"BR-386/RS";"Norte";"Choque Defensa";1;0;0;0;0;0;0;0;0;0;2;0;0;0;0
"02/12/2023";"05:01:00";"212";"Acidente s";"70";"BR-290/RS";"Leste";"Saída de pista";1;0;0;0;0;0;0;0;0;0;1;0;0;0;0
"02/12/2023";"05:07:00";"214";"Acidente s";"410";"BR-386/RS";"Norte";"Saída de pista";1;0;0;0;0;0;0;0;0;0;3;0;0;0;0
"02/12/2023";"05:19:00";"217";"Acidente c";"301.212";"BR-386/RS";"Sul";"Saída de pista";1;0;0;0;0;0;0;0;0;0;0;2;0;0;0
"02/12/2023";"06:17:00";"227";"Acidente s";"392";"BR-386/RS";"Sul";"Saída de pista";1;0;0;0;0;0;0;0;0;0;5;0;0;0;0
"02/12/2023";"06:38:00";"229";"Acidente s";"5";"BR-101/RS";"Ambos";"Choque Barreira";0;0;0;0;0;0;0;0;0;1;1;0;0;0;0
"02/12/2023";"06:55:00";"232";"Acidente s";"9";"BR-448/RS";"Norte";"Saída de pista";1;0;0;0;0;0;0;0;0;0;2;0;0;0;0
"02/12/2023";"09:31:00";"253";"Acidente s";"80";"BR-290/RS";"Leste";"Choque Barreira";1;0;0;0;0;0;0;0;0;0;1;0;0;0;0
"02/12/2023";"09:56:00";"259";"Acidente c";"69";"BR-290/RS";"Leste";"Colisão - Traseira";1;0;0;0;0;0;0;0;0;1;1;0;0;0;1
"03/12/2023";"03:35:00";"20";"Acidente s";"75";"BR-290/RS";"Leste";"Choque Defensa";1;0;0;0;0;0;0;0;0;0;1;0;0;0;0
"03/12/2023";"03:37:00";"23";"Acidente c";"341";"BR-386/RS";"Sul";"Queda de moto";0;0;0;1;0;0;0;0;0;0;0;0;0;1;0
"03/12/2023";"04:49:00";"28";"Acidente s";"360";"BR-386/RS";"Norte";"Capotamento";1;0;0;0;0;0;0;0;0;0;1;0;0;0;0
"03/12/2023";"09:17:00";"66";"Acidente c";"349.12";"BR-386/RS";"Sul";"Queda de moto";0;0;0;1;0;0;0;0;0;0;0;1;0;0;0
"03/12/2023";"10:45:00";"85";"Acidente s";"1";"BR-290/RS";"Leste";"Choque Defensa";1;0;0;0;0;0;0;0;0;0;1;0;0;0;0
"03/12/2023";"10:54:00";"87";"Acidente c";"429";"BR-386/RS";"Sul";"Colisão - Frontal";2;0;0;0;0;0;0;0;0;0;2;1;0;0;0
"03/12/2023";"12:57:00";"106";"Acidente s";"84";"BR-101/RS";"Sul";"Colisão - Lateral";2;0;0;0;0;0;0;0;0;0;7;0;0;0;0
"03/12/2023";"03:27:00";"128";"Acidente s";"86";"BR-290/RS";"Leste";"Choque - Meio Fio";1;0;0;0;0;0;0;0;0;0;2;0;0;0;0
"03/12/2023";"06:08:00";"159";"Acidente s";"403";"BR-386/RS";"Sul";"Saída de pista";1;0;0;0;0;0;0;0;0;0;1;0;0;0;0
"03/12/2023";"07:35:00";"174";"Acidente c";"287";"BR-386/RS";"Sul";"Colisão - Frontal";1;0;0;0;0;0;0;1;0;0;1;0;2;2;0
"03/12/2023";"07:52:00";"179";"Acidente s";"42";"BR-290/RS";"Oeste";"Saída de pista";1;0;0;0;0;0;0;0;0;0;4;0;0;0;0
"03/12/2023";"08:48:00";"194";"Acidente s";"281";"BR-386/RS";"Norte";"Saída de pista";1;0;0;0;0;0;0;0;0;0;1;0;0;0;0
"03/12/2023";"09:13:00";"198";"Acidente s";"91";"BR-290/RS";"Oeste";"Choque Defensa";1;0;0;0;0;0;0;0;0;0;3;0;0;0;0
"03/12/2023";"11:56:00";"221";"Acidente s";"19.515";"BR-290/RS";"Oeste";"Capotamento";1;0;0;0;0;0;0;0;0;0;1;0;0;0;0
"04/12/2023";"08:58:00";"111";"Acidente s";"349.15";"BR-386/RS";"Sul";"Colisão - Traseira";2;0;0;0;0;0;0;0;0;0;2;0;0;0;0
"04/12/2023";"09:41:00";"135";"Acidente s";"308.3";"BR-386/RS";"Norte";"Choque - Poste";0;0;0;0;0;0;0;1;0;0;1;0;0;0;0
"04/12/2023";"09:51:00";"137";"Acidente s";"31";"BR-101/RS";"Norte";"Saída de pista";1;0;0;0;0;0;0;0;0;0;2;0;0;0;0
"04/12/2023";"11:32:00";"164";"Atropelame";"17";"BR-290/RS";"Leste";"Atropelamento - Funcionário";2;0;0;0;0;0;0;0;0;0;2;0;0;1;0
"04/12/2023";"04:15:00";"222";"Acidente s";"235";"BR-386/RS";"Norte";"Queda de moto";0;0;0;1;0;0;0;0;0;0;1;0;0;0;0
"04/12/2023";"04:20:00";"224";"Acidente s";"43";"BR-101/RS";"Sul";"Queda de moto";0;0;0;1;0;0;0;0;0;0;1;0;0;0;0
"04/12/2023";"07:32:00";"256";"Acidente s";"65.515";"BR-290/RS";"Leste";"Saída de pista";1;0;0;0;0;0;0;0;0;0;1;0;0;0;0
"04/12/2023";"07:41:00";"259";"Acidente s";"245";"BR-386/RS";"Ambos";"Choque com veículo no acostamento";2;0;0;0;0;0;0;0;0;0;2;0;0;0;0
"05/12/2023";"07:31:00";"69";"Acidente c";"236";"BR-386/RS";"Norte";"Saída de pista";1;0;0;0;0;0;0;0;0;0;0;1;0;0;0