data;horario;n_da_ocorrencia;tipo_de_ocorrencia;km;trecho;sentido;tipo_de_acidente;automovel;bicicleta;caminhao;moto;onibus;outros;tracao_animal;transporte_de_cargas_especiais;trator_maquinas;utilitarios;ilesos;levemente_feridos;moderadamente_feridos;gravemente_feridos;mortos
"22/12/2023";"08:11:00";"317";"Acidente s";"373";"BR-386/RS";"Sul";"Colisão - Lateral";1;0;1;0;0;0;0;0;0;0;5;0;0;0;0
"22/12/2023";"09:45:00";"341";"Acidente c";"442";"BR-386/RS";"Norte";"Colisão - Lateral";1;0;0;1;0;0;0;0;0;0;1;0;1;0;0
"22/12/2023";"11:11:00";"363";"Acidente s";"19";"BR-290/RS";"Oeste";"Colisão - Traseira";2;0;0;0;0;0;0;0;0;0;4;0;0;0;0
"22/12/2023";"11:16:00";"365";"Acidente s";"220";"BR-386/RS";"Sul";"Capotamento";1;0;0;0;0;0;0;0;0;0;1;0;0;0;0
"22/12/2023";"11:52:00";"375";"Acidente s";"43";"BR-101/RS";"Sul";"Capotamento";1;0;0;0;1;0;0;0;0;0;3;0;0;0;0
"23/12/2023";"02:47:00";"16";"Acidente s";"7";"BR-101/RS";"Sul";"Saída de pista";1;0;0;0;0;0;0;0;0;0;1;0;0;0;0
"23/12/2023";"04:49:00";"29";"Acidente s";"340";"BR-386/RS";"Norte";"Choque Defensa";1;0;0;0;0;0;0;0;0;0;1;0;0;0;0
"23/12/2023";"05:55:00";"47";"Acidente s";"7.91";"BR-101/RS";"Norte";"Atropelamento de Animal";2;0;0;0;0;0;0;0;0;0;2;0;0;0;0
"23/12/2023";"08:28:00";"94";"Acidente c";"250.8";"BR-386/RS";"Norte";"Engavetamento";3;0;0;0;0;0;0;0;0;0;7;1;0;0;0
"23/12/2023";"08:32:00";"96";"Acidente s";"180.1";"BR-386/RS";"Norte";"Colisão - Traseira";2;0;0;0;0;0;0;0;0;0;6;0;0;0;0
"23/12/2023";"09:19:00";"108";"Acidente s";"92";"BR-290/RS";"Oeste";"Choque - Meio Fio";1;0;0;0;0;0;0;0;0;0;1;0;0;0;0
"23/12/2023";"10:59:00";"152";"Acidente s";"265";"BR-386/RS";"Sul";"Colisão - Traseira";2;0;0;0;0;0;0;0;0;0;5;0;0;0;0
"23/12/2023";"11:03:00";"156";"Acidente s";"346.45";"BR-386/RS";"Norte";"Engavetamento";3;0;0;0;0;0;0;0;0;0;4;0;0;0;0
"23/12/2023";"11:06:00";"157";"Acidente s";"264";"BR-386/RS";"Norte";"Colisão - Traseira";2;0;0;0;0;0;0;0;0;0;9;0;0;0;0
"23/12/2023";"12:55:00";"197";"Acidente s";"94";"BR-290/RS";"Oeste";"Choque Defensa";0;0;0;0;0;0;0;0;0;1;1;0;0;0;0
"23/12/2023";"04:40:00";"263";"Atropelame";"210";"BR-386/RS";"Norte";"Atropelamento de Animal";1;0;0;0;0;0;0;0;0;0;1;0;0;0;0
"23/12/2023";"05:47:00";"286";"Acidente c";"26";"BR-290/RS";"Leste";"Colisão - Traseira";1;0;0;0;0;0;0;0;0;1;3;1;0;0;0
"23/12/2023";"06:40:00";"308";"Acidente c";"305";"BR-386/RS";"Sul";"Colisão - Traseira";1;0;0;0;0;0;0;1;0;0;4;2;0;0;0
"23/12/2023";"08:47:00";"337";"Acidente s";"72.907";"BR-101/RS";"Sul";"Saída de pista";1;0;0;0;0;0;0;0;0;0;2;0;0;0;0
"23/12/2023";"09:22:00";"342";"Acidente s";"4.326";"BR-290/RS";"Oeste";"Choque Barreira";1;0;0;0;0;0;0;0;0;0;1;0;0;0;0
"23/12/2023";"10:58:00";"364";"Acidente s";"24";"BR-290/RS";"Leste";"Saída de pista";1;0;0;0;0;0;0;0;0;0;1;0;0;0;0
"24/12/2023";"04:13:00";"24";"Acidente c";"221.3";"BR-386/RS";"Norte";"Colisão - Frontal";3;0;0;0;0;0;0;0;0;0;3;1;2;0;0
"24/12/2023";"04:45:00";"28";"Acidente c";"220.8";"BR-386/RS";"Norte";"Engavetamento";3;0;0;0;0;0;0;0;0;0;4;1;1;0;0
"24/12/2023";"04:55:00";"30";"Acidente s";"82.292";"BR-290/RS";"Leste";"Colisão - Traseira";2;0;0;0;0;0;0;0;0;0;3;0;0;0;0
"24/12/2023";"05:32:00";"38";"Acidente s";"413.8";"BR-386/RS";"Sul";"Colisão - Lateral";1;0;0;0;0;0;0;0;0;1;5;0;0;0;0
"24/12/2023";"06:47:00";"52";"Acidente c";"248";"BR-386/RS";"Norte";"Choque - Pilar";1;0;0;0;0;0;0;0;0;0;0;2;0;0;0
"24/12/2023";"07:45:00";"59";"Acidente c";"417.45";"BR-386/RS";"Sul";"Queda de moto";0;0;0;1;0;0;0;0;0;0;0;1;0;0;0
"24/12/2023";"08:27:00";"66";"Acidente s";"279.1";"BR-386/RS";"Sul";"Saída de pista";1;0;0;0;0;0;0;0;0;0;2;0;0;0;0
"24/12/2023";"10:19:00";"82";"Acidente s";"67";"BR-101/RS";"Norte";"Colisão - Lateral";1;0;0;0;0;0;0;1;0;0;6;0;0;0;0
"24/12/2023";"03:19:00";"139";"Acidente s";"306.6";"BR-386/RS";"Norte";"Choque Defensa";1;0;0;0;0;0;0;0;0;0;1;0;0;0;0
"24/12/2023";"11:44:00";"204";"Acidente s";"41";"BR-290/RS";"Oeste";"Choque Defensa";1;0;0;0;0;0;0;0;0;0;1;0;0;0;0
"25/12/2023";"07:18:00";"28";"Acidente s";"19";"BR-290/RS";"Leste";"Colisão - Traseira";2;0;0;0;0;0;0;0;0;0;4;0;0;0;0
"25/12/2023";"09:37:00";"49";"Acidente c";"208.08";"BR-386/RS";"Norte";"Queda de Ponte/Viaduto";1;0;0;0;0;0;0;0;0;0;0;2;0;0;0
"25/12/2023";"11:25:00";"65";"Acidente c";"414.01";"BR-386/RS";"Sul";"Colisão - Traseira";1;0;0;1;0;0;0;0;0;0;3;1;0;0;0
"25/12/2023";"11:53:00";"73";"Acidente c";"89";"BR-290/RS";"Oeste";"Queda de moto";0;0;0;1;0;0;0;0;0;0;1;1;0;0;0
"25/12/2023";"12:26:00";"78";"Acidente c";"95";"BR-290/RS";"Oeste";"Queda de moto";0;0;0;1;0;0;0;0;0;0;0;2;0;0;0
"25/12/2023";"01:14:00";"93";"Acidente c";"216.4";"BR-386/RS";"Norte";"Colisão - Transversal";2;0;0;0;0;0;0;0;0;0;2;2;0;0;0
"25/12/2023";"01:38:00";"101";"Acidente s";"75";"BR-290/RS";"Oeste";"Saída de pista";1;0;0;0;0;0;0;0;0;0;3;0;0;0;0
"25/12/2023";"03:38:00";"132";"Acidente s";"10";"BR-290/RS";"Leste";"Saída de pista";1;0;0;0;0;0;0;0;0;0;1;0;0;0;0
"25/12/2023";"04:16:00";"144";"Acidente s";"98";"BR-290/RS";"Leste";"Saída de pista";1;0;0;0;0;0;0;0;0;0;1;0;0;0;0
"25/12/2023";"04:27:00";"148";"Acidente s";"401.1";"BR-386/RS";"Sul";"Saída de pista";1;0;0;0;0;0;0;0;0;0;4;0;0;0;0
"25/12/2023";"04:46:00";"157";"Acidente c";"22";"BR-290/RS";"Leste";"Engavetamento";3;0;0;0;0;0;0;0;0;0;6;1;0;0;0
"25/12/2023";"05:19:00";"167";"Acidente c";"307";"BR-386/RS";"Norte";"Colisão - Transversal";2;0;0;0;0;0;0;0;0;0;0;1;2;2;0
"25/12/2023";"05:35:00";"171";"Acidente s";"9.8";"BR-448/RS";"Norte";"Choque Defensa";1;0;0;0;0;0;0;0;0;0;1;0;0;0;0
"25/12/2023";"05:37:00";"175";"Acidente s";"75";"BR-101/RS";"Norte";"Saída de pista";1;0;0;0;0;0;0;0;0;0;1;0;0;0;0
"25/12/2023";"06:06:00";"182";"Acidente s";"24";"BR-290/RS";"Leste";"Colisão - Traseira";2;0;0;0;0;0;0;0;0;0;2;0;0;0;0
"25/12/2023";"06:32:00";"189";"Acidente s";"9";"BR-448/RS";"Sul";"Saída de pista";1;0;0;0;0;0;0;0;0;0;1;0;0;0;0
"26/12/2023";"06:37:00";"29";"Acidente c";"271.7";"BR-386/RS";"Sul";"Colisão - Frontal";1;0;0;0;0;0;0;1;0;0;1;0;0;0;2
"26/12/2023";"07:11:00";"49";"Acidente c";"271.7";"BR-386/RS";"Sul";"Choque com objeto sobre a pista";1;0;0;0;0;0;0;0;0;0;4;0;1;0;0
"26/12/2023";"07:31:00";"64";"Acidente s";"354";"BR-386/RS";"Norte";"Colisão - Traseira";1;0;0;0;0;0;0;0;0;1;3;0;0;0;0
"26/12/2023";"09:26:00";"121";"Acidente s";"273.2";"BR-386/RS";"Sul";"Colisão - Traseira";3;0;0;0;0;0;0;0;0;0;11;0;0;0;0
"26/12/2023";"09:47:00";"134";"Acidente s";"13";"BR-290/RS";"Leste";"Colisão - Traseira";3;0;0;0;0;0;0;0;0;0;8;0;0;0;0
"26/12/2023";"10:15:00";"155";"Acidente s";"425.9";"BR-386/RS";"Sul";"Colisão - Traseira";2;0;0;0;0;0;0;0;0;0;3;0;0;0;0
"26/12/2023";"11:02:00";"170";"Acidente c";"403";"BR-386/RS";"Sul";"Saída de pista";1;0;0;0;0;0;0;0;0;0;0;1;0;0;0
"26/12/2023";"11:48:00";"182";"Acidente s";"219";"BR-386/RS";"Norte";"Engavetamento";3;0;0;0;0;0;0;0;0;0;8;0;0;0;0
"26/12/2023";"11:57:00";"185";"Acidente s";"180";"BR-386/RS";"Norte";"Engavetamento";3;0;0;0;0;0;0;0;0;0;3;0;0;0;0
"26/12/2023";"12:03:00";"186";"Acidente s";"263";"BR-386/RS";"Norte";"Engavetamento";4;0;0;0;0;0;0;0;0;0;4;0;0;0;0
"26/12/2023";"12:05:00";"190";"Acidente c";"25";"BR-290/RS";"Leste";"Colisão - Traseira";2;0;0;0;0;0;0;0;0;0;9;1;0;0;0
"26/12/2023";"12:45:00";"204";"Acidente s";"24";"BR-290/RS";"Leste";"Colisão - Traseira";2;0;0;0;0;0;0;0;0;0;2;0;0;0;0
"26/12/2023";"12:54:00";"207";"Acidente s";"59";"BR-290/RS";"Oeste";"Saída de pista";1;0;0;0;0;0;0;0;0;0;1;0;0;0;0
"26/12/2023";"03:14:00";"259";"Acidente s";"269";"BR-386/RS";"Norte";"Colisão - Traseira";2;0;0;0;0;0;0;0;0;0;5;0;0;0;0
"26/12/2023";"05:23:00";"295";"Acidente s";"356.1";"BR-386/RS";"Sul";"Colisão - Traseira";2;0;0;0;0;0;0;0;0;0;3;0;0;0;0
"26/12/2023";"05:32:00";"298";"Acidente s";"53";"BR-290/RS";"Leste";"Queda de moto";0;0;0;1;0;0;0;0;0;0;1;0;0;0;0
"26/12/2023";"07:34:00";"328";"Acidente c";"246";"BR-386/RS";"Norte";"Colisão - Frontal";1;0;0;0;0;0;0;0;0;2;2;3;1;0;0
"26/12/2023";"11:11:00";"366";"Acidente s";"19";"BR-290/RS";"Leste";"Saída de pista";1;0;0;0;0;0;0;0;0;0;1;0;0;0;0
"27/12/2023";"05:27:00";"28";"Acidente s";"426";"BR-386/RS";"Sul";"Colisão - Traseira";0;0;0;1;0;0;0;0;0;1;2;0;0;0;0
"27/12/2023";"08:22:00";"113";"Acidente s";"25.9";"BR-290/RS";"Leste";"Saída de pista";1;0;0;0;0;0;0;0;0;0;3;0;0;0;0
"27/12/2023";"08:36:00";"118";"Acidente c";"51";"BR-101/RS";"Norte";"Queda de moto";0;0;0;1;0;0;0;0;0;0;0;0;2;0;0
"27/12/2023";"10:04:00";"159";"Acidente s";"348";"BR-386/RS";"Sul";"Engavetamento";3;0;0;0;0;0;0;0;0;0;3;0;0;0;0
"27/12/2023";"10:29:00";"168";"Acidente s";"330";"BR-386/RS";"Norte";"Colisão - Traseira";2;0;0;0;0;0;0;0;0;0;6;0;0;0;0
"27/12/2023";"11:25:00";"189";"Acidente c";"247";"BR-386/RS";"Sul";"Engavetamento";1;0;0;0;0;0;0;0;0;2;5;1;0;0;0
"27/12/2023";"11:28:00";"191";"Acidente s";"27";"BR-101/RS";"Norte";"Colisão - Traseira";2;0;0;0;0;0;0;0;0;0;8;0;0;0;0
"28/12/2023";"11:12:00";"163";"Acidente s";"22";"BR-290/RS";"Leste";"Colisão - Traseira";2;0;0;0;0;0;0;0;0;0;7;0;0;0;0
"28/12/2023";"11:25:00";"166";"Acidente s";"340";"BR-386/RS";"Sul";"Colisão - Traseira";2;0;0;0;0;0;0;0;0;0;7;0;0;0;0
"28/12/2023";"11:38:00";"171";"Acidente s";"91";"BR-290/RS";"Leste";"Saída de pista";1;0;0;0;0;0;0;0;0;0;1;0;0;0;0
"28/12/2023";"12:47:00";"192";"Acidente c";"33";"BR-290/RS";"Leste";"Colisão - Lateral";2;0;0;0;0;0;0;0;0;0;5;1;0;0;0
"28/12/2023";"03:04:00";"249";"Acidente s";"40";"BR-290/RS";"Leste";"Engavetamento";3;0;0;0;0;0;0;0;0;0;10;0;0;0;0
"28/12/2023";"04:37:00";"281";"Acidente s";"26";"BR-290/RS";"Leste";"Colisão - Traseira";2;0;0;0;0;0;0;0;0;0;2;0;0;0;0
"28/12/2023";"05:03:00";"288";"Acidente s";"9";"BR-101/RS";"Norte";"Colisão - Lateral";2;0;0;0;0;0;0;0;0;0;2;0;0;0;0
"28/12/2023";"07:17:00";"338";"Acidente c";"339";"BR-386/RS";"Norte";"Colisão - Transversal";1;0;1;0;0;0;0;0;0;0;1;0;1;0;0
"28/12/2023";"08:26:00";"356";"Acidente s";"14";"BR-290/RS";"Oeste";"Choque Defensa";1;0;0;0;0;0;0;0;0;0;1;0;0;0;0
"28/12/2023";"09:46:00";"373";"Acidente c";"53.183";"BR-101/RS";"Norte";"Colisão - Lateral";0;0;0;1;0;0;0;1;0;0;1;0;1;0;0
"29/12/2023";"07:34:00";"66";"Acidente c";"433";"BR-386/RS";"Norte";"Colisão - Frontal";1;0;0;0;0;0;0;0;0;1;11;2;0;0;0
"29/12/2023";"07:47:00";"70";"Acidente s";"18.7";"BR-448/RS";"Norte";"Saída de pista";1;0;0;0;0;0;0;0;0;0;1;0;0;0;0
"29/12/2023";"07:48:00";"71";"Acidente s";"433";"BR-386/RS";"Sul";"Colisão - Traseira";0;0;0;0;0;0;0;0;0;2;4;0;0;0;0
"29/12/2023";"07:58:00";"77";"Acidente c";"433";"BR-386/RS";"Norte";"Colisão - Traseira";2;0;0;0;0;0;0;0;0;1;3;2;0;0;0
"29/12/2023";"08:04:00";"81";"Acidente s";"34";"BR-290/RS";"Leste";"Saída de pista";1;0;0;0;0;0;0;0;0;0;1;0;0;0;0
"29/12/2023";"08:05:00";"80";"Acidente s";"338.35";"BR-386/RS";"Sul";"Colisão - Lateral";1;0;0;0;0;0;0;0;0;1;6;0;0;0;0
"29/12/2023";"08:30:00";"90";"Acidente s";"439";"BR-386/RS";"Norte";"Saída de pista";1;0;0;0;0;0;0;0;0;0;1;0;0;0;0
"29/12/2023";"08:52:00";"101";"Acidente c";"21";"BR-448/RS";"Sul";"Saída de pista";1;0;0;0;0;0;0;0;0;0;0;1;0;0;0
"29/12/2023";"08:56:00";"102";"Acidente s";"281.1";"BR-386/RS";"Norte";"Engavetamento";2;0;0;0;0;0;0;0;0;1;8;0;0;0;0
"29/12/2023";"09:12:00";"110";"Acidente c";"439";"BR-386/RS";"Sul";"Colisão - Lateral";1;0;0;0;0;0;0;0;0;1;1;1;0;0;0
"29/12/2023";"09:32:00";"116";"Acidente s";"22";"BR-448/RS";"Norte";"Saída de pista";1;0;0;0;0;0;0;0;0;0;1;0;0;0;0
"29/12/2023";"09:36:00";"120";"Acidente s";"338.25";"BR-386/RS";"Sul";"Engavetamento";3;0;0;0;0;0;0;0;0;0;14;0;0;0;0
"29/12/2023";"11:10:00";"152";"Acidente s";"306";"BR-386/RS";"Norte";"Saída de pista";1;0;0;0;0;0;0;0;0;0;2;0;0;0;0
"29/12/2023";"11:20:00";"154";"Acidente s";"307";"BR-386/RS";"Sul";"Saída de pista";1;0;0;0;0;0;0;0;0;0;1;0;0;0;0
"29/12/2023";"11:44:00";"158";"Acidente c";"415";"BR-386/RS";"Norte";"Capotamento";4;0;0;0;0;0;0;1;0;0;7;0;4;0;0
"29/12/2023";"12:41:00";"171";"Acidente c";"5.45";"BR-101/RS";"Norte";"Colisão - Frontal";2;0;0;0;0;0;0;0;0;0;2;1;0;0;0
"29/12/2023";"01:30:00";"180";"Acidente c";"3";"BR-290/RS";"Leste";"Queda de moto";0;0;0;1;0;0;0;0;0;0;0;1;0;0;0
"29/12/2023";"01:52:00";"188";"Acidente s";"299";"BR-386/RS";"Norte";"Saída de pista";1;0;0;0;0;0;0;0;0;0;2;0;0;0;0
"29/12/2023";"01:54:00";"189";"Acidente s";"352.45";"BR-386/RS";"Sul";"Choque Defensa";1;0;0;0;0;0;0;0;0;0;3;0;0;0;0
"29/12/2023";"03:22:00";"215";"Acidente s";"26";"BR-290/RS";"Leste";"Engavetamento";3;0;0;0;0;0;0;0;0;0;3;0;0;0;0
"29/12/2023";"04:11:00";"236";"Acidente s";"271.9";"BR-386/RS";"Norte";"Colisão - Lateral";2;0;0;0;0;0;0;0;0;1;7;0;0;0;0
"29/12/2023";"06:32:00";"292";"Acidente s";"82";"BR-290/RS";"Oeste";"Saída de pista";1;0;0;0;0;0;0;0;0;0;4;0;0;0;0
"29/12/2023";"10:14:00";"349";"Acidente c";"73";"BR-290/RS";"Leste";"Choque Defensa";0;0;0;1;0;0;0;0;0;0;0;0;1;0;0
"29/12/2023";"11:29:00";"369";"Acidente s";"210";"BR-386/RS";"Sul";"Colisão - Transversal";1;0;0;0;0;0;0;1;0;0;5;0;0;0;0
"30/12/2023";"12:08:00";"4";"Acidente c";"50";"BR-290/RS";"Leste";"Saída de pista";1;0;0;0;0;0;0;0;0;0;0;1;0;0;0
"30/12/2023";"04:44:00";"34";"Acidente s";"19";"BR-290/RS";"Leste";"Colisão - Lateral";2;0;0;0;0;0;0;0;0;0;5;0;0;0;0
"30/12/2023";"07:12:00";"69";"Acidente s";"87";"BR-290/RS";"Oeste";"Colisão - Lateral";1;0;0;0;0;0;0;1;0;0;2;0;0;0;0
"30/12/2023";"07:20:00";"72";"Acidente c";"28";"BR-290/RS";"Leste";"Colisão - Traseira";2;0;0;0;0;0;0;0;0;0;2;1;0;0;0
"30/12/2023";"07:38:00";"81";"Acidente s";"23";"BR-290/RS";"Leste";"Colisão - Traseira";2;0;0;0;0;0;0;0;0;0;2;0;0;0;0
"30/12/2023";"10:19:00";"154";"Acidente s";"272";"BR-386/RS";"Norte";"Colisão - Transversal";2;0;0;0;0;0;0;0;0;0;5;0;0;0;0
"30/12/2023";"11:21:00";"173";"Acidente s";"26";"BR-290/RS";"Leste";"Colisão - Traseira";2;0;0;0;0;0;0;0;0;0;3;0;0;0;0
"30/12/2023";"09:47:00";"320";"Acidente s";"64";"BR-290/RS";"Oeste";"Atropelamento de Animal";1;0;0;0;0;0;0;0;0;0;3;0;0;0;0
"31/12/2023";"01:37:00";"18";"Acidente s";"430";"BR-386/RS";"Norte";"Choque Barreira";1;0;0;0;0;0;0;0;0;0;1;0;0;0;0
"31/12/2023";"06:10:00";"42";"Acidente s";"26";"BR-290/RS";"Leste";"Saída de pista";1;0;0;0;0;0;0;0;0;0;1;0;0;0;0
"31/12/2023";"06:19:00";"43";"Acidente c";"24.37";"BR-290/RS";"Leste";"Colisão - Traseira";1;0;0;1;0;0;0;0;0;0;4;1;0;0;0
"31/12/2023";"09:01:00";"79";"Acidente s";"79";"BR-290/RS";"Leste";"Choque Barreira";1;0;0;0;0;0;0;0;0;0;1;0;0;0;0
"31/12/2023";"12:09:00";"116";"Acidente c";"27";"BR-290/RS";"Leste";"Queda de moto";0;0;0;1;0;0;0;0;0;0;0;2;0;0;0
"31/12/2023";"05:24:00";"178";"Acidente s";"241.05";"BR-386/RS";"Sul";"Saída de pista";1;0;0;0;0;0;0;0;0;0;1;0;0;0;0
"31/12/2023";"06:27:00";"193";"Acidente s";"76";"BR-290/RS";"Leste";"Queda de moto";0;0;0;1;0;0;0;0;0;0;2;0;0;0;0
"31/12/2023";"08:23:00";"211";"Acidente s";"309";"BR-386/RS";"Norte";"Capotamento";1;0;0;0;0;0;0;0;0;0;3;0;0;0;0
"01/01/2024";"02:18:11";"13";"Sem vítima";"270,000";"BR-386/RS";"Crescente";"Colisão frontal";0;0;0;0;0;0;0;0;0;0;4;0;0;0;0
"01/01/2024";"04:52:58";"29";"Sem vítima";"272,000";"BR-386/RS";"Decrescente";"Acidentes de outra natureza";0;0;0;0;0;0;0;0;0;0;0;0;0;0;0
"01/01/2024";"05:23:54";"32";"Sem vítima";"367,000";"BR-386/RS";"Decrescente";"Choque";0;0;0;0;0;0;0;0;0;0;1;0;0;0;0
"01/01/2024";"12:46:54";"141";"Com vítima";"436,800";"BR-386/RS";"Decrescente";"Queda de moto";0;0;0;0;0;0;0;0;0;0;0;0;0;0;0
"01/01/2024";"12:54:05";"142";"Sem vítima";"5,000";"BR-290/RS";"Crescente";"Colisão traseira";0;0;0;0;0;0;0;0;0;0;0;0;0;0;0
"01/01/2024";"01:29:15";"158";"Sem vítima";"87,000";"BR-101/RS";"Crescente";"Engavetamento";0;0;0;0;0;0;0;0;0;0;3;0;0;0;0
"01/01/2024";"02:11:19";"170";"Sem vítima";"87,000";"BR-101/RS";"Crescente";"Colisão traseira";0;0;0;0;0;0;0;0;0;0;0;0;0;0;0
"01/01/2024";"02:45:03";"185";"Sem vítima";"17,000";"BR-290/RS";"Crescente";"Colisão traseira";0;0;0;0;0;0;0;0;0;0;0;0;0;0;0
"01/01/2024";"04:29:40";"235";"Sem vítima";"82,000";"BR-101/RS";"Crescente";"Colisão traseira";0;0;0;0;0;0;0;0;0;0;4;0;0;0;0
"01/01/2024";"04:37:10";"237";"Sem vítima";"60,000";"BR-290/RS";"Crescente";"Colisão traseira";0;0;0;0;0;0;0;0;0;0;0;0;0;0;0
"01/01/2024";"05:40:58";"268";"Sem vítima";"1,000";"BR-290/RS";"Crescente";"Colisão traseira";0;0;0;0;0;0;0;0;0;0;0;0;0;0;0
"01/01/2024";"05:44:00";"270";"Com vítima";"226,000";"BR-386/RS";"Crescente";"Colisão traseira";0;0;0;0;0;0;0;0;0;0;2;0;0;0;0
"01/01/2024";"05:49:22";"274";"Sem vítima";"72,000";"BR-101/RS";"Crescente";"Colisão traseira";0;0;0;0;0;0;0;0;0;0;4;0;0;0;0
"01/01/2024";"07:40:40";"330";"Com vítima";"75,000";"BR-101/RS";"Crescente";"Queda de moto";0;0;0;0;0;0;0;0;0;0;0;0;0;0;0
"01/01/2024";"07:42:00";"331";"Sem vítima";"5,000";"BR-290/RS";"Crescente";"Queda de moto";0;0;0;0;0;0;0;0;0;0;2;0;0;0;0
"01/01/2024";"08:00:47";"338";"Sem vítima";"6,000";"BR-290/RS";"Crescente";"Colisão traseira";0;0;0;0;0;0;0;0;0;0;0;0;0;0;0
"01/01/2024";"09:12:00";"364";"Sem vítima";"27,000";"BR-290/RS";"Crescente";"Colisão traseira";0;0;0;0;0;0;0;0;0;0;0;0;0;0;0
"01/01/2024";"10:21:31";"386";"Sem vítima";"19,000";"BR-290/RS";"Decrescente";"Colisão traseira";0;0;0;0;0;0;0;0;0;0;2;0;0;0;0
"01/01/2024";"10:37:39";"393";"Sem vítima";"22,000";"BR-101/RS";"Crescente";"Colisão traseira";0;0;0;0;0;0;0;0;0;0;0;0;0;0;0
"01/01/2024";"11:09:57";"406";"Com vítima";"227,000";"BR-386/RS";"Decrescente";"Colisão frontal";0;0;0;0;0;0;0;0;0;0;0;0;4;2;0
"02/01/2024";"05:24:38";"91";"Com vítima";"277,000";"BR-386/RS";"Crescente";"Colisão traseira";0;0;0;0;0;0;0;0;0;0;2;0;0;0;0
"02/01/2024";"06:44:26";"128";"Sem vítima";"4,900";"BR-290/RS";"Crescente";"Colisão traseira";0;0;0;0;0;0;0;0;0;0;2;0;0;0;0
"02/01/2024";"07:00:00";"140";"Sem vítima";"5,000";"BR-290/RS";"Crescente";"Colisão traseira";0;0;0;0;0;0;0;0;0;0;0;0;0;0;0
"02/01/2024";"07:31:45";"159";"Sem vítima";"86,000";"BR-290/RS";"Crescente";"Colisão traseira";0;0;0;0;0;0;0;0;0;0;0;0;0;0;0
"02/01/2024";"08:45:00";"204";"Sem vítima";"248,670";"BR-386/RS";"Crescente";"Colisão traseira";0;0;0;0;0;0;0;0;0;0;4;0;0;0;0
"02/01/2024";"08:53:44";"211";"Sem vítima";"202,500";"BR-386/RS";"Crescente";"Engavetamento";0;0;0;0;0;0;0;0;0;0;10;0;0;0;0
"02/01/2024";"08:56:15";"215";"Com vítima";"25,000";"BR-290/RS";"Crescente";"Colisão frontal";0;0;0;0;0;0;0;0;0;0;4;2;0;0;0
"02/01/2024";"09:07:20";"220";"Sem vítima";"57,000";"BR-290/RS";"Crescente";"Colisão traseira";0;0;0;0;0;0;0;0;0;0;0;0;0;0;0
"02/01/2024";"09:30:15";"239";"Sem vítima";"56,000";"BR-290/RS";"Crescente";"Colisão traseira";0;0;0;0;0;0;0;0;0;0;0;0;0;0;0
"02/01/2024";"09:37:17";"242";"Sem vítima";"21,000";"BR-290/RS";"Decrescente";"Colisão traseira";0;0;0;0;0;0;0;0;0;0;0;0;0;0;0
"02/01/2024";"09:50:09";"248";"Sem vítima";"359,200";"BR-386/RS";"Crescente";"Colisão traseira";0;0;0;0;0;0;0;0;0;0;2;0;0;0;0
"02/01/2024";"10:13:00";"264";"Sem vítima";"15,000";"BR-290/RS";"Crescente";"Colisão traseira";0;0;0;0;0;0;0;0;0;0;0;0;0;0;0
"02/01/2024";"10:46:24";"279";"Com vítima";"23,000";"BR-290/RS";"Crescente";"Colisão lateral no mesmo sentido";0;0;0;0;0;0;0;0;0;0;0;0;0;0;0
"02/01/2024";"11:21:37";"302";"Sem vítima";"23,000";"BR-290/RS";"Decrescente";"Colisão traseira";0;0;0;0;0;0;0;0;0;0;0;0;0;0;0
"02/01/2024";"11:48:48";"322";"Sem vítima";"357,000";"BR-386/RS";"Crescente";"Colisão traseira";0;0;0;0;0;0;0;0;0;0;0;0;0;0;0
"02/01/2024";"01:45:02";"375";"Sem vítima";"33,000";"BR-290/RS";"Crescente";"Colisão traseira";0;0;0;0;0;0;0;0;0;0;0;0;0;0;0
"02/01/2024";"02:47:00";"391";"Com vítima";"73,000";"BR-290/RS";"Decrescente";"Queda de moto";0;0;0;0;0;0;0;0;0;0;0;0;0;0;1
"02/01/2024";"04:26:14";"418";"Sem vítima";"28,000";"BR-101/RS";"Crescente";"Colisão traseira";0;0;0;0;0;0;0;0;0;0;2;0;0;0;0
"02/01/2024";"05:20:06";"438";"Com vítima";"351,630";"BR-386/RS";"Decrescente";"Engavetamento";0;0;0;0;0;0;0;0;0;0;0;0;0;0;0
"02/01/2024";"05:36:07";"447";"Sem vítima";"16,000";"BR-101/RS";"Crescente";"Colisão traseira";0;0;0;0;0;0;0;0;0;0;0;0;0;0;0
"02/01/2024";"07:45:00";"495";"Sem vítima";"52,000";"BR-290/RS";"Crescente";"Engavetamento";0;0;0;0;0;0;0;0;0;0;1;0;0;0;0
"02/01/2024";"07:48:00";"498";"Sem vítima";"58,000";"BR-101/RS";"Crescente";"Choque";0;0;0;0;0;0;0;0;0;0;0;0;0;0;0
"02/01/2024";"08:32:34";"517";"Sem vítima";"66,000";"BR-290/RS";"Crescente";"Colisão traseira";0;0;0;0;0;0;0;0;0;0;0;0;0;0;0
"02/01/2024";"08:35:03";"521";"Sem vítima";"35,000";"BR-101/RS";"Decrescente";"Colisão traseira";0;0;0;0;0;0;0;0;0;0;6;0;0;0;0