data;horario;n_da_ocorrencia;tipo_de_ocorrencia;km;trecho;sentido;tipo_de_acidente;automovel;bicicleta;caminhao;moto;onibus;outros;tracao_animal;transporte_de_cargas_especiais;trator_maquinas;utilitarios;ilesos;levemente_feridos;moderadamente_feridos;gravemente_feridos;mortos
"20/01/2024";"05:41:00";"217";"Sem vítima";"223,100";"BR-386/RS";"Crescente";"Choque";0;0;0;0;0;0;0;0;0;0;0;0;0;0;0
"20/01/2024";"07:25:55";"233";"Sem vítima";"75,000";"BR-290/RS";"Decrescente";"Tombamento";0;0;0;0;0;0;0;0;0;0;0;0;0;0;0
"20/01/2024";"09:47:59";"262";"Com vítima";"3,000";"BR-101/RS";"Decrescente";"Atropelamento de pedestre";0;0;0;0;0;0;0;0;0;0;0;0;0;0;0
"20/01/2024";"10:52:24";"270";"Sem vítima";"3,000";"BR-101/RS";"Decrescente";"Colisão traseira";0;0;0;0;0;0;0;0;0;0;0;0;0;0;0
"20/01/2024";"11:39:21";"272";"Sem vítima";"401,000";"BR-386/RS";"Decrescente";"Acidentes de outra natureza";0;0;0;0;0;0;0;0;0;0;0;0;0;0;0
"21/01/2024";"03:41:01";"19";"Sem vítima";"85,000";"BR-290/RS";"Decrescente";"Colisão traseira";0;0;0;0;0;0;0;0;0;0;0;0;0;0;0
"21/01/2024";"05:17:45";"25";"Sem vítima";"61,000";"BR-290/RS";"Crescente";"Tombamento";0;0;0;0;0;0;0;0;0;0;0;0;0;0;0
"21/01/2024";"06:12:43";"30";"Sem vítima";"1,000";"BR-448/RS";"Crescente";"Choque";0;0;0;0;0;0;0;0;0;0;0;0;0;0;0
"21/01/2024";"08:57:45";"63";"Sem vítima";"60,000";"BR-290/RS";"Decrescente";"Colisão traseira";0;0;0;0;0;0;0;0;0;0;4;0;0;0;0
"21/01/2024";"03:18:29";"177";"Sem vítima";"21,000";"BR-290/RS";"Crescente";"Engavetamento";0;0;0;0;0;0;0;0;0;0;0;0;0;0;0
"21/01/2024";"03:30:10";"180";"Com vítima";"16,000";"BR-101/RS";"Decrescente";"Choque";0;0;0;0;0;0;0;0;0;0;0;0;0;0;0
"21/01/2024";"04:18:00";"191";"Sem vítima";"36,000";"BR-101/RS";"Decrescente";"Choque";0;0;0;0;0;0;0;0;0;0;0;0;0;0;0
"21/01/2024";"06:35:00";"222";"Sem vítima";"28,000";"BR-290/RS";"Crescente";"Colisão traseira";0;0;0;0;0;0;0;0;0;0;0;0;0;0;0
"21/01/2024";"10:09:00";"272";"Sem vítima";"86,000";"BR-290/RS";"Crescente";"Colisão traseira";0;0;0;0;0;0;0;0;0;0;6;0;0;0;0
"21/01/2024";"10:28:00";"278";"Com vítima";"36,772";"BR-290/RS";"Crescente";"Colisão frontal";0;0;0;0;0;0;0;0;0;0;0;0;0;0;0
"22/01/2024";"04:19:00";"30";"Sem vítima";"86,000";"BR-290/RS";"Crescente";"Acidentes de outra natureza";0;0;0;0;0;0;0;0;0;0;1;0;0;0;0
"22/01/2024";"07:37:57";"99";"Com vítima";"62,177";"BR-101/RS";"Crescente";"Colisão traseira";0;0;0;0;0;0;0;0;0;0;0;4;0;0;0
"22/01/2024";"10:05:01";"189";"Sem vítima";"60,000";"BR-290/RS";"Crescente";"Colisão traseira";0;0;0;0;0;0;0;0;0;0;0;0;0;0;0
"22/01/2024";"11:06:57";"207";"Sem vítima";"308,000";"BR-386/RS";"Decrescente";"Acidentes de outra natureza";0;0;0;0;0;0;0;0;0;0;0;0;0;0;0
"22/01/2024";"12:27:00";"227";"Sem vítima";"50,050";"BR-101/RS";"Decrescente";"Colisão traseira";0;0;0;0;0;0;0;0;0;0;0;0;0;0;0
"22/01/2024";"12:40:44";"230";"Sem vítima";"60,000";"BR-290/RS";"Crescente";"Engavetamento";0;0;0;0;0;0;0;0;0;0;0;0;0;0;0
"22/01/2024";"06:01:10";"302";"Sem vítima";"76,000";"BR-290/RS";"Crescente";"Choque";0;0;0;0;0;0;0;0;0;0;0;0;0;0;0
"22/01/2024";"08:04:00";"333";"Com vítima";"333,000";"BR-386/RS";"Decrescente";"Colisão transversal";0;0;0;0;0;0;0;0;0;0;0;0;0;0;0
"22/01/2024";"08:34:00";"340";"Com vítima";"49,000";"BR-290/RS";"Crescente";"Queda de moto";0;0;0;0;0;0;0;0;0;0;0;0;0;0;0
"22/01/2024";"11:00:23";"364";"Sem vítima";"273,000";"BR-386/RS";"Decrescente";"Atropelamento de animal";0;0;0;0;0;0;0;0;0;0;0;0;0;0;0
"23/01/2024";"07:33:00";"95";"Sem vítima";"89,000";"BR-290/RS";"Decrescente";"Colisão traseira";0;0;0;0;0;0;0;0;0;0;0;0;0;0;0
"23/01/2024";"07:50:23";"108";"Sem vítima";"14,000";"BR-290/RS";"Decrescente";"Colisão lateral no mesmo sentido";0;0;0;0;0;0;0;0;0;0;4;0;0;0;0
"23/01/2024";"08:35:06";"149";"Com vítima";"3,000";"BR-448/RS";"Crescente";"Engavetamento";0;0;0;0;0;0;0;0;0;0;0;0;0;0;0
"23/01/2024";"09:59:35";"175";"Sem vítima";"307,000";"BR-386/RS";"Decrescente";"Colisão traseira";0;0;0;0;0;0;0;0;0;0;0;0;0;0;0
"23/01/2024";"12:56:17";"233";"Sem vítima";"60,000";"BR-290/RS";"Decrescente";"Colisão traseira";0;0;0;0;0;0;0;0;0;0;0;0;0;0;0
"23/01/2024";"02:25:26";"261";"Com vítima";"76,000";"BR-290/RS";"Decrescente";"Queda de moto";0;0;0;0;0;0;0;0;0;0;0;0;0;0;0
"23/01/2024";"08:18:35";"385";"Sem vítima";"275,100";"BR-386/RS";"Decrescente";"Choque";0;0;0;0;0;0;0;0;0;0;0;0;0;0;0
"24/01/2024";"09:39:00";"137";"Sem vítima";"30,000";"BR-101/RS";"Decrescente";"Acidentes de outra natureza";0;0;0;0;0;0;0;0;0;0;0;0;0;0;0
"24/01/2024";"10:29:00";"153";"Sem vítima";"14,000";"BR-290/RS";"Crescente";"Choque";0;0;0;0;0;0;0;0;0;0;0;0;0;0;0
"24/01/2024";"12:04:34";"170";"Sem vítima";"2,000";"BR-290/RS";"Crescente";"Acidentes de outra natureza";0;0;0;0;0;0;0;0;0;0;0;0;0;0;0
"24/01/2024";"01:42:00";"200";"Sem vítima";"344,200";"BR-386/RS";"Decrescente";"Colisão traseira";0;0;0;0;0;0;0;0;0;0;0;0;0;0;0
"24/01/2024";"01:54:48";"202";"Sem vítima";"351,700";"BR-386/RS";"Decrescente";"Choque";0;0;0;0;0;0;0;0;0;0;0;0;0;0;0
"24/01/2024";"02:09:23";"206";"Sem vítima";"428,300";"BR-386/RS";"Crescente";"Colisão traseira";0;0;0;0;0;0;0;0;0;0;0;0;0;0;0
"24/01/2024";"02:43:00";"216";"Sem vítima";"93,000";"BR-290/RS";"Crescente";"Colisão traseira";0;0;0;0;0;0;0;0;0;0;4;0;0;0;0
"24/01/2024";"04:16:28";"243";"Com vítima";"95,000";"BR-290/RS";"Crescente";"Colisão traseira";0;0;0;0;0;0;0;0;0;0;0;2;0;0;0
"24/01/2024";"04:24:27";"245";"Sem vítima";"395,900";"BR-386/RS";"Decrescente";"Choque";0;0;0;0;0;0;0;0;0;0;0;0;0;0;0
"24/01/2024";"05:52:17";"261";"Sem vítima";"219,500";"BR-386/RS";"Crescente";"Colisão traseira";0;0;0;0;0;0;0;0;0;0;0;0;0;0;0
"25/01/2024";"05:02:31";"24";"Sem vítima";"55,780";"BR-101/RS";"Crescente";"Acidentes de outra natureza";0;0;0;0;0;0;0;0;0;0;0;0;0;0;0
"25/01/2024";"08:44:21";"141";"Sem vítima";"92,200";"BR-290/RS";"Decrescente";"Colisão lateral no mesmo sentido";0;0;0;0;0;0;0;0;0;0;0;0;0;0;0
"25/01/2024";"03:58:00";"250";"Sem vítima";"434,800";"BR-386/RS";"Decrescente";"Colisão lateral no mesmo sentido";0;0;0;0;0;0;0;0;0;0;0;0;0;0;0
"25/01/2024";"04:31:00";"259";"Com vítima";"224,000";"BR-386/RS";"Crescente";"Colisão lateral no mesmo sentido";0;0;0;0;0;0;0;0;0;0;0;0;0;0;0
"25/01/2024";"11:02:40";"329";"Sem vítima";"34,600";"BR-290/RS";"Crescente";"Acidentes de outra natureza";0;0;0;0;0;0;0;0;0;0;0;0;0;0;0
"26/01/2024";"04:13:00";"14";"Sem vítima";"92,150";"BR-290/RS";"Decrescente";"Queda de moto";0;0;0;0;0;0;0;0;0;0;0;0;0;0;0
"26/01/2024";"06:46:58";"50";"Sem vítima";"346,800";"BR-386/RS";"Decrescente";"Tombamento";0;0;0;0;0;0;0;0;0;0;0;0;0;0;0
"26/01/2024";"07:01:13";"64";"Sem vítima";"350,600";"BR-386/RS";"Decrescente";"Acidentes de outra natureza";0;0;0;0;0;0;0;0;0;0;0;0;0;0;0
"26/01/2024";"08:05:40";"113";"Sem vítima";"222,300";"BR-386/RS";"Decrescente";"Engavetamento";0;0;0;0;0;0;0;0;0;0;0;0;0;0;0
"26/01/2024";"12:35:36";"231";"Sem vítima";"436,000";"BR-386/RS";"Decrescente";"Colisão lateral no mesmo sentido";0;0;0;0;0;0;0;0;0;0;0;0;0;0;0
"26/01/2024";"02:13:44";"256";"Sem vítima";"366,000";"BR-386/RS";"Decrescente";"Acidentes de outra natureza";0;0;0;0;0;0;0;0;0;0;0;0;0;0;0
"26/01/2024";"03:05:00";"272";"Com vítima";"53,764";"BR-290/RS";"Crescente";"Colisão traseira";0;0;0;0;0;0;0;0;0;0;2;0;2;0;0
"26/01/2024";"05:47:44";"303";"Sem vítima";"14,000";"BR-448/RS";"Crescente";"Acidentes de outra natureza";0;0;0;0;0;0;0;0;0;0;0;0;0;0;0
"26/01/2024";"06:56:28";"318";"Sem vítima";"433,000";"BR-386/RS";"Crescente";"Colisão lateral no mesmo sentido";0;0;0;0;0;0;0;0;0;0;0;0;0;0;0
"26/01/2024";"07:52:00";"328";"Sem vítima";"9,000";"BR-101/RS";"Decrescente";"Colisão traseira";0;0;0;0;0;0;0;0;0;0;0;0;0;0;0
"26/01/2024";"09:16:00";"344";"Sem vítima";"50,000";"BR-101/RS";"Decrescente";"Acidentes de outra natureza";0;0;0;0;0;0;0;0;0;0;0;0;0;0;0
"27/01/2024";"12:27:00";"8";"Sem vítima";"367,000";"BR-386/RS";"Crescente";"Colisão transversal";0;0;0;0;0;0;0;0;0;0;0;0;0;0;0
"27/01/2024";"07:33:15";"70";"Sem vítima";"19,000";"BR-290/RS";"Crescente";"Colisão traseira";0;0;0;0;0;0;0;0;0;0;0;0;0;0;0
"27/01/2024";"09:03:00";"115";"Com vítima";"77,132";"BR-290/RS";"Decrescente";"Queda de moto";0;0;0;0;0;0;0;0;0;0;0;0;0;0;0
"27/01/2024";"09:14:01";"123";"Sem vítima";"251,000";"BR-386/RS";"Crescente";"Engavetamento";0;0;0;0;0;0;0;0;0;0;0;0;0;0;0
"27/01/2024";"12:07:22";"184";"Sem vítima";"426,000";"BR-386/RS";"Decrescente";"Colisão traseira";0;0;0;0;0;0;0;0;0;0;0;0;0;0;0
"27/01/2024";"04:01:31";"225";"Sem vítima";"342,000";"BR-386/RS";"Crescente";"Colisão lateral no mesmo sentido";0;0;0;0;0;0;0;0;0;0;0;0;0;0;0
"27/01/2024";"06:10:00";"249";"Com vítima";"86,000";"BR-290/RS";"Decrescente";"Choque";0;0;0;0;0;0;0;0;0;0;0;0;0;0;0
"27/01/2024";"10:04:22";"279";"Sem vítima";"87,481";"BR-290/RS";"Crescente";"Choque";0;0;0;0;0;0;0;0;0;0;0;0;0;0;0
"28/01/2024";"01:37:26";"7";"Com vítima";"346,000";"BR-386/RS";"Decrescente";"Colisão traseira";0;0;0;0;0;0;0;0;0;0;2;0;0;0;0
"28/01/2024";"02:23:10";"9";"Sem vítima";"354,000";"BR-386/RS";"Decrescente";"Choque";0;0;0;0;0;0;0;0;0;0;0;0;0;0;0
"28/01/2024";"04:11:00";"15";"Sem vítima";"303,300";"BR-386/RS";"Decrescente";"Acidentes de outra natureza";0;0;0;0;0;0;0;0;0;0;0;0;0;0;0
"28/01/2024";"12:12:20";"110";"Com vítima";"91,452";"BR-290/RS";"Crescente";"Queda de moto";0;0;0;0;0;0;0;0;0;0;0;0;0;0;0
"28/01/2024";"12:48:05";"115";"Sem vítima";"72,139";"BR-101/RS";"Crescente";"Engavetamento";0;0;0;0;0;0;0;0;0;0;2;0;0;0;0
"28/01/2024";"03:41:00";"154";"Com vítima";"446,000";"BR-386/RS";"Crescente";"Queda de carga";0;0;0;0;0;0;0;0;0;0;0;0;0;0;0
"28/01/2024";"05:01:09";"170";"Sem vítima";"386,000";"BR-386/RS";"Decrescente";"Acidentes de outra natureza";0;0;0;0;0;0;0;0;0;0;1;0;0;0;0
"28/01/2024";"06:12:28";"191";"Sem vítima";"22,000";"BR-448/RS";"Crescente";"Choque";0;0;0;0;0;0;0;0;0;0;0;0;0;0;0
"28/01/2024";"08:08:47";"219";"Sem vítima";"72,454";"BR-290/RS";"Decrescente";"Capotamento";0;0;0;0;0;0;0;0;0;0;0;0;0;0;0
"28/01/2024";"08:25:00";"221";"Com vítima";"4,000";"BR-290/RS";"Crescente";"Colisão lateral no mesmo sentido";0;0;0;0;0;0;0;0;0;0;0;0;0;0;0
"28/01/2024";"09:08:22";"228";"Sem vítima";"0,000";"BR-290/RS";"Crescente";"Engavetamento";0;0;0;0;0;0;0;0;0;0;6;0;0;0;0
"29/01/2024";"07:28:51";"71";"Sem vítima";"55,150";"BR-290/RS";"Decrescente";"Capotamento";0;0;0;0;0;0;0;0;0;0;0;0;0;0;0
"29/01/2024";"07:36:11";"76";"Sem vítima";"50,450";"BR-101/RS";"Decrescente";"Colisão traseira";0;0;0;0;0;0;0;0;0;0;0;0;0;0;0
"29/01/2024";"08:49:00";"134";"Sem vítima";"44,000";"BR-290/RS";"Crescente";"Colisão traseira";0;0;0;0;0;0;0;0;0;0;0;0;0;0;0
"29/01/2024";"12:46:17";"198";"Sem vítima";"305,250";"BR-386/RS";"Decrescente";"Choque";0;0;0;0;0;0;0;0;0;0;0;0;0;0;0
"29/01/2024";"01:12:00";"204";"Sem vítima";"83,000";"BR-290/RS";"Crescente";"Acidentes de outra natureza";0;0;0;0;0;0;0;0;0;0;0;0;0;0;0
"29/01/2024";"01:16:54";"207";"Sem vítima";"75,000";"BR-290/RS";"Decrescente";"Colisão lateral no mesmo sentido";0;0;0;0;0;0;0;0;0;0;0;0;0;0;0
"29/01/2024";"01:45:05";"216";"Sem vítima";"81,000";"BR-290/RS";"Crescente";"Choque";0;0;0;0;0;0;0;0;0;0;0;0;0;0;0
"29/01/2024";"02:47:03";"231";"Sem vítima";"13,000";"BR-101/RS";"Crescente";"Acidentes de outra natureza";0;0;0;0;0;0;0;0;0;0;0;0;0;0;0
"29/01/2024";"04:39:37";"260";"Sem vítima";"223,300";"BR-386/RS";"Crescente";"Colisão frontal";0;0;0;0;0;0;0;0;0;0;0;0;0;0;0
"29/01/2024";"05:04:00";"264";"Sem vítima";"38,000";"BR-101/RS";"Decrescente";"Choque";0;0;0;0;0;0;0;0;0;0;0;0;0;0;0
"29/01/2024";"05:14:00";"267";"Sem vítima";"38,000";"BR-101/RS";"Crescente";"Choque";0;0;0;0;0;0;0;0;0;0;0;0;0;0;0
"30/01/2024";"05:57:46";"37";"Com vítima";"1,800";"BR-448/RS";"Crescente";"Queda de moto";0;0;0;0;0;0;0;0;0;0;0;0;0;0;0
"30/01/2024";"08:06:03";"123";"Sem vítima";"345,200";"BR-386/RS";"Crescente";"Colisão traseira";0;0;0;0;0;0;0;0;0;0;0;0;0;0;0
"30/01/2024";"08:12:12";"129";"Sem vítima";"432,600";"BR-386/RS";"Decrescente";"Choque";0;0;0;0;0;0;0;0;0;0;0;0;0;0;0
"30/01/2024";"10:29:00";"200";"Sem vítima";"14,600";"BR-290/RS";"Decrescente";"Acidentes de outra natureza";0;0;0;0;0;0;0;0;0;0;1;0;0;0;0
"30/01/2024";"11:22:00";"216";"Sem vítima";"211,800";"BR-386/RS";"Crescente";"Colisão lateral no mesmo sentido";0;0;0;0;0;0;0;0;0;0;0;0;0;0;0
"30/01/2024";"04:25:00";"294";"Sem vítima";"345,100";"BR-386/RS";"Decrescente";"Colisão traseira";0;0;0;0;0;0;0;0;0;0;0;0;0;0;0
"30/01/2024";"04:33:00";"295";"Com vítima";"71,000";"BR-290/RS";"Crescente";"Capotamento";0;0;0;0;0;0;0;0;0;0;0;0;0;0;0
"30/01/2024";"06:24:22";"323";"Sem vítima";"85,000";"BR-290/RS";"Decrescente";"Engavetamento";0;0;0;0;0;0;0;0;0;0;1;0;0;0;0
"30/01/2024";"06:46:42";"326";"Sem vítima";"97,300";"BR-290/RS";"Decrescente";"Engavetamento";0;0;0;0;0;0;0;0;0;0;1;0;0;0;0
"30/01/2024";"09:23:09";"352";"Sem vítima";"391,200";"BR-386/RS";"Crescente";"Tombamento";0;0;0;0;0;0;0;0;0;0;0;0;0;0;0
"30/01/2024";"10:20:52";"365";"Sem vítima";"34,000";"BR-101/RS";"Decrescente";"Choque";0;0;0;0;0;0;0;0;0;0;1;0;0;0;0
"31/01/2024";"05:30:00";"17";"Com vítima";"83,000";"BR-290/RS";"Crescente";"Acidentes de outra natureza";0;0;0;0;0;0;0;0;0;0;0;0;0;0;0
"31/01/2024";"08:32:08";"121";"Sem vítima";"95,800";"BR-290/RS";"Crescente";"Engavetamento";0;0;0;0;0;0;0;0;0;0;0;0;0;0;0
"31/01/2024";"02:29:42";"235";"Sem vítima";"92,000";"BR-290/RS";"Crescente";"Colisão lateral no mesmo sentido";0;0;0;0;0;0;0;0;0;0;0;0;0;0;0
"31/01/2024";"03:01:47";"242";"Sem vítima";"22,000";"BR-448/RS";"Crescente";"Colisão traseira";0;0;0;0;0;0;0;0;0;0;0;0;0;0;0
"31/01/2024";"05:07:00";"272";"Sem vítima";"75,181";"BR-290/RS";"Decrescente";"Colisão lateral no mesmo sentido";0;0;0;0;0;0;0;0;0;0;2;0;0;0;0
"31/01/2024";"06:19:00";"287";"Sem vítima";"90,000";"BR-290/RS";"Decrescente";"Colisão transversal";0;0;0;0;0;0;0;0;0;0;0;0;0;0;0
"31/01/2024";"08:58:22";"318";"Sem vítima";"10,000";"BR-448/RS";"Decrescente";"Colisão traseira";0;0;0;0;0;0;0;0;0;0;0;0;0;0;0
"31/01/2024";"11:08:30";"328";"Sem vítima";"440,000";"BR-386/RS";"Decrescente";"Acidentes de outra natureza";0;0;0;0;0;0;0;0;0;0;0;0;0;0;0
"01/02/2024";"06:04:17";"18";"Sem vítima";"71,800";"BR-101/RS";"Decrescente";"Acidentes de outra natureza";0;0;0;0;0;0;0;0;0;0;2;0;0;0;0
"01/02/2024";"07:44:00";"87";"Com vítima";"436,000";"BR-386/RS";"Decrescente";"Colisão traseira";0;0;0;0;0;0;0;0;0;0;0;1;0;0;0
"01/02/2024";"09:46:00";"151";"Sem vítima";"359,000";"BR-386/RS";"Decrescente";"Acidentes de outra natureza";0;0;0;0;0;0;0;0;0;0;0;0;0;0;0
"01/02/2024";"12:53:55";"200";"Sem vítima";"373,200";"BR-386/RS";"Crescente";"Colisão lateral no mesmo sentido";0;0;0;0;0;0;0;0;0;0;0;0;0;0;0
"01/02/2024";"01:53:25";"218";"Sem vítima";"60,000";"BR-290/RS";"Decrescente";"Colisão lateral no mesmo sentido";0;0;0;0;0;0;0;0;0;0;2;0;0;0;0
"01/02/2024";"02:44:44";"234";"Com vítima";"80,000";"BR-290/RS";"Crescente";"Queda de moto";0;0;0;0;0;0;0;0;0;0;0;0;0;0;0
"01/02/2024";"05:25:21";"270";"Sem vítima";"47,529";"BR-290/RS";"Decrescente";"Choque";0;0;0;0;0;0;0;0;0;0;0;0;0;0;0
"01/02/2024";"05:35:30";"274";"Com vítima";"223,500";"BR-386/RS";"Decrescente";"Colisão traseira";0;0;0;0;0;0;0;0;0;0;0;0;0;0;0
"02/02/2024";"01:27:00";"10";"Sem vítima";"221,000";"BR-386/RS";"Crescente";"Capotamento";0;0;0;0;0;0;0;0;0;0;0;0;0;0;0
"02/02/2024";"05:36:28";"33";"Sem vítima";"22,000";"BR-101/RS";"Crescente";"Acidentes de outra natureza";0;0;0;0;0;0;0;0;0;0;0;0;0;0;0
"02/02/2024";"09:16:40";"142";"Sem vítima";"30,000";"BR-290/RS";"Decrescente";"Colisão traseira";0;0;0;0;0;0;0;0;0;0;0;0;0;0;0
"02/02/2024";"10:12:59";"174";"Com vítima";"60,000";"BR-290/RS";"Decrescente";"Engavetamento";0;0;0;0;0;0;0;0;0;0;3;0;3;3;0
"02/02/2024";"11:32:24";"201";"Sem vítima";"93,000";"BR-290/RS";"Crescente";"Choque";0;0;0;0;0;0;0;0;0;0;0;0;0;0;0
"02/02/2024";"12:27:49";"211";"Sem vítima";"35,000";"BR-290/RS";"Decrescente";"Colisão traseira";0;0;0;0;0;0;0;0;0;0;0;0;0;0;0
"02/02/2024";"02:16:00";"230";"Sem vítima";"415,100";"BR-386/RS";"Crescente";"Colisão traseira";0;0;0;0;0;0;0;0;0;0;0;0;0;0;0
"02/02/2024";"02:28:54";"235";"Sem vítima";"42,000";"BR-290/RS";"Decrescente";"Colisão traseira";0;0;0;0;0;0;0;0;0;0;0;0;0;0;0
"02/02/2024";"04:02:19";"260";"Sem vítima";"435,100";"BR-386/RS";"Decrescente";"Colisão lateral no mesmo sentido";0;0;0;0;0;0;0;0;0;0;0;0;0;0;0
"02/02/2024";"05:06:00";"271";"Sem vítima";"281,050";"BR-386/RS";"Crescente";"Acidentes de outra natureza";0;0;0;0;0;0;0;0;0;0;0;0;0;0;0
"02/02/2024";"08:53:31";"313";"Sem vítima";"344,000";"BR-386/RS";"Crescente";"Colisão lateral no mesmo sentido";0;0;0;0;0;0;0;0;0;0;0;0;0;0;0
"02/02/2024";"11:36:35";"330";"Sem vítima";"50,000";"BR-101/RS";"Crescente";"Choque";0;0;0;0;0;0;0;0;0;0;0;0;0;0;0
"03/02/2024";"12:51:00";"7";"Com vítima";"50,000";"BR-290/RS";"Crescente";"Queda de moto";0;0;0;0;0;0;0;0;0;0;0;1;0;0;0
"03/02/2024";"05:47:00";"26";"Sem vítima";"63,000";"BR-290/RS";"Decrescente";"Queda de moto";0;0;0;0;0;0;0;0;0;0;2;0;0;0;0
"03/02/2024";"08:22:00";"93";"Com vítima";"410,950";"BR-386/RS";"Crescente";"Queda de moto";0;0;0;0;0;0;0;0;0;0;0;0;0;0;0
"03/02/2024";"10:41:17";"139";"Sem vítima";"55,000";"BR-290/RS";"Crescente";"Colisão traseira";0;0;0;0;0;0;0;0;0;0;0;0;0;0;0
"03/02/2024";"11:04:02";"142";"Com vítima";"354,300";"BR-386/RS";"Crescente";"Colisão traseira";0;0;0;0;0;0;0;0;0;0;0;0;0;0;0
"03/02/2024";"04:59:17";"224";"Com vítima";"90,000";"BR-290/RS";"Crescente";"Queda de moto";0;0;0;0;0;0;0;0;0;0;0;0;0;0;0
"04/02/2024";"04:11:23";"22";"Sem vítima";"343,000";"BR-386/RS";"Decrescente";"Acidentes de outra natureza";0;0;0;0;0;0;0;0;0;0;0;0;0;0;0
"04/02/2024";"04:47:00";"27";"Sem vítima";"67,000";"BR-101/RS";"Crescente";"Choque";0;0;0;0;0;0;0;0;0;0;0;0;0;0;0
"04/02/2024";"07:57:06";"62";"Com vítima";"58,000";"BR-290/RS";"Crescente";"Colisão traseira";0;0;0;0;0;0;0;0;0;0;0;0;0;0;0
"04/02/2024";"08:44:48";"69";"Sem vítima";"9,000";"BR-290/RS";"Decrescente";"Choque";0;0;0;0;0;0;0;0;0;0;0;0;0;0;0
"04/02/2024";"02:26:46";"155";"Sem vítima";"307,300";"BR-386/RS";"Crescente";"Choque";0;0;0;0;0;0;0;0;0;0;0;0;0;0;0
"04/02/2024";"05:49:10";"209";"Com vítima";"88,000";"BR-290/RS";"Crescente";"Queda de moto";0;0;0;0;0;0;0;0;0;0;0;0;0;0;0
"04/02/2024";"06:24:17";"223";"Sem vítima";"89,000";"BR-290/RS";"Crescente";"Colisão lateral no mesmo sentido";0;0;0;0;0;0;0;0;0;0;4;0;0;0;0
"04/02/2024";"07:35:31";"250";"Sem vítima";"70,000";"BR-101/RS";"Decrescente";"Colisão lateral no mesmo sentido";0;0;0;0;0;0;0;0;0;0;3;0;0;0;0
"04/02/2024";"08:28:00";"269";"Sem vítima";"19,000";"BR-290/RS";"Crescente";"Colisão lateral no mesmo sentido";0;0;0;0;0;0;0;0;0;0;4;0;0;0;0
"04/02/2024";"09:28:47";"283";"Com vítima";"306,000";"BR-386/RS";"Crescente";"Tombamento";0;0;0;0;0;0;0;0;0;0;0;0;0;0;2
"04/02/2024";"11:10:07";"308";"Sem vítima";"305,000";"BR-386/RS";"Crescente";"Colisão lateral no mesmo sentido";0;0;0;0;0;0;0;0;0;0;0;0;0;0;0
"05/02/2024";"06:43:02";"66";"Com vítima";"11,300";"BR-448/RS";"Decrescente";"Queda de moto";0;0;0;0;0;0;0;0;0;0;0;0;0;0;0
"05/02/2024";"07:03:39";"86";"Com vítima";"306,000";"BR-386/RS";"Crescente";"Queda de moto";0;0;0;0;0;0;0;0;0;0;0;0;0;0;0
"05/02/2024";"08:04:10";"155";"Com vítima";"80,516";"BR-101/RS";"Crescente";"Queda de moto";0;0;0;0;0;0;0;0;0;0;0;2;0;0;0
"05/02/2024";"08:08:11";"157";"Sem vítima";"80,000";"BR-290/RS";"Crescente";"Engavetamento";0;0;0;0;0;0;0;0;0;0;0;0;0;0;0
"05/02/2024";"08:49:22";"175";"Sem vítima";"287,150";"BR-386/RS";"Decrescente";"Tombamento";0;0;0;0;0;0;0;0;0;0;0;0;0;0;0
"05/02/2024";"09:36:00";"198";"Sem vítima";"436,000";"BR-386/RS";"Decrescente";"Colisão lateral no mesmo sentido";0;0;0;0;0;0;0;0;0;0;0;0;0;0;0
"05/02/2024";"01:53:12";"280";"Sem vítima";"265,000";"BR-386/RS";"Crescente";"Colisão transversal";0;0;0;0;0;0;0;0;0;0;0;0;0;0;0
"05/02/2024";"02:24:58";"292";"Sem vítima";"348,200";"BR-386/RS";"Crescente";"Engavetamento";0;0;0;0;0;0;0;0;0;0;0;0;0;0;0
"06/02/2024";"11:17:49";"221";"Com vítima";"347,200";"BR-386/RS";"Crescente";"Engavetamento";0;0;0;0;0;0;0;0;0;0;0;4;0;0;0
"06/02/2024";"12:41:15";"238";"Sem vítima";"308,500";"BR-386/RS";"Decrescente";"Acidentes de outra natureza";0;0;0;0;0;0;0;0;0;0;0;0;0;0;0
"06/02/2024";"04:53:48";"301";"Sem vítima";"338,000";"BR-386/RS";"Crescente";"Colisão lateral no mesmo sentido";0;0;0;0;0;0;0;0;0;0;0;0;0;0;0