data;horario;n_da_ocorrencia;tipo_de_ocorrencia;km;trecho;sentido;tipo_de_acidente;automovel;bicicleta;caminhao;moto;onibus;outros;tracao_animal;transporte_de_cargas_especiais;trator_maquinas;utilitarios;ilesos;levemente_feridos;moderadamente_feridos;gravemente_feridos;mortos
"31/03/2024";"04:48:33";"163";"Com vítima";"247,000";"BR-386/RS";"Crescente";"Engavetamento";0;0;0;0;0;0;0;0;0;0;9;1;0;0;0
"31/03/2024";"05:14:32";"171";"Com vítima";"342,000";"BR-386/RS";"Decrescente";"Colisão traseira";0;0;0;0;0;0;0;0;0;0;0;1;0;0;0
"31/03/2024";"06:35:51";"209";"Sem vítima";"241,000";"BR-386/RS";"Crescente";"Colisão traseira";0;0;0;0;0;0;0;0;0;0;2;0;0;0;0
"31/03/2024";"07:40:56";"236";"Sem vítima";"182,000";"BR-386/RS";"Crescente";"Colisão lateral no mesmo sentido";0;0;0;0;0;0;0;0;0;0;4;0;0;0;0
"31/03/2024";"07:50:37";"241";"Com vítima";"245,000";"BR-386/RS";"Crescente";"Engavetamento";0;0;0;0;0;0;0;0;0;0;11;0;1;0;0
"31/03/2024";"08:20:00";"251";"Sem vítima";"82,000";"BR-101/RS";"Crescente";"Colisão transversal";0;0;0;0;0;0;0;0;0;0;3;0;0;0;0
"31/03/2024";"09:07:00";"263";"Sem vítima";"40,000";"BR-101/RS";"Crescente";"Saída de pista";0;0;0;0;0;0;0;0;0;0;2;0;0;0;0
"31/03/2024";"10:42:00";"289";"Sem vítima";"17,000";"BR-290/RS";"Crescente";"Colisão traseira";0;0;0;0;0;0;0;0;0;0;6;0;0;0;0
"01/04/2024";"05:53:22";"39";"Sem vítima";"249,000";"BR-386/RS";"Crescente";"Saída de pista";1;0;0;0;0;0;0;0;0;0;2;0;0;0;0
"01/04/2024";"06:00:37";"40";"Sem vítima";"342,000";"BR-386/RS";"Decrescente";"Saída de pista";1;0;0;0;0;0;0;0;0;0;1;0;0;0;0
"01/04/2024";"07:50:00";"100";"Com vítima";"248,000";"BR-386/RS";"Decrescente";"Colisão transversal";1;0;1;0;0;0;0;0;0;0;2;1;0;0;0
"01/04/2024";"08:07:51";"113";"Sem vítima";"19,000";"BR-448/RS";"Crescente";"Queda de moto";0;0;0;1;0;0;0;0;0;0;1;0;0;0;0
"01/04/2024";"01:31:48";"229";"Com vítima";"345,000";"BR-386/RS";"Crescente";"Colisão lateral no mesmo sentido";1;0;0;1;0;0;0;0;0;0;1;1;0;0;0
"01/04/2024";"03:51:15";"266";"Sem vítima";"47,000";"BR-290/RS";"Decrescente";"Saída de pista";1;0;0;0;0;0;0;0;0;0;3;0;0;0;0
"01/04/2024";"06:16:00";"293";"Com vítima";"437,000";"BR-386/RS";"Decrescente";"Colisão traseira";1;0;1;0;0;0;0;0;0;0;3;1;0;0;0
"01/04/2024";"06:25:00";"296";"Sem vítima";"310,000";"BR-386/RS";"Crescente";"Choque";1;0;0;0;0;0;0;0;0;0;5;0;0;0;0
"01/04/2024";"07:39:12";"311";"Sem vítima";"19,000";"BR-290/RS";"Decrescente";"Colisão traseira";1;0;1;0;0;0;0;0;0;0;4;0;0;0;0
"02/04/2024";"09:46:00";"148";"Com vítima";"186,150";"BR-386/RS";"Decrescente";"Saída de pista";1;0;0;0;0;0;0;0;0;0;0;2;0;0;0
"02/04/2024";"10:48:39";"164";"Sem vítima";"35,000";"BR-101/RS";"Decrescente";"Colisão lateral no mesmo sentido";1;0;1;0;0;0;0;0;0;0;2;0;0;0;0
"02/04/2024";"12:03:00";"178";"Com vítima";"66,000";"BR-290/RS";"Decrescente";"Capotamento";1;0;0;0;0;0;0;0;0;0;0;1;0;1;0
"02/04/2024";"02:20:38";"204";"Sem vítima";"19,000";"BR-290/RS";"Crescente";"Saída de pista";1;0;0;0;0;0;0;0;0;0;1;0;0;0;0
"02/04/2024";"03:55:35";"225";"Sem vítima";"22,000";"BR-101/RS";"Crescente";"Colisão traseira";2;0;0;0;0;0;0;0;0;0;2;0;0;0;0
"02/04/2024";"04:33:18";"233";"Sem vítima";"350,000";"BR-386/RS";"Crescente";"Colisão traseira";1;0;1;0;0;0;0;0;0;0;2;0;0;0;0
"03/04/2024";"07:50:00";"89";"Sem vítima";"403,000";"BR-386/RS";"Decrescente";"Saída de pista";0;0;1;0;0;0;0;0;0;0;0;0;0;0;0
"03/04/2024";"07:55:00";"93";"Com vítima";"92,000";"BR-290/RS";"Crescente";"Colisão traseira";1;0;0;1;0;0;0;0;0;0;3;1;0;0;0
"03/04/2024";"08:11:47";"105";"Com vítima";"19,000";"BR-448/RS";"Crescente";"Engavetamento";5;0;0;0;0;0;0;0;0;0;8;2;0;0;0
"03/04/2024";"12:02:09";"172";"Sem vítima";"1,000";"BR-290/RS";"Decrescente";"Saída de pista";1;0;0;0;0;0;0;0;0;0;1;0;0;0;0
"03/04/2024";"01:31:33";"189";"Sem vítima";"86,000";"BR-290/RS";"Crescente";"Colisão lateral no mesmo sentido";1;0;1;0;0;0;0;0;0;0;2;0;0;0;0
"03/04/2024";"01:38:45";"191";"Sem vítima";"430,000";"BR-386/RS";"Crescente";"Acidentes de outra natureza";1;0;0;0;0;0;0;0;0;0;2;0;0;0;0
"03/04/2024";"09:35:51";"280";"Com vítima";"350,000";"BR-386/RS";"Crescente";"Queda de moto";0;0;0;1;0;0;0;0;0;0;0;1;0;0;0
"04/04/2024";"11:24:26";"168";"Sem vítima";"80,000";"BR-290/RS";"Decrescente";"Saída de pista";1;0;0;0;0;0;0;0;0;0;3;0;0;0;0
"04/04/2024";"01:40:08";"196";"Sem vítima";"60,000";"BR-290/RS";"Crescente";"Colisão traseira";1;0;0;0;0;0;0;0;0;0;2;0;0;0;0
"04/04/2024";"03:22:48";"221";"Sem vítima";"72,000";"BR-101/RS";"Decrescente";"Colisão lateral no mesmo sentido";1;0;1;0;0;0;0;0;0;0;2;0;0;0;0
"05/04/2024";"12:47:00";"5";"Sem vítima";"75,000";"BR-290/RS";"Decrescente";"Choque";1;0;0;0;0;0;0;0;0;0;1;0;0;0;0
"05/04/2024";"01:00:42";"7";"Sem vítima";"306,000";"BR-386/RS";"Decrescente";"Choque";0;0;1;0;0;0;0;0;0;0;1;0;0;0;0
"05/04/2024";"04:48:00";"31";"Com vítima";"400,000";"BR-386/RS";"Crescente";"Saída de pista";1;0;0;0;0;0;0;0;0;0;0;2;0;0;0
"05/04/2024";"06:35:59";"41";"Com vítima";"248,000";"BR-386/RS";"Crescente";"Colisão lateral no mesmo sentido";1;0;1;0;0;0;0;0;0;0;1;1;0;0;0
"05/04/2024";"07:16:30";"77";"Sem vítima";"342,000";"BR-386/RS";"Crescente";"Colisão lateral no mesmo sentido";0;0;1;1;0;0;0;0;0;0;2;0;0;0;0
"05/04/2024";"09:13:48";"146";"Sem vítima";"433,000";"BR-386/RS";"Crescente";"Colisão lateral no mesmo sentido";1;0;1;0;0;0;0;0;0;0;4;0;0;0;0
"05/04/2024";"10:38:45";"163";"Sem vítima";"306,000";"BR-386/RS";"Crescente";"Saída de pista";2;0;0;0;0;0;0;0;0;0;5;0;0;0;0
"05/04/2024";"02:40:00";"198";"Sem vítima";"305,000";"BR-386/RS";"Crescente";"Saída de pista";1;0;0;0;0;0;0;0;0;0;1;0;0;0;0
"05/04/2024";"03:01:00";"204";"Com vítima";"269,200";"BR-386/RS";"Decrescente";"Colisão transversal";2;0;0;0;0;0;0;0;0;0;1;0;4;0;0
"05/04/2024";"05:34:14";"225";"Com vítima";"80,000";"BR-290/RS";"Decrescente";"Choque";1;0;0;0;0;0;0;0;0;0;0;0;1;0;0
"05/04/2024";"07:39:32";"247";"Com vítima";"9,400";"BR-448/RS";"Decrescente";"Queda de moto";0;0;0;1;0;0;0;0;0;0;0;1;0;0;0
"05/04/2024";"07:52:00";"250";"Com vítima";"442,000";"BR-386/RS";"Decrescente";"Queda de moto";0;0;0;1;0;0;0;0;0;0;1;1;0;0;0
"05/04/2024";"08:44:00";"258";"Com vítima";"38,000";"BR-290/RS";"Decrescente";"Capotamento";1;0;0;0;0;0;0;0;0;0;0;0;1;0;0
"05/04/2024";"10:35:00";"276";"Sem vítima";"74,000";"BR-101/RS";"Decrescente";"Colisão traseira";2;0;0;0;0;0;0;0;0;0;6;0;0;0;0
"05/04/2024";"11:01:08";"279";"Com vítima";"78,000";"BR-101/RS";"Crescente";"Choque";1;0;0;0;0;0;0;0;0;0;0;1;0;0;0
"05/04/2024";"11:02:00";"280";"Sem vítima";"80,000";"BR-290/RS";"Decrescente";"Choque";1;0;0;0;0;0;0;0;0;0;1;0;0;0;0
"06/04/2024";"05:06:53";"231";"Com vítima";"438,000";"BR-386/RS";"Decrescente";"Colisão transversal";1;0;1;0;0;0;0;0;0;0;1;0;1;0;0
"06/04/2024";"05:23:48";"236";"Sem vítima";"88,474";"BR-290/RS";"Crescente";"Saída de pista";1;0;0;0;0;0;0;0;0;0;2;0;0;0;0
"06/04/2024";"07:17:00";"254";"Sem vítima";"392,000";"BR-386/RS";"Crescente";"Colisão transversal";2;0;0;0;0;0;0;0;0;0;4;0;0;0;0
"07/04/2024";"01:17:27";"6";"Sem vítima";"249,000";"BR-386/RS";"Decrescente";"Saída de pista";1;0;0;0;0;0;0;0;0;0;1;0;0;0;0
"07/04/2024";"09:52:53";"103";"Sem vítima";"19,000";"BR-290/RS";"Crescente";"Saída de pista";1;0;0;0;0;0;0;0;0;0;1;0;0;0;0
"07/04/2024";"02:57:53";"149";"Sem vítima";"19,000";"BR-290/RS";"Crescente";"Capotamento";1;0;0;0;0;0;0;0;0;0;2;0;0;0;0
"07/04/2024";"04:39:00";"161";"Com vítima";"307,000";"BR-386/RS";"Crescente";"Colisão frontal";2;0;0;0;0;0;0;0;0;0;5;1;0;0;0
"07/04/2024";"05:23:58";"174";"Sem vítima";"309,000";"BR-386/RS";"Decrescente";"Acidentes de outra natureza";1;0;0;0;0;0;0;0;0;0;4;0;0;0;0
"07/04/2024";"05:29:49";"176";"Sem vítima";"411,000";"BR-386/RS";"Decrescente";"Acidentes de outra natureza";1;0;0;0;0;0;0;0;0;0;3;0;0;0;0
"07/04/2024";"08:44:10";"201";"Com vítima";"22,000";"BR-448/RS";"Crescente";"Choque";1;0;0;0;0;0;0;0;0;0;1;0;1;0;0
"08/04/2024";"12:33:26";"4";"Com vítima";"330,000";"BR-386/RS";"Crescente";"Acidentes de outra natureza";0;0;1;0;0;0;0;0;0;0;0;1;0;0;0
"08/04/2024";"06:57:44";"52";"Sem vítima";"94,000";"BR-290/RS";"Decrescente";"Choque";1;0;0;0;0;0;0;0;0;0;1;0;0;0;0
"08/04/2024";"07:34:00";"82";"Com vítima";"80,000";"BR-101/RS";"Crescente";"Colisão traseira";0;0;2;0;0;0;0;0;0;0;20;1;0;0;0
"08/04/2024";"07:38:32";"88";"Sem vítima";"349,000";"BR-386/RS";"Decrescente";"Colisão transversal";2;0;0;0;0;0;0;0;0;0;3;0;0;0;0
"08/04/2024";"07:53:52";"105";"Com vítima";"344,000";"BR-386/RS";"Crescente";"Colisão traseira";1;0;0;1;0;0;0;0;0;0;0;2;0;0;0
"08/04/2024";"07:55:59";"107";"Sem vítima";"349,000";"BR-386/RS";"Crescente";"Colisão traseira";2;0;0;0;0;0;0;0;0;0;2;0;0;0;0
"08/04/2024";"07:56:38";"109";"Sem vítima";"19,000";"BR-290/RS";"Decrescente";"Colisão traseira";2;0;0;0;0;0;0;0;0;0;2;0;0;0;0
"08/04/2024";"01:56:22";"201";"Sem vítima";"86,000";"BR-290/RS";"Crescente";"Saída de pista";1;0;0;0;0;0;0;0;0;0;1;0;0;0;0
"08/04/2024";"05:31:31";"258";"Sem vítima";"60,000";"BR-290/RS";"Crescente";"Colisão traseira";2;0;0;0;0;0;0;0;0;0;3;0;0;0;0
"08/04/2024";"06:06:00";"268";"Sem vítima";"434,000";"BR-386/RS";"Crescente";"Colisão lateral no mesmo sentido";1;0;0;0;0;0;0;0;0;0;3;0;0;0;0
"08/04/2024";"09:30:59";"293";"Com vítima";"296,000";"BR-386/RS";"Crescente";"Tombamento";0;0;1;0;0;0;0;0;0;0;0;0;1;0;0
"09/04/2024";"04:27:31";"256";"Sem vítima";"96,000";"BR-290/RS";"Crescente";"Colisão lateral no mesmo sentido";1;0;0;0;0;0;0;0;0;0;1;0;0;0;0
"09/04/2024";"06:01:00";"273";"Com vítima";"9,000";"BR-448/RS";"Decrescente";"Queda de moto";0;0;0;1;0;0;0;0;0;0;0;1;0;0;0
"10/04/2024";"03:44:20";"22";"Com vítima";"56,685";"BR-290/RS";"Crescente";"Saída de pista";0;0;1;0;0;0;0;0;0;0;0;2;0;0;0
"10/04/2024";"07:17:03";"65";"Sem vítima";"426,000";"BR-386/RS";"Crescente";"Colisão traseira";1;0;1;0;0;0;0;0;0;0;5;0;0;0;0
"10/04/2024";"08:42:58";"121";"Sem vítima";"371,000";"BR-386/RS";"Decrescente";"Saída de pista";1;0;0;0;0;0;0;0;0;0;5;0;0;0;0
"10/04/2024";"10:58:30";"172";"Sem vítima";"354,000";"BR-386/RS";"Decrescente";"Colisão traseira";1;0;1;0;0;0;0;0;0;0;2;0;0;0;0
"10/04/2024";"11:07:43";"176";"Sem vítima";"288,000";"BR-386/RS";"Decrescente";"Colisão traseira";1;0;1;0;0;0;0;0;0;0;3;0;0;0;0
"10/04/2024";"11:36:43";"189";"Com vítima";"9,000";"BR-448/RS";"Decrescente";"Queda de moto";0;0;0;1;0;0;0;0;0;0;0;1;0;0;0
"10/04/2024";"04:22:00";"264";"Sem vítima";"62,000";"BR-290/RS";"Decrescente";"Colisão traseira";1;0;1;0;0;0;0;0;0;0;2;0;0;0;0
"11/04/2024";"07:15:22";"68";"Com vítima";"94,000";"BR-290/RS";"Decrescente";"Colisão traseira";2;0;0;0;0;0;0;0;0;0;0;1;1;0;0
"11/04/2024";"07:50:38";"89";"Com vítima";"20,000";"BR-448/RS";"Crescente";"Engavetamento";3;0;0;0;0;0;0;0;0;0;5;3;0;0;0
"11/04/2024";"09:38:43";"135";"Sem vítima";"18,000";"BR-290/RS";"Crescente";"Colisão lateral no mesmo sentido";2;0;0;0;0;0;0;0;0;0;2;0;0;0;0
"11/04/2024";"10:52:00";"149";"Sem vítima";"349,000";"BR-386/RS";"Crescente";"Colisão traseira";2;0;0;0;0;0;0;0;0;0;2;0;0;0;0
"11/04/2024";"10:58:35";"151";"Com vítima";"415,000";"BR-386/RS";"Crescente";"Colisão lateral no mesmo sentido";1;0;1;0;0;0;0;0;0;0;1;1;0;0;0
"11/04/2024";"12:16:11";"166";"Com vítima";"86,000";"BR-101/RS";"Decrescente";"Saída de pista";1;0;0;0;0;0;0;0;0;0;1;3;0;0;0
"11/04/2024";"12:20:26";"167";"Com vítima";"94,000";"BR-290/RS";"Decrescente";"Saída de pista";1;0;0;0;0;0;0;0;0;0;1;1;0;0;0
"11/04/2024";"03:47:36";"196";"Sem vítima";"411,000";"BR-386/RS";"Decrescente";"Saída de pista";1;0;0;0;0;0;0;0;0;0;1;0;0;0;0
"11/04/2024";"04:25:00";"200";"Com vítima";"296,000";"BR-386/RS";"Crescente";"Colisão frontal";2;0;0;0;0;0;0;0;0;0;1;0;2;0;0
"11/04/2024";"05:27:00";"209";"Sem vítima";"22,000";"BR-448/RS";"Crescente";"Choque";1;0;0;0;0;0;0;0;0;0;1;0;0;0;0
"11/04/2024";"07:04:00";"225";"Sem vítima";"437,200";"BR-386/RS";"Decrescente";"Choque";1;0;0;0;0;0;0;0;0;0;1;0;0;0;0
"11/04/2024";"07:28:06";"230";"Sem vítima";"19,000";"BR-290/RS";"Decrescente";"Colisão traseira";2;0;0;0;0;0;0;0;0;0;3;0;0;0;0
"11/04/2024";"08:26:41";"243";"Sem vítima";"25,000";"BR-101/RS";"Crescente";"Saída de pista";1;0;0;0;0;0;0;0;0;0;1;0;0;0;0
"11/04/2024";"08:47:11";"246";"Sem vítima";"426,000";"BR-386/RS";"Decrescente";"Colisão traseira";1;0;1;0;0;0;0;0;0;0;3;0;0;0;0
"11/04/2024";"10:50:00";"259";"Sem vítima";"21,100";"BR-290/RS";"Decrescente";"Colisão traseira";3;0;0;0;0;0;0;0;0;0;4;0;0;0;0
"12/04/2024";"12:07:00";"3";"Com vítima";"220,150";"BR-386/RS";"Decrescente";"Capotamento";1;0;0;0;0;0;0;0;0;0;0;0;0;1;0
"12/04/2024";"07:46:17";"74";"Sem vítima";"409,000";"BR-386/RS";"Crescente";"Saída de pista";1;0;0;0;0;0;0;0;0;0;1;0;0;0;0
"12/04/2024";"10:27:42";"135";"Sem vítima";"304,000";"BR-386/RS";"Decrescente";"Saída de pista";1;0;0;0;0;0;0;0;0;0;1;0;0;0;0
"12/04/2024";"10:49:00";"143";"Sem vítima";"5,000";"BR-290/RS";"Crescente";"Choque";1;0;0;0;0;0;0;0;0;0;3;0;0;0;0
"12/04/2024";"12:03:29";"156";"Sem vítima";"307,000";"BR-386/RS";"Decrescente";"Saída de pista";1;0;0;0;0;0;0;0;0;0;2;0;0;0;0
"12/04/2024";"01:43:37";"169";"Sem vítima";"303,000";"BR-386/RS";"Decrescente";"Colisão lateral no mesmo sentido";1;0;1;0;0;0;0;0;0;0;2;0;0;0;0
"12/04/2024";"03:13:14";"188";"Sem vítima";"339,000";"BR-386/RS";"Crescente";"Engavetamento";2;0;1;0;0;0;0;0;0;0;4;0;0;0;0
"12/04/2024";"06:05:00";"216";"Sem vítima";"75,000";"BR-101/RS";"Crescente";"Choque";1;0;0;0;0;0;0;0;0;0;1;0;0;0;0
"12/04/2024";"06:42:36";"221";"Com vítima";"88,000";"BR-290/RS";"Decrescente";"Colisão traseira";1;0;0;1;0;0;0;0;0;0;2;1;0;0;0
"12/04/2024";"07:57:46";"236";"Sem vítima";"69,000";"BR-101/RS";"Crescente";"Engavetamento";0;0;3;0;0;0;0;0;0;0;5;0;0;0;0
"12/04/2024";"09:17:00";"259";"Sem vítima";"401,000";"BR-386/RS";"Decrescente";"Saída de pista";1;0;0;0;0;0;0;0;0;0;1;0;0;0;0
"13/04/2024";"09:36:33";"96";"Sem vítima";"266,000";"BR-386/RS";"Crescente";"Saída de pista";0;0;1;0;0;0;0;0;0;0;4;0;0;0;0
"13/04/2024";"10:35:00";"106";"Com vítima";"14,000";"BR-290/RS";"Decrescente";"Choque";1;0;0;0;0;0;0;0;0;0;0;2;1;0;0
"13/04/2024";"11:46:56";"112";"Sem vítima";"94,000";"BR-290/RS";"Decrescente";"Choque";1;0;1;0;0;0;0;0;0;0;3;0;0;0;0
"13/04/2024";"12:22:00";"117";"Sem vítima";"418,900";"BR-386/RS";"Crescente";"Capotamento";1;0;0;0;0;0;0;0;0;0;2;0;0;0;0
"13/04/2024";"12:36:00";"118";"Sem vítima";"92,000";"BR-290/RS";"Decrescente";"Colisão traseira";2;0;2;0;0;0;0;0;0;0;5;0;0;0;0
"13/04/2024";"05:53:45";"163";"Sem vítima";"29,000";"BR-101/RS";"Crescente";"Colisão lateral no mesmo sentido";0;0;2;0;0;0;0;0;0;0;2;0;0;0;0
"13/04/2024";"07:22:00";"180";"Sem vítima";"396,000";"BR-386/RS";"Decrescente";"Saída de pista";1;0;0;0;0;0;0;0;0;0;1;0;0;0;0
"13/04/2024";"08:02:37";"187";"Sem vítima";"362,000";"BR-386/RS";"Crescente";"Saída de pista";1;0;0;0;0;0;0;0;0;0;1;0;0;0;0
"13/04/2024";"09:46:32";"203";"Com vítima";"401,000";"BR-386/RS";"Decrescente";"Saída de pista";1;0;0;0;0;0;0;0;0;0;3;0;2;0;0
"13/04/2024";"10:11:00";"212";"Sem vítima";"88,474";"BR-290/RS";"Crescente";"Colisão traseira";2;0;0;0;0;0;0;0;0;0;5;0;0;0;0
"14/04/2024";"01:33:08";"17";"Sem vítima";"342,000";"BR-386/RS";"Crescente";"Saída de pista";1;0;0;0;0;0;0;0;0;0;1;0;0;0;0
"14/04/2024";"02:58:08";"23";"Com vítima";"345,000";"BR-386/RS";"Crescente";"Saída de pista";1;0;0;0;0;0;0;0;0;0;1;1;0;0;0
"14/04/2024";"10:19:00";"78";"Sem vítima";"37,000";"BR-101/RS";"Crescente";"Choque";1;0;0;0;0;0;0;0;0;0;2;0;0;0;0
"14/04/2024";"05:56:09";"161";"Sem vítima";"78,000";"BR-290/RS";"Crescente";"Queda de moto";0;0;0;1;0;0;0;0;0;0;2;0;0;0;0
"14/04/2024";"06:53:32";"173";"Sem vítima";"345,000";"BR-386/RS";"Crescente";"Colisão traseira";2;0;0;0;0;0;0;0;0;0;5;0;0;0;0
"15/04/2024";"10:30:47";"217";"Sem vítima";"87,000";"BR-101/RS";"Decrescente";"Saída de pista";1;0;0;0;0;0;0;0;0;0;1;0;0;0;0
"15/04/2024";"04:08:25";"296";"Com vítima";"344,000";"BR-386/RS";"Decrescente";"Queda de moto";0;0;1;1;0;0;0;0;0;0;1;0;1;0;0
"15/04/2024";"07:33:00";"343";"Sem vítima";"16,000";"BR-290/RS";"Decrescente";"Atropelamento de animal";1;0;0;0;0;0;0;0;0;0;2;0;0;0;0
"15/04/2024";"07:51:47";"347";"Sem vítima";"89,000";"BR-290/RS";"Decrescente";"Colisão traseira";2;0;0;0;0;0;0;0;0;0;2;0;0;0;0
"15/04/2024";"08:06:35";"352";"Sem vítima";"16,000";"BR-290/RS";"Decrescente";"Atropelamento de animal";1;0;0;0;0;0;0;0;0;0;1;0;0;0;0
"15/04/2024";"11:58:00";"377";"Sem vítima";"414,000";"BR-386/RS";"Crescente";"Capotamento";1;0;0;0;0;0;0;0;0;0;1;0;0;0;0
"16/04/2024";"07:11:57";"76";"Sem vítima";"19,000";"BR-290/RS";"Crescente";"Saída de pista";1;0;0;0;0;0;0;0;0;0;2;0;0;0;0
"16/04/2024";"07:33:55";"105";"Sem vítima";"92,000";"BR-290/RS";"Decrescente";"Colisão traseira";1;0;0;1;0;0;0;0;0;0;2;0;0;0;0
"16/04/2024";"11:19:00";"190";"Sem vítima";"347,000";"BR-386/RS";"Crescente";"Saída de pista";1;0;0;0;0;0;0;0;0;0;1;0;0;0;0
"16/04/2024";"01:20:35";"214";"Sem vítima";"440,000";"BR-386/RS";"Crescente";"Saída de pista";1;0;0;0;0;0;0;0;0;0;2;0;0;0;0
"16/04/2024";"01:39:20";"216";"Com vítima";"351,000";"BR-386/RS";"Decrescente";"Colisão lateral no mesmo sentido";0;0;0;1;0;0;0;0;0;0;0;1;0;0;0
"16/04/2024";"02:03:05";"221";"Sem vítima";"343,000";"BR-386/RS";"Crescente";"Colisão traseira";1;0;1;0;0;0;0;0;0;0;2;0;0;0;0
"16/04/2024";"02:21:00";"225";"Sem vítima";"11,000";"BR-290/RS";"Decrescente";"Saída de pista";1;0;0;0;0;0;0;0;0;0;2;0;0;0;0
"16/04/2024";"04:57:15";"244";"Sem vítima";"344,300";"BR-386/RS";"Crescente";"Colisão lateral no mesmo sentido";1;0;1;0;0;0;0;0;0;0;2;0;0;0;0
"16/04/2024";"05:04:53";"245";"Com vítima";"242,000";"BR-386/RS";"Decrescente";"Queda de moto";0;0;0;1;0;0;0;0;0;0;1;0;1;0;0
"16/04/2024";"07:24:44";"266";"Sem vítima";"21,900";"BR-448/RS";"Crescente";"Saída de pista";1;0;0;0;0;0;0;0;0;0;1;0;0;0;0
"16/04/2024";"07:25:30";"265";"Sem vítima";"324,900";"BR-386/RS";"Decrescente";"Acidentes de outra natureza";0;0;1;0;0;0;0;0;0;0;1;0;0;0;0
"16/04/2024";"07:41:00";"268";"Sem vítima";"180,150";"BR-386/RS";"Crescente";"Saída de pista";1;0;0;0;0;0;0;0;0;0;1;0;0;0;0
"16/04/2024";"11:15:34";"295";"Sem vítima";"21,900";"BR-448/RS";"Crescente";"Choque";1;0;0;0;0;0;0;0;0;0;1;0;0;0;0
"17/04/2024";"09:43:58";"134";"Sem vítima";"96,300";"BR-290/RS";"Crescente";"Colisão lateral no mesmo sentido";2;0;0;1;0;0;0;0;0;0;3;0;0;0;0
"17/04/2024";"09:53:07";"140";"Com vítima";"66,200";"BR-290/RS";"Crescente";"Queda de moto";0;0;0;1;0;0;0;0;0;0;0;1;1;0;0
"17/04/2024";"11:06:00";"156";"Com vítima";"4,000";"BR-448/RS";"Decrescente";"Colisão lateral no mesmo sentido";1;0;2;0;0;0;0;0;0;0;1;1;0;0;0
"17/04/2024";"04:50:13";"230";"Sem vítima";"240,000";"BR-386/RS";"Decrescente";"Colisão transversal";1;0;3;0;0;0;0;0;0;0;4;0;0;0;0
"17/04/2024";"07:17:09";"258";"Sem vítima";"394,000";"BR-386/RS";"Crescente";"Saída de pista";1;0;0;0;0;0;0;0;0;0;1;0;0;0;0
"17/04/2024";"07:19:43";"259";"Sem vítima";"35,000";"BR-101/RS";"Decrescente";"Colisão traseira";1;0;1;0;0;0;0;0;0;0;7;0;0;0;0
"18/04/2024";"10:32:54";"165";"Sem vítima";"19,000";"BR-290/RS";"Decrescente";"Colisão traseira";2;0;0;0;0;0;0;0;0;0;2;0;0;0;0
"18/04/2024";"11:36:00";"183";"Com vítima";"14,000";"BR-290/RS";"Decrescente";"Saída de pista";0;0;0;0;0;0;0;0;0;1;1;0;1;0;0
"18/04/2024";"12:21:14";"189";"Sem vítima";"83,000";"BR-290/RS";"Crescente";"Colisão lateral no mesmo sentido";1;0;0;0;0;0;0;0;0;0;1;0;0;0;0
"18/04/2024";"05:05:35";"254";"Sem vítima";"51,000";"BR-101/RS";"Decrescente";"Colisão traseira";2;0;0;0;0;0;0;0;0;0;4;0;0;0;0
"18/04/2024";"05:11:10";"255";"Sem vítima";"309,000";"BR-386/RS";"Crescente";"Colisão traseira";1;0;1;0;0;0;0;0;0;0;4;0;0;0;0
"18/04/2024";"05:50:40";"259";"Sem vítima";"442,000";"BR-386/RS";"Crescente";"Colisão traseira";2;0;0;1;0;0;0;0;0;0;3;0;0;0;0
"19/04/2024";"02:22:09";"9";"Sem vítima";"79,000";"BR-290/RS";"Crescente";"Colisão traseira";1;0;1;0;0;0;0;0;0;0;2;0;0;0;0
"19/04/2024";"07:13:00";"52";"Sem vítima";"51,134";"BR-101/RS";"Crescente";"Colisão lateral no mesmo sentido";1;0;1;0;0;0;0;0;0;0;2;0;0;0;0
"19/04/2024";"02:35:02";"222";"Sem vítima";"224,000";"BR-386/RS";"Decrescente";"Colisão traseira";1;0;0;0;0;0;0;0;0;0;1;0;0;0;0
"19/04/2024";"04:55:22";"258";"Sem vítima";"424,200";"BR-386/RS";"Decrescente";"Colisão lateral no mesmo sentido";1;0;1;0;0;0;0;0;0;0;2;0;0;0;0
"19/04/2024";"07:56:37";"302";"Sem vítima";"263,000";"BR-386/RS";"Crescente";"Colisão lateral no mesmo sentido";0;0;2;0;0;0;0;0;0;0;2;0;0;0;0