data;horario;n_da_ocorrencia;tipo_de_ocorrencia;km;trecho;sentido;tipo_de_acidente;automovel;bicicleta;caminhao;moto;onibus;outros;tracao_animal;transporte_de_cargas_especiais;trator_maquinas;utilitarios;ilesos;levemente_feridos;moderadamente_feridos;gravemente_feridos;mortos
"19/04/2024";"11:47:00";"348";"Sem vítima";"433,000";"BR-386/RS";"Crescente";"Choque";1;0;0;0;0;0;0;0;0;0;2;0;0;0;0
"20/04/2024";"12:38:47";"166";"Sem vítima";"426,300";"BR-386/RS";"Crescente";"Colisão lateral no mesmo sentido";2;0;0;0;0;0;0;0;0;0;5;0;0;0;0
"20/04/2024";"02:42:25";"193";"Sem vítima";"440,000";"BR-386/RS";"Decrescente";"Choque";1;0;0;0;0;0;0;0;0;0;1;0;0;0;0
"20/04/2024";"03:14:00";"196";"Com vítima";"90,000";"BR-290/RS";"Decrescente";"Colisão lateral no mesmo sentido";2;0;0;0;0;0;0;0;0;0;4;1;0;0;0
"20/04/2024";"09:48:31";"272";"Sem vítima";"34,000";"BR-101/RS";"Crescente";"Choque";1;0;0;0;0;0;0;0;0;0;1;0;0;0;0
"21/04/2024";"04:27:00";"25";"Sem vítima";"272,000";"BR-386/RS";"Decrescente";"Choque";1;0;0;0;0;0;0;0;0;0;1;0;0;0;0
"21/04/2024";"12:02:45";"104";"Com vítima";"83,287";"BR-101/RS";"Decrescente";"Queda de moto";0;0;0;1;0;0;0;0;0;0;0;2;0;0;0
"21/04/2024";"06:29:49";"171";"Sem vítima";"211,000";"BR-386/RS";"Decrescente";"Choque";1;0;0;0;0;0;0;0;0;0;1;0;0;0;0
"21/04/2024";"07:18:54";"189";"Com vítima";"345,000";"BR-386/RS";"Crescente";"Queda de moto";0;0;0;1;0;0;0;0;0;0;0;0;0;1;0
"21/04/2024";"07:50:39";"201";"Sem vítima";"349,000";"BR-386/RS";"Crescente";"Acidentes de outra natureza";1;0;0;0;0;0;0;0;0;0;1;0;0;0;0
"22/04/2024";"01:28:58";"8";"Sem vítima";"414,000";"BR-386/RS";"Crescente";"Choque";1;0;0;0;0;0;0;0;0;0;3;0;0;0;0
"22/04/2024";"06:52:53";"38";"Sem vítima";"26,000";"BR-290/RS";"Decrescente";"Saída de pista";1;0;0;0;0;0;0;0;0;0;2;0;0;0;0
"22/04/2024";"01:26:25";"182";"Sem vítima";"215,000";"BR-386/RS";"Crescente";"Saída de pista";1;0;0;0;0;0;0;0;0;0;2;0;0;0;0
"22/04/2024";"03:18:00";"208";"Com vítima";"427,000";"BR-386/RS";"Crescente";"Saída de pista";0;0;1;0;0;0;0;0;0;0;0;0;1;0;0
"22/04/2024";"04:52:20";"218";"Sem vítima";"426,000";"BR-386/RS";"Crescente";"Colisão transversal";1;0;1;0;0;0;0;0;0;0;3;0;0;0;0
"22/04/2024";"07:49:00";"248";"Com vítima";"22,488";"BR-290/RS";"Crescente";"Colisão traseira";0;0;2;0;0;0;0;0;0;0;1;0;1;0;0
"22/04/2024";"09:57:05";"259";"Sem vítima";"356,000";"BR-386/RS";"Decrescente";"Saída de pista";1;0;0;0;0;0;0;0;0;0;1;0;0;0;0
"23/04/2024";"04:10:19";"223";"Sem vítima";"424,000";"BR-386/RS";"Crescente";"Colisão traseira";1;0;1;0;0;0;0;0;0;0;3;0;0;0;0
"23/04/2024";"04:10:45";"224";"Sem vítima";"424,000";"BR-386/RS";"Decrescente";"Colisão traseira";1;0;1;0;0;0;0;0;0;0;2;0;0;0;0
"23/04/2024";"06:04:26";"245";"Sem vítima";"422,000";"BR-386/RS";"Crescente";"Choque";1;0;0;0;0;0;0;0;0;0;1;0;0;0;0
"24/04/2024";"07:53:36";"79";"Sem vítima";"85,000";"BR-290/RS";"Crescente";"Colisão traseira";2;0;0;0;0;0;0;0;0;0;2;0;0;0;0
"24/04/2024";"08:16:23";"89";"Sem vítima";"294,000";"BR-386/RS";"Crescente";"Tombamento";0;0;0;0;0;0;0;1;0;0;1;0;0;0;0
"24/04/2024";"10:03:00";"128";"Sem vítima";"43,177";"BR-101/RS";"Crescente";"Colisão transversal";1;0;0;0;0;0;0;0;0;0;1;0;0;0;0
"24/04/2024";"11:48:10";"166";"Sem vítima";"333,000";"BR-386/RS";"Decrescente";"Saída de pista";1;0;0;0;0;0;0;0;0;0;2;0;0;0;0
"24/04/2024";"05:08:32";"250";"Sem vítima";"423,100";"BR-386/RS";"Decrescente";"Colisão lateral no mesmo sentido";1;0;1;0;0;0;0;0;0;0;2;0;0;0;0
"24/04/2024";"05:58:00";"255";"Sem vítima";"411,000";"BR-386/RS";"Crescente";"Colisão traseira";1;0;1;0;0;0;0;0;0;0;3;0;0;0;0
"24/04/2024";"09:52:51";"295";"Sem vítima";"342,000";"BR-386/RS";"Decrescente";"Colisão traseira";2;0;0;0;0;0;0;0;0;0;2;0;0;0;0
"24/04/2024";"10:58:00";"301";"Com vítima";"89,000";"BR-290/RS";"Decrescente";"Colisão lateral no mesmo sentido";1;0;0;1;0;0;0;0;0;0;1;1;0;0;0
"25/04/2024";"09:54:06";"178";"Sem vítima";"347,000";"BR-386/RS";"Crescente";"Colisão lateral no mesmo sentido";1;0;0;0;0;0;0;1;0;0;2;0;0;0;0
"25/04/2024";"10:49:03";"188";"Sem vítima";"92,000";"BR-290/RS";"Decrescente";"Capotamento";1;0;0;0;0;0;0;0;0;0;1;0;0;0;0
"25/04/2024";"01:11:22";"217";"Com vítima";"342,800";"BR-386/RS";"Crescente";"Colisão traseira";2;0;0;0;0;0;0;0;0;0;2;1;0;0;0
"25/04/2024";"03:21:46";"252";"Sem vítima";"362,000";"BR-386/RS";"Decrescente";"Colisão lateral no mesmo sentido";2;0;0;0;0;0;0;0;0;0;3;0;0;0;0
"25/04/2024";"05:34:01";"274";"Sem vítima";"337,000";"BR-386/RS";"Decrescente";"Colisão lateral no mesmo sentido";1;0;0;0;0;0;0;0;0;0;1;0;0;0;0
"25/04/2024";"08:22:18";"301";"Sem vítima";"31,000";"BR-290/RS";"Decrescente";"Choque";1;0;0;0;0;0;0;0;0;0;1;0;0;0;0
"26/04/2024";"07:43:56";"71";"Sem vítima";"76,500";"BR-290/RS";"Decrescente";"Saída de pista";1;0;0;0;0;0;0;0;0;0;1;0;0;0;0
"26/04/2024";"08:17:38";"90";"Sem vítima";"95,000";"BR-290/RS";"Crescente";"Colisão lateral no mesmo sentido";1;0;1;0;0;0;0;0;0;0;3;0;0;0;0
"26/04/2024";"08:20:38";"95";"Sem vítima";"262,000";"BR-386/RS";"Crescente";"Choque";0;0;1;0;0;0;0;0;0;0;1;0;0;0;0
"26/04/2024";"08:43:23";"106";"Sem vítima";"417,000";"BR-386/RS";"Crescente";"Saída de pista";1;0;0;0;0;0;0;0;0;0;1;0;0;0;0
"26/04/2024";"08:47:24";"108";"Sem vítima";"95,000";"BR-290/RS";"Crescente";"Colisão traseira";2;0;0;0;0;0;0;0;0;0;2;0;0;0;0
"26/04/2024";"09:34:10";"127";"Sem vítima";"333,000";"BR-386/RS";"Decrescente";"Colisão lateral no mesmo sentido";1;0;1;0;0;0;0;0;0;0;3;0;0;0;0
"26/04/2024";"10:12:53";"138";"Sem vítima";"440,000";"BR-386/RS";"Decrescente";"Saída de pista";1;0;0;0;0;0;0;0;0;0;1;0;0;0;0
"26/04/2024";"12:59:38";"167";"Sem vítima";"350,000";"BR-386/RS";"Crescente";"Colisão lateral no mesmo sentido";1;0;1;0;0;0;0;0;0;0;2;0;0;0;0
"26/04/2024";"02:40:45";"188";"Sem vítima";"319,000";"BR-386/RS";"Decrescente";"Queda de carga";1;0;0;0;0;0;0;0;0;0;3;0;0;0;0
"26/04/2024";"06:28:56";"233";"Com vítima";"245,000";"BR-386/RS";"Decrescente";"Colisão transversal";2;0;0;0;0;0;0;0;0;0;2;0;1;0;0
"26/04/2024";"07:52:14";"250";"Sem vítima";"92,000";"BR-290/RS";"Decrescente";"Colisão traseira";2;0;0;0;0;0;0;0;0;0;4;0;0;0;0
"27/04/2024";"12:30:50";"4";"Sem vítima";"347,000";"BR-386/RS";"Decrescente";"Capotamento";1;0;0;0;0;0;0;0;0;0;2;0;0;0;0
"27/04/2024";"04:20:50";"18";"Sem vítima";"342,000";"BR-386/RS";"Decrescente";"Capotamento";1;0;0;0;0;0;0;0;0;0;1;0;0;0;0
"27/04/2024";"08:32:45";"89";"Com vítima";"23,000";"BR-290/RS";"Crescente";"Capotamento";1;0;0;0;0;0;0;0;0;0;0;0;2;0;0
"27/04/2024";"12:22:54";"144";"Sem vítima";"440,000";"BR-386/RS";"Decrescente";"Choque";1;0;0;0;0;0;0;0;0;0;1;0;0;0;0
"27/04/2024";"03:02:54";"165";"Sem vítima";"413,000";"BR-386/RS";"Crescente";"Saída de pista";1;0;0;0;0;0;0;0;0;0;1;0;0;0;0
"27/04/2024";"04:41:00";"184";"Sem vítima";"1,000";"BR-290/RS";"Decrescente";"Saída de pista";1;0;0;0;0;0;0;0;0;0;1;0;0;0;0
"27/04/2024";"04:55:14";"187";"Sem vítima";"440,000";"BR-386/RS";"Decrescente";"Saída de pista";1;0;0;0;0;0;0;0;0;0;1;0;0;0;0
"27/04/2024";"05:06:33";"188";"Sem vítima";"94,000";"BR-290/RS";"Crescente";"Choque";1;0;0;0;0;0;0;0;0;0;2;0;0;0;0
"27/04/2024";"05:59:27";"197";"Sem vítima";"420,000";"BR-386/RS";"Decrescente";"Saída de pista";1;0;0;0;0;0;0;0;0;0;1;0;0;0;0
"27/04/2024";"06:59:08";"208";"Sem vítima";"345,000";"BR-386/RS";"Crescente";"Saída de pista";1;0;0;0;0;0;0;0;0;0;1;0;0;0;0
"27/04/2024";"07:13:00";"212";"Com vítima";"294,000";"BR-386/RS";"Crescente";"Queda de moto";0;0;0;1;0;0;0;0;0;0;0;0;1;0;0
"27/04/2024";"07:55:00";"223";"Sem vítima";"347,000";"BR-386/RS";"Crescente";"Choque";1;0;0;0;0;0;0;0;0;0;2;0;0;0;0
"27/04/2024";"08:49:00";"229";"Sem vítima";"37,000";"BR-101/RS";"Decrescente";"Saída de pista";1;0;0;0;0;0;0;0;0;0;1;0;0;0;0
"28/04/2024";"12:57:00";"91";"Com vítima";"93,900";"BR-290/RS";"Crescente";"Queda de moto";1;0;0;0;0;0;0;0;0;0;0;2;0;0;0
"28/04/2024";"06:42:29";"138";"Sem vítima";"308,000";"BR-386/RS";"Decrescente";"Tombamento";0;0;1;0;0;0;0;0;0;0;1;0;0;0;0
"28/04/2024";"06:47:49";"140";"Sem vítima";"94,475";"BR-290/RS";"Decrescente";"Colisão traseira";1;0;0;0;0;0;0;0;0;0;1;0;0;0;0
"28/04/2024";"06:52:00";"142";"Com vítima";"219,000";"BR-386/RS";"Crescente";"Colisão traseira";2;0;0;0;0;0;0;0;0;0;1;1;0;0;0
"28/04/2024";"07:22:14";"147";"Sem vítima";"17,000";"BR-448/RS";"Decrescente";"Choque";1;0;0;0;0;0;0;0;0;0;3;0;0;0;0
"29/04/2024";"12:38:00";"6";"Sem vítima";"302,000";"BR-386/RS";"Crescente";"Saída de pista";1;0;0;0;0;0;0;0;0;0;2;0;0;0;0
"29/04/2024";"01:42:54";"9";"Sem vítima";"302,000";"BR-386/RS";"Crescente";"Saída de pista";1;0;0;0;0;0;0;0;0;0;4;0;0;0;0
"29/04/2024";"06:29:00";"22";"Sem vítima";"436,250";"BR-386/RS";"Decrescente";"Choque";0;0;1;0;0;0;0;0;0;0;1;0;0;0;0
"29/04/2024";"07:43:44";"86";"Sem vítima";"324,100";"BR-386/RS";"Crescente";"Saída de pista";1;0;0;0;0;0;0;0;0;0;1;0;0;0;0
"29/04/2024";"08:53:01";"124";"Sem vítima";"306,900";"BR-386/RS";"Decrescente";"Colisão traseira";2;0;0;0;0;0;0;0;0;0;2;0;0;0;0
"29/04/2024";"09:36:00";"139";"Sem vítima";"46,000";"BR-290/RS";"Crescente";"Saída de pista";1;0;0;0;0;0;0;0;0;0;1;0;0;0;0
"29/04/2024";"10:13:00";"155";"Sem vítima";"411,200";"BR-386/RS";"Crescente";"Saída de pista";1;0;0;0;0;0;0;0;0;0;1;0;0;0;0
"29/04/2024";"12:46:25";"174";"Com vítima";"351,000";"BR-386/RS";"Decrescente";"Saída de pista";1;0;0;0;0;0;0;0;0;0;0;0;1;0;0
"29/04/2024";"01:15:01";"176";"Sem vítima";"351,000";"BR-386/RS";"Decrescente";"Saída de pista";1;0;0;0;0;0;0;0;0;0;1;0;0;0;0
"29/04/2024";"01:20:56";"179";"Sem vítima";"351,000";"BR-386/RS";"Decrescente";"Saída de pista";1;0;0;0;0;0;0;0;0;0;1;0;0;0;0
"29/04/2024";"01:45:27";"183";"Com vítima";"19,000";"BR-290/RS";"Crescente";"Colisão traseira";1;0;1;0;0;0;0;0;0;0;4;1;0;0;0
"29/04/2024";"03:35:10";"196";"Sem vítima";"26,200";"BR-290/RS";"Crescente";"Colisão lateral no mesmo sentido";1;0;1;0;0;0;0;0;0;0;2;0;0;0;0
"29/04/2024";"08:15:00";"274";"Sem vítima";"400,000";"BR-386/RS";"Crescente";"Acidentes de outra natureza";1;0;0;0;0;0;0;0;0;0;2;0;0;0;0
"29/04/2024";"08:30:05";"278";"Sem vítima";"251,000";"BR-386/RS";"Crescente";"Choque";1;0;0;0;0;0;0;0;0;0;1;0;0;0;0
"29/04/2024";"11:54:00";"305";"Sem vítima";"44,000";"BR-290/RS";"Crescente";"Atropelamento de animal";1;0;0;0;0;0;0;0;0;0;3;0;0;0;0
"30/04/2024";"12:37:54";"9";"Sem vítima";"44,000";"BR-290/RS";"Crescente";"Atropelamento de animal";1;0;0;0;0;0;0;0;0;0;2;0;0;0;0
"30/04/2024";"12:40:00";"10";"Com vítima";"272,000";"BR-386/RS";"Decrescente";"Saída de pista";1;0;0;0;0;0;0;0;0;0;1;0;0;1;0
"30/04/2024";"03:04:23";"15";"Com vítima";"421,000";"BR-386/RS";"Crescente";"Acidentes de outra natureza";0;0;1;0;0;0;0;0;0;0;0;1;0;0;0
"30/04/2024";"07:54:00";"72";"Sem vítima";"36,000";"BR-290/RS";"Crescente";"Saída de pista";1;0;0;0;0;0;0;0;0;0;1;0;0;0;0
"30/04/2024";"07:58:45";"74";"Com vítima";"349,000";"BR-386/RS";"Decrescente";"Engavetamento";3;0;0;0;0;0;0;0;0;0;2;0;1;0;0
"30/04/2024";"08:34:36";"86";"Sem vítima";"311,000";"BR-386/RS";"Decrescente";"Acidentes de outra natureza";0;0;1;0;0;0;0;0;0;0;1;0;0;0;0
"30/04/2024";"08:35:14";"87";"Sem vítima";"396,000";"BR-386/RS";"Decrescente";"Saída de pista";1;0;0;0;0;0;0;0;0;0;4;0;0;0;0
"30/04/2024";"08:35:59";"88";"Sem vítima";"396,000";"BR-386/RS";"Decrescente";"Saída de pista";1;0;0;0;0;0;0;0;0;0;1;0;0;0;0
"30/04/2024";"08:47:19";"97";"Sem vítima";"396,000";"BR-386/RS";"Decrescente";"Saída de pista";0;0;1;0;0;0;0;0;0;0;1;0;0;0;0
"30/04/2024";"10:35:08";"131";"Sem vítima";"10,000";"BR-290/RS";"Decrescente";"Saída de pista";1;0;0;0;0;0;0;0;0;0;1;0;0;0;0
"30/04/2024";"11:10:50";"133";"Sem vítima";"315,200";"BR-386/RS";"Crescente";"Acidentes de outra natureza";2;0;0;0;0;0;0;0;0;0;2;0;0;0;0
"30/04/2024";"12:31:00";"152";"Com vítima";"54,000";"BR-290/RS";"Crescente";"Capotamento";1;0;0;0;0;0;0;0;0;0;0;2;0;0;0
"30/04/2024";"01:41:39";"160";"Sem vítima";"251,000";"BR-386/RS";"Decrescente";"Saída de pista";1;0;0;0;0;0;0;0;0;0;2;0;0;0;0
"30/04/2024";"02:46:00";"168";"Sem vítima";"218,900";"BR-386/RS";"Decrescente";"Capotamento";1;0;0;0;0;0;0;0;0;0;1;0;0;0;0
"30/04/2024";"03:53:18";"181";"Sem vítima";"431,500";"BR-386/RS";"Decrescente";"Saída de pista";1;0;0;0;0;0;0;0;0;0;4;0;0;0;0
"30/04/2024";"04:35:43";"189";"Com vítima";"94,000";"BR-290/RS";"Decrescente";"Tombamento";0;0;1;0;0;0;0;0;0;0;2;1;0;0;0
"30/04/2024";"05:27:09";"194";"Com vítima";"272,000";"BR-386/RS";"Decrescente";"Colisão transversal";2;0;0;0;0;0;0;0;0;0;0;0;1;1;0
"30/04/2024";"09:07:00";"234";"Sem vítima";"383,000";"BR-386/RS";"Decrescente";"Saída de pista";1;0;0;0;0;0;0;0;0;0;1;0;0;0;0
"01/05/2024";"05:13:39";"31";"Sem vítima";"16,000";"BR-101/RS";"Decrescente";"Choque";1;0;0;0;0;0;0;0;0;0;2;0;0;0;0
"01/05/2024";"10:30:42";"78";"Sem vítima";"417,000";"BR-386/RS";"Decrescente";"Saída de pista";1;0;0;0;0;0;0;0;0;0;1;0;0;0;0
"01/05/2024";"12:38:00";"101";"Sem vítima";"22,000";"BR-448/RS";"Crescente";"Saída de pista";1;0;0;0;0;0;0;0;0;0;1;0;0;0;0
"01/05/2024";"01:10:00";"105";"Sem vítima";"21,600";"BR-290/RS";"Decrescente";"Saída de pista";1;0;0;0;0;0;0;0;0;0;1;0;0;0;0
"01/05/2024";"01:30:21";"108";"Com vítima";"10,150";"BR-290/RS";"Crescente";"Saída de pista";1;0;0;0;0;0;0;0;0;0;1;1;0;0;0
"01/05/2024";"02:25:48";"116";"Sem vítima";"432,000";"BR-386/RS";"Crescente";"Saída de pista";1;0;0;0;0;0;0;0;0;0;1;0;0;0;0
"01/05/2024";"07:46:10";"166";"Com vítima";"446,000";"BR-386/RS";"Decrescente";"Queda de moto";0;0;0;1;0;0;0;0;0;0;0;1;0;0;0
"02/05/2024";"02:44:02";"108";"Sem vítima";"346,000";"BR-386/RS";"Decrescente";"Colisão traseira";2;0;0;0;0;0;0;0;0;0;2;0;0;0;0
"02/05/2024";"04:10:00";"125";"Sem vítima";"240,000";"BR-386/RS";"Decrescente";"Choque";1;0;0;0;0;0;0;0;0;0;1;0;0;0;0
"03/05/2024";"01:21:45";"100";"Sem vítima";"84,270";"BR-290/RS";"Decrescente";"Colisão traseira";2;0;0;0;0;0;0;0;0;0;2;0;0;0;0
"03/05/2024";"05:15:39";"131";"Sem vítima";"19,000";"BR-290/RS";"Crescente";"Colisão traseira";1;0;1;0;0;0;0;0;0;0;2;0;0;0;0
"03/05/2024";"07:00:41";"141";"Sem vítima";"62,000";"BR-290/RS";"Decrescente";"Saída de pista";1;0;0;0;0;0;0;0;0;0;2;0;0;0;0
"03/05/2024";"10:46:00";"167";"Sem vítima";"184,000";"BR-386/RS";"Crescente";"Capotamento";1;0;0;0;0;0;0;0;0;0;1;0;0;0;0
"04/05/2024";"11:44:44";"77";"Sem vítima";"273,000";"BR-386/RS";"Crescente";"Colisão traseira";1;0;0;0;0;0;0;0;0;0;2;0;0;0;0
"04/05/2024";"08:05:27";"126";"Sem vítima";"346,000";"BR-386/RS";"Decrescente";"Choque";1;0;0;0;0;0;0;0;0;0;1;0;0;0;0
"04/05/2024";"10:37:45";"145";"Com vítima";"16,400";"BR-101/RS";"Decrescente";"Choque";1;0;0;0;0;0;0;0;0;0;0;1;0;0;0
"05/05/2024";"02:20:00";"23";"Sem vítima";"236,000";"BR-386/RS";"Decrescente";"Choque";1;0;0;0;0;0;0;0;0;0;1;0;0;0;0
"05/05/2024";"12:41:53";"78";"Com vítima";"83,000";"BR-290/RS";"Decrescente";"Colisão traseira";2;0;0;0;0;0;0;0;0;0;2;1;0;0;0
"05/05/2024";"06:53:45";"129";"Sem vítima";"343,000";"BR-386/RS";"Crescente";"Acidentes de outra natureza";1;0;0;0;0;0;0;0;0;0;1;0;0;0;0
"06/05/2024";"01:58:24";"40";"Sem vítima";"45,000";"BR-290/RS";"Decrescente";"Capotamento";1;0;0;0;0;0;0;0;0;0;1;0;0;0;0
"06/05/2024";"04:44:54";"181";"Sem vítima";"92,000";"BR-290/RS";"Decrescente";"Choque";1;0;0;0;0;0;0;0;0;0;1;0;0;0;0
"06/05/2024";"09:49:00";"289";"Sem vítima";"31,210";"BR-290/RS";"Decrescente";"Saída de pista";1;0;0;0;0;0;0;0;0;0;2;0;0;0;0
"06/05/2024";"11:31:00";"299";"Sem vítima";"87,000";"BR-101/RS";"Decrescente";"Choque";1;0;0;0;0;0;0;0;0;0;4;0;0;0;0
"07/05/2024";"03:33:00";"11";"Sem vítima";"85,500";"BR-101/RS";"Decrescente";"Choque";0;0;1;0;0;0;0;0;0;0;1;0;0;0;0
"07/05/2024";"05:37:28";"25";"Sem vítima";"68,000";"BR-290/RS";"Crescente";"Capotamento";1;0;0;0;0;0;0;0;0;0;1;0;0;0;0
"08/05/2024";"01:06:00";"7";"Sem vítima";"60,000";"BR-101/RS";"Crescente";"Saída de pista";1;0;0;0;0;0;0;0;0;0;2;0;0;0;0
"08/05/2024";"01:13:00";"9";"Sem vítima";"13,000";"BR-290/RS";"Crescente";"Saída de pista";1;0;0;0;0;0;0;0;0;0;2;0;0;0;0
"08/05/2024";"06:22:00";"26";"Sem vítima";"85,000";"BR-290/RS";"Decrescente";"Queda de moto";0;0;0;1;0;0;0;0;0;0;2;0;0;0;0
"08/05/2024";"12:48:27";"130";"Sem vítima";"81,000";"BR-290/RS";"Decrescente";"Saída de pista";0;0;1;0;0;0;0;0;0;0;2;0;0;0;0
"08/05/2024";"01:04:55";"134";"Com vítima";"344,900";"BR-386/RS";"Crescente";"Colisão traseira";0;0;0;1;0;0;0;0;0;0;1;1;0;0;0
"08/05/2024";"02:25:45";"150";"Com vítima";"296,000";"BR-386/RS";"Decrescente";"Capotamento";1;0;0;0;0;0;0;0;0;0;0;1;0;0;0
"08/05/2024";"04:10:30";"176";"Com vítima";"366,000";"BR-386/RS";"Decrescente";"Capotamento";1;0;0;0;0;0;0;0;0;0;1;1;0;0;0
"08/05/2024";"06:55:30";"199";"Com vítima";"3,000";"BR-448/RS";"Crescente";"Colisão frontal";1;0;0;0;0;0;0;0;0;0;0;0;0;1;1
"09/05/2024";"02:16:00";"151";"Com vítima";"190,000";"BR-386/RS";"Decrescente";"Queda de moto";0;0;0;1;0;0;0;0;0;0;0;1;0;0;0
"09/05/2024";"06:46:19";"184";"Sem vítima";"96,000";"BR-290/RS";"Decrescente";"Queda de moto";0;0;0;1;0;0;0;0;0;0;2;0;0;0;0
"09/05/2024";"06:58:41";"188";"Sem vítima";"21,000";"BR-290/RS";"Crescente";"Colisão lateral no mesmo sentido";2;0;0;0;0;0;0;0;0;0;2;0;0;0;0
"09/05/2024";"08:55:22";"208";"Com vítima";"19,000";"BR-290/RS";"Crescente";"Queda de moto";0;0;0;1;0;0;0;0;0;0;0;2;0;0;0
"09/05/2024";"09:24:22";"213";"Sem vítima";"440,000";"BR-386/RS";"Decrescente";"Acidentes de outra natureza";1;0;0;0;0;0;0;0;0;0;2;0;0;0;0
"10/05/2024";"12:27:38";"8";"Sem vítima";"86,000";"BR-290/RS";"Decrescente";"Atropelamento de animal";1;0;0;0;0;0;0;0;0;0;4;0;0;0;0
"10/05/2024";"05:59:52";"45";"Sem vítima";"71,000";"BR-101/RS";"Crescente";"Queda de moto";0;0;0;1;0;0;0;0;0;0;1;0;0;0;0
"10/05/2024";"12:21:00";"107";"Sem vítima";"36,000";"BR-290/RS";"Decrescente";"Saída de pista";1;0;0;0;0;0;0;0;0;0;3;0;0;0;0
"10/05/2024";"05:22:26";"140";"Sem vítima";"19,000";"BR-290/RS";"Crescente";"Colisão traseira";2;0;0;0;0;0;0;0;0;0;2;0;0;0;0
"10/05/2024";"07:25:14";"157";"Sem vítima";"382,000";"BR-386/RS";"Crescente";"Saída de pista";1;0;0;0;0;0;0;0;0;0;1;0;0;0;0
"11/05/2024";"10:29:00";"60";"Com vítima";"52,000";"BR-101/RS";"Decrescente";"Saída de pista";0;0;1;0;0;0;0;0;0;0;0;0;2;0;0
"11/05/2024";"12:00:17";"74";"Sem vítima";"349,200";"BR-386/RS";"Decrescente";"Colisão traseira";2;0;0;0;0;0;0;0;0;0;3;0;0;0;0
"11/05/2024";"02:34:00";"91";"Com vítima";"389,000";"BR-386/RS";"Decrescente";"Colisão lateral no mesmo sentido";2;0;0;0;0;0;0;0;0;0;1;1;0;0;0
"11/05/2024";"03:26:31";"99";"Sem vítima";"37,000";"BR-101/RS";"Crescente";"Choque";1;0;0;0;0;0;0;0;0;0;1;0;0;0;0
"11/05/2024";"03:51:00";"102";"Sem vítima";"11,000";"BR-290/RS";"Crescente";"Saída de pista";1;0;0;0;0;0;0;0;0;0;2;0;0;0;0
"11/05/2024";"04:35:18";"107";"Sem vítima";"437,000";"BR-386/RS";"Crescente";"Choque";1;0;0;0;0;0;0;0;0;0;2;0;0;0;0
"11/05/2024";"05:53:00";"120";"Sem vítima";"47,100";"BR-290/RS";"Crescente";"Saída de pista";1;0;0;0;0;0;0;0;0;0;2;0;0;0;0
"11/05/2024";"07:28:59";"133";"Sem vítima";"372,000";"BR-386/RS";"Crescente";"Choque";1;0;0;0;0;0;0;0;0;0;1;0;0;0;0
"11/05/2024";"09:45:00";"154";"Sem vítima";"36,000";"BR-290/RS";"Crescente";"Saída de pista";1;0;0;0;0;0;0;0;0;0;1;0;0;0;0
"12/05/2024";"06:00:51";"16";"Sem vítima";"77,000";"BR-290/RS";"Crescente";"Choque";1;0;0;0;0;0;0;0;0;0;1;0;0;0;0
"12/05/2024";"09:53:00";"22";"Com vítima";"383,000";"BR-386/RS";"Crescente";"Saída de pista";1;0;0;0;0;0;0;0;0;0;0;1;0;0;0
"12/05/2024";"11:13:40";"24";"Sem vítima";"236,000";"BR-386/RS";"Crescente";"Saída de pista";1;0;0;0;0;0;0;0;0;0;1;0;0;0;0
"12/05/2024";"12:31:00";"32";"Sem vítima";"10,000";"BR-290/RS";"Crescente";"Saída de pista";1;0;0;0;0;0;0;0;0;0;2;0;0;0;0
"12/05/2024";"01:26:00";"35";"Sem vítima";"63,000";"BR-290/RS";"Decrescente";"Saída de pista";1;0;0;0;0;0;0;0;0;0;2;0;0;0;0
"12/05/2024";"03:12:57";"43";"Sem vítima";"10,000";"BR-290/RS";"Decrescente";"Saída de pista";1;0;0;0;0;0;0;0;0;0;2;0;0;0;0
"12/05/2024";"03:41:00";"44";"Sem vítima";"4,000";"BR-290/RS";"Crescente";"Saída de pista";1;0;0;0;0;0;0;0;0;0;1;0;0;0;0
"12/05/2024";"04:50:00";"54";"Com vítima";"76,000";"BR-101/RS";"Decrescente";"Acidentes de outra natureza";0;0;1;0;0;0;0;0;0;0;1;0;0;0;0
"12/05/2024";"06:26:03";"63";"Sem vítima";"10,000";"BR-290/RS";"Decrescente";"Saída de pista";1;0;0;0;0;0;0;0;0;0;1;0;0;0;0
"12/05/2024";"07:34:00";"87";"Com vítima";"93,000";"BR-290/RS";"Decrescente";"Queda de moto";0;0;0;1;0;0;0;0;0;0;0;0;1;0;0