data;horario;n_da_ocorrencia;tipo_de_ocorrencia;km;trecho;sentido;tipo_de_acidente;automovel;bicicleta;caminhao;moto;onibus;outros;tracao_animal;transporte_de_cargas_especiais;trator_maquinas;utilitarios;ilesos;levemente_feridos;moderadamente_feridos;gravemente_feridos;mortos
"20/06/2024";"11:53:00";"187";"Sem vítima";"69,000";"BR-290/RS";"Decrescente";"Queda de moto";0;0;0;1;0;0;0;0;0;0;1;0;0;0;0
"20/06/2024";"02:12:24";"202";"Sem vítima";"434,000";"BR-386/RS";"Crescente";"Colisão transversal";1;0;1;0;0;0;0;0;0;0;4;0;0;0;0
"20/06/2024";"04:07:41";"229";"Sem vítima";"390,000";"BR-386/RS";"Decrescente";"Saída de pista";0;0;1;0;0;0;0;0;0;0;1;0;0;0;0
"21/06/2024";"01:31:37";"23";"Sem vítima";"79,819";"BR-290/RS";"Decrescente";"Acidentes de outra natureza";1;0;0;0;0;0;0;0;0;0;2;0;0;0;0
"21/06/2024";"01:32:19";"24";"Sem vítima";"342,000";"BR-386/RS";"Crescente";"Capotamento";1;0;0;0;0;0;0;0;0;0;1;0;0;0;0
"21/06/2024";"02:03:00";"29";"Com vítima";"281,000";"BR-386/RS";"Decrescente";"Colisão traseira";1;0;0;0;0;0;0;0;0;0;0;0;1;0;0
"21/06/2024";"07:37:00";"72";"Com vítima";"2,000";"BR-448/RS";"Crescente";"Choque";1;0;0;0;0;0;0;0;0;0;1;1;0;0;0
"21/06/2024";"10:24:20";"130";"Sem vítima";"57,000";"BR-290/RS";"Decrescente";"Saída de pista";1;0;0;0;0;0;0;0;0;0;1;0;0;0;0
"21/06/2024";"10:56:55";"135";"Sem vítima";"377,000";"BR-386/RS";"Crescente";"Choque";1;0;0;0;0;0;0;0;0;0;1;0;0;0;0
"21/06/2024";"10:59:13";"136";"Com vítima";"307,000";"BR-386/RS";"Decrescente";"Colisão frontal";1;0;0;0;0;0;0;0;0;0;0;1;0;0;0
"21/06/2024";"12:47:48";"155";"Sem vítima";"407,000";"BR-386/RS";"Decrescente";"Colisão lateral no mesmo sentido";1;0;0;0;0;0;0;0;0;0;1;0;0;0;0
"21/06/2024";"12:55:00";"156";"Sem vítima";"441,000";"BR-386/RS";"Crescente";"Choque";1;0;0;0;0;0;0;0;0;0;1;0;0;0;0
"21/06/2024";"01:49:00";"167";"Sem vítima";"11,000";"BR-290/RS";"Decrescente";"Saída de pista";1;0;0;0;0;0;0;0;0;0;3;0;0;0;0
"21/06/2024";"04:48:00";"200";"Sem vítima";"78,000";"BR-101/RS";"Crescente";"Acidentes de outra natureza";1;0;0;0;0;0;0;0;0;0;3;0;0;0;0
"21/06/2024";"04:49:43";"201";"Sem vítima";"435,000";"BR-386/RS";"Crescente";"Colisão traseira";1;0;0;1;0;0;0;0;0;0;2;0;0;0;0
"21/06/2024";"07:14:00";"230";"Com vítima";"218,000";"BR-386/RS";"Crescente";"Colisão lateral no mesmo sentido";0;0;1;1;0;0;0;0;0;0;2;0;0;1;0
"21/06/2024";"11:16:00";"275";"Sem vítima";"416,000";"BR-386/RS";"Crescente";"Saída de pista";1;0;0;0;0;0;0;0;0;0;1;0;0;0;0
"21/06/2024";"11:22:09";"278";"Com vítima";"361,000";"BR-386/RS";"Decrescente";"Saída de pista";1;0;0;0;0;0;0;0;0;0;2;0;1;0;0
"22/06/2024";"12:27:00";"9";"Sem vítima";"2,000";"BR-290/RS";"Decrescente";"Queda de moto";0;0;0;1;0;0;0;0;0;0;2;0;0;0;0
"22/06/2024";"12:33:00";"10";"Sem vítima";"252,000";"BR-386/RS";"Crescente";"Choque";1;0;0;0;0;0;0;0;0;0;4;0;0;0;0
"22/06/2024";"04:23:00";"37";"Sem vítima";"60,100";"BR-101/RS";"Crescente";"Saída de pista";0;0;1;0;0;0;0;0;0;0;1;0;0;0;0
"22/06/2024";"07:26:00";"63";"Com vítima";"391,000";"BR-386/RS";"Decrescente";"Colisão frontal";3;0;0;0;0;0;0;0;0;0;3;1;1;0;0
"22/06/2024";"09:06:17";"96";"Sem vítima";"19,000";"BR-290/RS";"Decrescente";"Colisão lateral no mesmo sentido";2;0;0;0;0;0;0;0;0;0;6;0;0;0;0
"22/06/2024";"09:25:04";"99";"Com vítima";"391,000";"BR-386/RS";"Decrescente";"Colisão traseira";1;0;1;0;0;0;0;1;0;0;1;0;1;0;0
"22/06/2024";"09:55:05";"109";"Sem vítima";"305,800";"BR-386/RS";"Crescente";"Colisão lateral no mesmo sentido";1;0;1;0;0;0;0;0;0;0;2;0;0;0;0
"22/06/2024";"10:21:27";"120";"Sem vítima";"97,000";"BR-290/RS";"Crescente";"Colisão traseira";2;0;0;0;0;0;0;0;0;0;6;0;0;0;0
"22/06/2024";"10:38:00";"125";"Sem vítima";"15,000";"BR-290/RS";"Decrescente";"Queda de moto";1;0;0;0;0;0;0;0;0;0;1;0;0;0;0
"22/06/2024";"03:28:23";"170";"Sem vítima";"35,000";"BR-101/RS";"Decrescente";"Colisão lateral no mesmo sentido";1;0;1;0;0;0;0;0;0;0;4;0;0;0;0
"22/06/2024";"03:46:28";"173";"Sem vítima";"92,000";"BR-290/RS";"Decrescente";"Colisão lateral no mesmo sentido";2;0;0;0;0;0;0;0;0;0;7;0;0;0;0
"22/06/2024";"03:49:18";"174";"Sem vítima";"226,000";"BR-386/RS";"Crescente";"Choque";1;0;0;1;0;0;0;0;0;0;2;0;0;0;0
"23/06/2024";"04:20:00";"26";"Sem vítima";"88,474";"BR-290/RS";"Crescente";"Saída de pista";1;0;0;0;0;0;0;0;0;0;1;0;0;0;0
"23/06/2024";"05:41:00";"32";"Sem vítima";"75,000";"BR-290/RS";"Decrescente";"Choque";1;0;0;0;0;0;0;0;0;0;3;0;0;0;0
"23/06/2024";"09:37:00";"69";"Sem vítima";"443,000";"BR-386/RS";"Crescente";"Saída de pista";1;0;0;0;0;0;0;0;0;0;2;0;0;0;0
"23/06/2024";"05:33:56";"161";"Com vítima";"417,000";"BR-386/RS";"Crescente";"Saída de pista";1;0;0;0;0;0;0;0;0;0;2;1;0;0;0
"23/06/2024";"07:33:26";"191";"Sem vítima";"88,000";"BR-290/RS";"Decrescente";"Choque";4;0;0;0;0;0;0;0;0;0;12;0;0;0;0
"23/06/2024";"08:38:00";"203";"Com vítima";"73,000";"BR-290/RS";"Crescente";"Queda de moto";0;0;0;2;0;0;0;0;0;0;0;2;0;0;0
"23/06/2024";"10:24:39";"218";"Sem vítima";"49,168";"BR-101/RS";"Decrescente";"Saída de pista";2;0;0;0;0;0;0;0;0;0;4;0;0;0;0
"23/06/2024";"11:18:54";"227";"Sem vítima";"9,000";"BR-448/RS";"Decrescente";"Choque";2;0;0;0;0;0;0;0;0;0;2;0;0;0;0
"24/06/2024";"09:47:00";"128";"Sem vítima";"241,000";"BR-386/RS";"Decrescente";"Colisão lateral no mesmo sentido";1;0;1;0;0;0;0;0;0;0;3;0;0;0;0
"24/06/2024";"02:01:09";"182";"Com vítima";"401,100";"BR-386/RS";"Decrescente";"Colisão lateral no mesmo sentido";1;0;2;0;0;0;0;0;0;0;3;0;0;0;1
"24/06/2024";"02:07:16";"183";"Com vítima";"435,000";"BR-386/RS";"Decrescente";"Colisão traseira";0;0;2;0;0;0;0;0;0;0;2;1;0;0;0
"24/06/2024";"02:22:36";"186";"Sem vítima";"354,000";"BR-386/RS";"Decrescente";"Colisão lateral no mesmo sentido";1;0;1;0;0;0;0;0;0;0;2;0;0;0;0
"24/06/2024";"02:35:20";"192";"Sem vítima";"94,000";"BR-290/RS";"Decrescente";"Tombamento";0;0;1;0;0;0;0;0;0;0;1;0;0;0;0
"24/06/2024";"03:45:47";"206";"Sem vítima";"91,450";"BR-290/RS";"Crescente";"Colisão lateral no mesmo sentido";2;0;0;0;0;0;0;0;0;0;2;0;0;0;0
"24/06/2024";"03:47:16";"207";"Sem vítima";"428,000";"BR-386/RS";"Decrescente";"Colisão lateral no mesmo sentido";1;0;1;0;0;0;0;0;0;0;3;0;0;0;0
"25/06/2024";"07:17:00";"55";"Com vítima";"55,000";"BR-101/RS";"Crescente";"Queda de moto";0;0;0;1;0;0;0;0;0;0;0;1;0;0;0
"25/06/2024";"07:55:13";"91";"Sem vítima";"74,000";"BR-290/RS";"Crescente";"Tombamento";0;0;1;0;0;0;0;0;0;0;1;0;0;0;0
"25/06/2024";"02:24:22";"212";"Sem vítima";"426,000";"BR-386/RS";"Crescente";"Colisão traseira";1;0;1;0;0;0;0;0;0;0;2;0;0;0;0
"25/06/2024";"04:12:32";"244";"Sem vítima";"20,000";"BR-448/RS";"Crescente";"Saída de pista";1;0;0;0;0;0;0;0;0;0;1;0;0;0;0
"25/06/2024";"05:06:08";"255";"Sem vítima";"15,000";"BR-101/RS";"Crescente";"Saída de pista";1;0;0;0;0;0;0;0;0;0;2;0;0;0;0
"25/06/2024";"06:45:21";"273";"Sem vítima";"91,000";"BR-290/RS";"Decrescente";"Colisão traseira";2;0;0;0;0;0;0;0;0;0;3;0;0;0;0
"25/06/2024";"07:02:20";"278";"Sem vítima";"216,000";"BR-386/RS";"Crescente";"Colisão transversal";1;0;0;0;0;0;0;0;0;0;1;0;0;0;0
"25/06/2024";"08:49:00";"290";"Sem vítima";"435,000";"BR-386/RS";"Decrescente";"Colisão transversal";1;0;1;0;0;0;0;0;0;0;6;0;0;0;0
"26/06/2024";"03:31:01";"16";"Com vítima";"415,000";"BR-386/RS";"Crescente";"Acidentes de outra natureza";0;0;1;0;0;0;0;0;0;0;0;1;0;0;0
"26/06/2024";"06:42:00";"30";"Sem vítima";"435,000";"BR-386/RS";"Decrescente";"Colisão lateral no mesmo sentido";2;0;0;0;0;0;0;0;0;0;2;0;0;0;0
"26/06/2024";"10:59:20";"111";"Sem vítima";"15,000";"BR-290/RS";"Crescente";"Choque";1;0;0;0;0;0;0;0;0;0;2;0;0;0;0
"26/06/2024";"12:04:19";"130";"Sem vítima";"92,000";"BR-290/RS";"Crescente";"Colisão lateral no mesmo sentido";1;0;0;0;0;0;0;0;0;0;1;0;0;0;0
"26/06/2024";"02:27:09";"150";"Sem vítima";"89,000";"BR-290/RS";"Decrescente";"Colisão traseira";2;0;0;0;0;0;0;0;0;0;5;0;0;0;0
"26/06/2024";"04:43:00";"181";"Com vítima";"389,200";"BR-386/RS";"Decrescente";"Choque";0;0;0;1;0;0;0;0;0;0;0;1;0;0;0
"26/06/2024";"05:02:31";"186";"Sem vítima";"272,000";"BR-386/RS";"Crescente";"Colisão lateral no mesmo sentido";1;0;0;0;0;0;0;0;0;1;6;0;0;0;0
"26/06/2024";"06:30:22";"207";"Sem vítima";"13,000";"BR-448/RS";"Crescente";"Capotamento";1;0;0;0;0;0;0;0;0;0;1;0;0;0;0
"26/06/2024";"07:06:27";"217";"Sem vítima";"304,000";"BR-386/RS";"Decrescente";"Colisão lateral no mesmo sentido";0;0;2;0;0;0;0;0;0;0;2;0;0;0;0
"26/06/2024";"07:31:05";"223";"Sem vítima";"345,000";"BR-386/RS";"Crescente";"Saída de pista";0;0;0;0;0;0;0;1;0;0;3;0;0;0;0
"27/06/2024";"12:25:15";"10";"Sem vítima";"35,000";"BR-101/RS";"Decrescente";"Choque";0;0;1;0;0;0;0;0;0;0;0;0;0;0;0
"27/06/2024";"09:35:29";"155";"Sem vítima";"334,100";"BR-386/RS";"Decrescente";"Colisão traseira";2;0;0;0;0;0;0;0;0;0;5;0;0;0;0
"27/06/2024";"12:46:37";"208";"Sem vítima";"68,000";"BR-290/RS";"Decrescente";"Colisão traseira";0;0;2;0;0;0;0;0;0;0;2;0;0;0;0
"27/06/2024";"02:23:17";"234";"Sem vítima";"7,000";"BR-448/RS";"Decrescente";"Choque";3;0;0;0;0;0;0;0;0;0;3;0;0;0;0
"27/06/2024";"04:43:17";"275";"Sem vítima";"428,000";"BR-386/RS";"Decrescente";"Colisão lateral no mesmo sentido";1;0;1;0;0;0;0;0;0;0;3;0;0;0;0
"27/06/2024";"08:15:00";"331";"Sem vítima";"44,000";"BR-290/RS";"Decrescente";"Atropelamento de animal";1;0;0;0;0;0;0;0;0;0;1;0;0;0;0
"27/06/2024";"08:36:00";"334";"Com vítima";"71,000";"BR-290/RS";"Decrescente";"Colisão traseira";1;0;1;0;0;0;0;0;0;0;2;0;1;0;0
"27/06/2024";"10:00:00";"343";"Sem vítima";"43,000";"BR-290/RS";"Decrescente";"Colisão traseira";0;0;1;0;0;0;0;0;0;0;1;0;0;0;0
"28/06/2024";"07:58:28";"104";"Com vítima";"9,000";"BR-448/RS";"Crescente";"Colisão lateral no mesmo sentido";3;0;1;0;0;0;0;0;0;0;3;0;1;0;0
"28/06/2024";"03:39:27";"260";"Sem vítima";"26,000";"BR-290/RS";"Decrescente";"Choque";1;0;0;0;0;0;0;0;0;0;2;0;0;0;0
"28/06/2024";"04:58:44";"274";"Sem vítima";"60,000";"BR-290/RS";"Crescente";"Choque";1;0;0;0;0;0;0;0;0;0;1;0;0;0;0
"28/06/2024";"06:03:00";"293";"Com vítima";"84,000";"BR-290/RS";"Crescente";"Queda de moto";0;0;0;1;0;0;0;0;0;0;0;0;1;0;0
"28/06/2024";"10:40:52";"349";"Sem vítima";"4,000";"BR-101/RS";"Crescente";"Capotamento";1;0;0;0;0;0;0;0;0;0;1;0;0;0;0
"29/06/2024";"01:17:14";"8";"Sem vítima";"92,000";"BR-290/RS";"Decrescente";"Choque";1;0;0;0;0;0;0;0;0;0;1;0;0;0;0
"29/06/2024";"01:57:26";"12";"Sem vítima";"351,000";"BR-386/RS";"Crescente";"Choque";1;0;0;0;0;0;0;0;0;0;1;0;0;0;0
"29/06/2024";"03:49:00";"21";"Com vítima";"53,000";"BR-290/RS";"Crescente";"Choque";1;0;0;0;0;0;0;0;0;0;0;1;0;0;0
"29/06/2024";"11:10:18";"182";"Sem vítima";"442,000";"BR-386/RS";"Crescente";"Colisão lateral no mesmo sentido";2;0;0;0;0;0;0;0;0;0;3;0;0;0;0
"29/06/2024";"11:21:08";"191";"Sem vítima";"342,000";"BR-386/RS";"Decrescente";"Colisão lateral no mesmo sentido";2;0;0;0;0;0;0;0;0;0;2;0;0;0;0
"29/06/2024";"04:05:26";"238";"Sem vítima";"307,000";"BR-386/RS";"Decrescente";"Saída de pista";0;0;1;0;0;0;0;0;0;0;1;0;0;0;0
"29/06/2024";"07:01:02";"258";"Com vítima";"19,000";"BR-290/RS";"Decrescente";"Colisão traseira";1;0;1;0;0;0;0;0;0;0;1;0;1;0;0
"29/06/2024";"09:51:41";"278";"Com vítima";"246,000";"BR-386/RS";"Crescente";"Capotamento";1;0;0;0;0;0;0;0;0;0;0;1;0;0;0
"30/06/2024";"02:59:12";"19";"Sem vítima";"51,000";"BR-290/RS";"Crescente";"Acidentes de outra natureza";1;0;0;0;0;0;0;0;0;0;2;0;0;0;0
"30/06/2024";"12:38:26";"121";"Com vítima";"57,000";"BR-290/RS";"Crescente";"Colisão lateral no mesmo sentido";2;0;0;0;0;0;0;0;0;0;4;1;3;0;0
"30/06/2024";"01:22:54";"129";"Sem vítima";"400,000";"BR-386/RS";"Crescente";"Saída de pista";1;0;0;0;0;0;0;0;0;0;1;0;0;0;0
"30/06/2024";"04:11:42";"162";"Com vítima";"440,000";"BR-386/RS";"Crescente";"Colisão traseira";1;0;0;1;0;0;0;0;0;0;1;1;0;0;0
"30/06/2024";"04:33:42";"166";"Com vítima";"434,000";"BR-386/RS";"Decrescente";"Colisão transversal";1;0;0;1;0;0;0;0;0;0;1;1;0;0;0
"30/06/2024";"05:42:36";"181";"Sem vítima";"92,000";"BR-290/RS";"Decrescente";"Choque";2;0;0;0;0;0;0;0;0;0;3;0;0;0;0
"30/06/2024";"10:08:26";"228";"Sem vítima";"435,000";"BR-386/RS";"Decrescente";"Saída de pista";1;0;0;0;0;0;0;0;0;0;1;0;0;0;0
"01/07/2024";"07:21:27";"55";"Com vítima";"1,000";"BR-290/RS";"Decrescente";"Saída de pista";0;0;1;0;0;0;0;0;0;0;0;0;2;0;0
"01/07/2024";"10:00:05";"137";"Sem vítima";"262,200";"BR-386/RS";"Crescente";"Colisão lateral no mesmo sentido";2;0;0;0;0;0;0;0;0;0;4;0;0;0;0
"01/07/2024";"10:14:45";"142";"Sem vítima";"245,800";"BR-386/RS";"Crescente";"Colisão traseira";2;0;0;0;0;0;0;0;0;0;3;0;0;0;0
"01/07/2024";"10:59:00";"154";"Com vítima";"48,000";"BR-290/RS";"Decrescente";"Queda de moto";0;0;0;1;0;0;0;0;0;0;0;1;0;0;0
"01/07/2024";"01:56:00";"195";"Com vítima";"306,800";"BR-386/RS";"Crescente";"Engavetamento";1;0;1;1;0;0;0;0;0;0;2;0;1;0;0
"01/07/2024";"02:24:59";"207";"Sem vítima";"414,200";"BR-386/RS";"Decrescente";"Colisão traseira";2;0;0;0;0;0;0;0;0;0;6;0;0;0;0
"01/07/2024";"03:45:00";"224";"Sem vítima";"96,000";"BR-290/RS";"Crescente";"Engavetamento";3;0;0;0;0;0;0;0;0;0;8;0;0;0;0
"01/07/2024";"06:06:38";"255";"Sem vítima";"35,000";"BR-101/RS";"Decrescente";"Colisão traseira";2;0;0;0;0;0;0;0;0;0;5;0;0;0;0
"01/07/2024";"10:38:48";"294";"Sem vítima";"262,000";"BR-386/RS";"Decrescente";"Choque";0;0;1;0;0;0;0;0;0;0;1;0;0;0;0
"01/07/2024";"11:27:27";"298";"Sem vítima";"96,000";"BR-290/RS";"Crescente";"Saída de pista";0;0;1;0;0;0;0;0;0;0;1;0;0;0;0
"02/07/2024";"06:26:40";"21";"Com vítima";"230,300";"BR-386/RS";"Decrescente";"Colisão frontal";1;0;0;0;0;0;0;1;0;0;1;1;0;0;1
"02/07/2024";"11:19:00";"133";"Sem vítima";"284,000";"BR-386/RS";"Decrescente";"Colisão traseira";2;0;0;0;0;0;0;0;0;0;7;0;0;0;0
"02/07/2024";"02:55:22";"165";"Sem vítima";"262,000";"BR-386/RS";"Crescente";"Colisão lateral no mesmo sentido";1;0;1;0;0;0;0;0;0;0;2;0;0;0;0
"02/07/2024";"03:34:00";"172";"Com vítima";"335,000";"BR-386/RS";"Decrescente";"Colisão transversal";1;0;1;0;0;0;0;0;0;0;0;0;1;0;0
"02/07/2024";"06:14:16";"197";"Sem vítima";"96,000";"BR-290/RS";"Decrescente";"Engavetamento";2;0;0;0;0;0;0;0;0;0;4;0;0;0;0
"02/07/2024";"08:03:00";"214";"Com vítima";"8,150";"BR-101/RS";"Decrescente";"Acidentes de outra natureza";1;0;0;0;0;0;0;0;0;0;3;0;0;0;1
"02/07/2024";"08:57:31";"221";"Sem vítima";"14,000";"BR-290/RS";"Decrescente";"Atropelamento de animal";1;0;0;0;0;0;0;0;0;0;1;0;0;0;0
"03/07/2024";"02:23:09";"12";"Sem vítima";"246,000";"BR-386/RS";"Decrescente";"Atropelamento de animal";0;0;1;0;0;0;0;0;0;0;1;0;0;0;0
"03/07/2024";"03:10:00";"14";"Sem vítima";"31,210";"BR-290/RS";"Decrescente";"Tombamento";0;0;1;0;0;0;0;0;0;0;1;0;0;0;0
"03/07/2024";"06:48:00";"28";"Sem vítima";"86,000";"BR-290/RS";"Decrescente";"Capotamento";1;0;0;0;0;0;0;0;0;0;1;0;0;0;0
"03/07/2024";"07:33:00";"50";"Sem vítima";"356,000";"BR-386/RS";"Decrescente";"Queda de moto";0;0;0;1;0;0;0;0;0;0;1;0;0;0;0
"03/07/2024";"09:03:39";"117";"Com vítima";"336,000";"BR-386/RS";"Decrescente";"Colisão lateral no mesmo sentido";1;0;0;1;0;0;0;0;0;0;1;0;1;0;0
"03/07/2024";"09:19:14";"123";"Sem vítima";"80,000";"BR-290/RS";"Decrescente";"Capotamento";1;0;0;0;0;0;0;0;0;0;1;0;0;0;0
"03/07/2024";"09:24:15";"125";"Sem vítima";"336,000";"BR-386/RS";"Crescente";"Tombamento";0;0;1;0;0;0;0;0;0;0;1;0;0;0;0
"03/07/2024";"10:21:55";"138";"Sem vítima";"333,000";"BR-386/RS";"Crescente";"Colisão traseira";2;0;0;0;0;0;0;0;0;0;3;0;0;0;0
"03/07/2024";"03:34:29";"198";"Sem vítima";"351,000";"BR-386/RS";"Crescente";"Colisão traseira";1;0;1;0;0;0;0;0;0;0;3;0;0;0;0
"03/07/2024";"05:41:31";"236";"Com vítima";"428,000";"BR-386/RS";"Crescente";"Colisão frontal";2;0;0;0;0;0;0;0;0;0;0;0;1;1;0
"04/07/2024";"12:09:09";"5";"Sem vítima";"303,000";"BR-386/RS";"Decrescente";"Colisão lateral no mesmo sentido";0;0;2;0;0;0;0;0;0;0;1;0;0;0;0
"04/07/2024";"01:21:00";"14";"Com vítima";"364,000";"BR-386/RS";"Crescente";"Choque";1;0;0;0;0;0;0;0;0;0;0;1;0;0;0
"04/07/2024";"07:43:04";"67";"Sem vítima";"91,000";"BR-290/RS";"Crescente";"Colisão lateral no mesmo sentido";1;0;1;0;0;0;0;0;0;0;4;0;0;0;0
"04/07/2024";"08:34:44";"91";"Sem vítima";"350,000";"BR-386/RS";"Crescente";"Colisão traseira";1;0;2;0;0;0;0;0;0;0;3;0;0;0;0
"04/07/2024";"08:36:00";"96";"Sem vítima";"72,000";"BR-101/RS";"Decrescente";"Saída de pista";1;0;0;0;0;0;0;0;0;0;1;0;0;0;0
"04/07/2024";"09:40:00";"118";"Sem vítima";"354,000";"BR-386/RS";"Decrescente";"Colisão transversal";2;0;0;0;0;0;0;0;0;0;3;0;0;0;0
"04/07/2024";"03:44:06";"203";"Sem vítima";"92,000";"BR-290/RS";"Crescente";"Colisão lateral no mesmo sentido";1;0;1;0;0;0;0;0;0;0;3;0;0;0;0
"04/07/2024";"04:32:00";"210";"Sem vítima";"333,000";"BR-386/RS";"Decrescente";"Queda de carga";3;0;2;0;0;0;0;0;0;0;14;0;0;0;0
"04/07/2024";"05:43:31";"220";"Sem vítima";"83,276";"BR-290/RS";"Crescente";"Queda de moto";0;0;0;1;0;0;0;0;0;0;1;0;0;0;0
"04/07/2024";"05:54:06";"226";"Sem vítima";"85,774";"BR-290/RS";"Decrescente";"Colisão lateral no mesmo sentido";0;0;2;0;0;0;0;0;0;0;2;0;0;0;0
"04/07/2024";"06:41:37";"232";"Sem vítima";"342,800";"BR-386/RS";"Decrescente";"Engavetamento";3;0;0;0;0;0;0;0;0;1;5;0;0;0;0
"04/07/2024";"07:14:06";"237";"Sem vítima";"93,700";"BR-290/RS";"Decrescente";"Colisão lateral no mesmo sentido";1;0;1;0;0;0;0;0;0;0;3;0;0;0;0
"04/07/2024";"07:30:12";"241";"Sem vítima";"440,000";"BR-386/RS";"Crescente";"Colisão traseira";1;0;1;0;0;0;0;0;0;0;2;0;0;0;0
"05/07/2024";"02:50:50";"20";"Sem vítima";"244,000";"BR-386/RS";"Decrescente";"Atropelamento de animal";0;0;1;0;0;0;0;0;0;0;1;0;0;0;0
"05/07/2024";"04:31:57";"27";"Sem vítima";"302,600";"BR-386/RS";"Crescente";"Saída de pista";1;0;0;0;0;0;0;0;0;0;1;0;0;0;0
"05/07/2024";"08:02:00";"71";"Sem vítima";"28,000";"BR-101/RS";"Decrescente";"Saída de pista";1;0;0;0;0;0;0;0;0;0;1;0;0;0;0
"05/07/2024";"08:47:00";"91";"Com vítima";"235,600";"BR-386/RS";"Crescente";"Engavetamento";4;0;1;0;0;0;0;0;0;0;6;3;0;0;0
"05/07/2024";"11:21:08";"144";"Sem vítima";"239,000";"BR-386/RS";"Crescente";"Colisão traseira";1;0;1;0;0;0;0;0;0;0;6;0;0;0;0
"05/07/2024";"12:52:21";"160";"Com vítima";"423,000";"BR-386/RS";"Crescente";"Choque";1;0;0;0;0;0;0;0;0;0;0;0;1;0;0
"05/07/2024";"01:20:00";"163";"Com vítima";"10,000";"BR-290/RS";"Decrescente";"Saída de pista";1;0;0;0;0;0;0;0;0;0;0;0;1;0;0
"05/07/2024";"03:35:00";"190";"Sem vítima";"22,000";"BR-101/RS";"Decrescente";"Saída de pista";0;0;1;0;0;0;0;0;0;0;1;0;0;0;0
"05/07/2024";"06:59:36";"238";"Sem vítima";"304,000";"BR-386/RS";"Decrescente";"Saída de pista";0;0;1;0;0;0;0;0;0;0;1;0;0;0;0
"05/07/2024";"07:02:56";"240";"Sem vítima";"440,000";"BR-386/RS";"Decrescente";"Saída de pista";1;0;0;0;0;0;0;0;0;0;1;0;0;0;0
"05/07/2024";"07:40:00";"245";"Sem vítima";"60,000";"BR-290/RS";"Decrescente";"Colisão traseira";2;0;0;0;0;0;0;0;0;0;4;0;0;0;0
"05/07/2024";"07:50:00";"247";"Sem vítima";"40,904";"BR-290/RS";"Crescente";"Choque";0;0;1;0;0;0;0;0;0;0;2;0;0;0;0
"05/07/2024";"07:54:17";"248";"Sem vítima";"420,000";"BR-386/RS";"Decrescente";"Colisão lateral no mesmo sentido";1;0;1;0;0;0;0;0;0;0;5;0;0;0;0
"05/07/2024";"09:39:00";"258";"Sem vítima";"11,847";"BR-290/RS";"Decrescente";"Saída de pista";1;0;0;0;0;0;0;0;0;0;2;0;0;0;0
"05/07/2024";"10:37:38";"262";"Sem vítima";"426,000";"BR-386/RS";"Decrescente";"Colisão traseira";1;0;1;0;0;0;0;0;0;0;3;0;0;0;0
"06/07/2024";"03:29:00";"22";"Sem vítima";"413,800";"BR-386/RS";"Decrescente";"Saída de pista";1;0;0;0;0;0;0;0;0;0;3;0;0;0;0
"06/07/2024";"03:29:00";"23";"Sem vítima";"379,000";"BR-386/RS";"Crescente";"Saída de pista";0;0;1;0;0;0;0;0;0;0;1;0;0;0;0
"06/07/2024";"04:59:14";"31";"Com vítima";"432,000";"BR-386/RS";"Crescente";"Tombamento";0;0;2;0;0;0;0;0;0;0;1;0;1;0;0
"06/07/2024";"06:23:26";"37";"Sem vítima";"264,000";"BR-386/RS";"Decrescente";"Colisão traseira";2;0;0;0;0;0;0;0;0;0;2;0;0;0;0
"06/07/2024";"06:51:24";"46";"Com vítima";"81,000";"BR-290/RS";"Decrescente";"Colisão traseira";1;0;0;1;0;0;0;0;0;0;1;0;0;1;0
"06/07/2024";"08:01:19";"65";"Sem vítima";"18,000";"BR-290/RS";"Decrescente";"Colisão traseira";1;0;1;0;0;0;0;0;0;0;4;0;0;0;0
"06/07/2024";"03:03:48";"145";"Com vítima";"389,000";"BR-386/RS";"Crescente";"Colisão lateral no mesmo sentido";1;0;0;0;0;0;0;0;0;0;0;2;0;0;0
"06/07/2024";"03:41:33";"153";"Sem vítima";"22,000";"BR-448/RS";"Crescente";"Choque";1;0;0;0;0;0;0;0;0;0;1;0;0;0;0
"06/07/2024";"04:06:39";"157";"Sem vítima";"84,000";"BR-101/RS";"Decrescente";"Atropelamento de pedestre";0;0;1;0;0;0;0;0;0;0;1;0;1;0;0