data;horario;n_da_ocorrencia;tipo_de_ocorrencia;km;trecho;sentido;tipo_de_acidente;automovel;bicicleta;caminhao;moto;onibus;outros;tracao_animal;transporte_de_cargas_especiais;trator_maquinas;utilitarios;ilesos;levemente_feridos;moderadamente_feridos;gravemente_feridos;mortos
"06/07/2024";"05:40:55";"173";"Com vítima";"346,000";"BR-386/RS";"Crescente";"Colisão traseira";2;0;0;0;0;0;0;0;0;0;1;1;0;0;0
"07/07/2024";"01:04:00";"7";"Sem vítima";"14,000";"BR-290/RS";"Decrescente";"Atropelamento de animal";1;0;0;0;0;0;0;0;0;0;2;0;0;0;0
"07/07/2024";"02:17:00";"12";"Sem vítima";"439,000";"BR-386/RS";"Decrescente";"Choque";1;0;0;0;0;0;0;0;0;0;2;0;0;0;0
"07/07/2024";"02:35:35";"14";"Sem vítima";"70,000";"BR-290/RS";"Decrescente";"Queda de moto";0;0;0;1;0;0;0;0;0;0;2;0;0;0;0
"07/07/2024";"07:12:27";"27";"Sem vítima";"267,000";"BR-386/RS";"Decrescente";"Acidentes de outra natureza";1;0;0;0;0;0;0;0;0;0;4;0;0;0;0
"07/07/2024";"07:28:31";"29";"Sem vítima";"47,000";"BR-290/RS";"Crescente";"Saída de pista";1;0;0;0;0;0;0;0;0;0;1;0;0;0;0
"07/07/2024";"02:51:55";"83";"Sem vítima";"209,000";"BR-386/RS";"Crescente";"Saída de pista";1;0;0;0;0;0;0;0;0;0;5;0;0;0;0
"07/07/2024";"03:42:14";"95";"Sem vítima";"406,000";"BR-386/RS";"Decrescente";"Colisão lateral no mesmo sentido";2;0;0;0;0;0;0;0;0;0;3;0;0;0;0
"07/07/2024";"05:41:19";"115";"Sem vítima";"306,000";"BR-386/RS";"Decrescente";"Saída de pista";1;0;0;0;0;0;0;0;0;0;4;0;0;0;0
"07/07/2024";"07:28:00";"139";"Sem vítima";"291,000";"BR-386/RS";"Crescente";"Colisão lateral no mesmo sentido";1;0;1;0;0;0;0;0;0;0;2;0;0;0;0
"07/07/2024";"09:34:10";"150";"Sem vítima";"52,652";"BR-101/RS";"Decrescente";"Saída de pista";1;0;0;0;0;0;0;0;0;0;1;0;0;0;0
"07/07/2024";"11:53:22";"161";"Sem vítima";"10,000";"BR-448/RS";"Crescente";"Colisão traseira";1;0;1;0;0;0;0;0;0;0;5;0;0;0;0
"08/07/2024";"02:29:00";"7";"Sem vítima";"271,000";"BR-386/RS";"Decrescente";"Tombamento";0;0;1;0;0;0;0;0;0;0;1;0;0;0;0
"08/07/2024";"09:11:16";"101";"Sem vítima";"426,000";"BR-386/RS";"Decrescente";"Colisão lateral no mesmo sentido";1;0;1;0;0;0;0;0;0;0;4;0;0;0;0
"08/07/2024";"09:39:00";"108";"Com vítima";"281,000";"BR-386/RS";"Crescente";"Saída de pista";1;0;0;0;0;0;0;0;0;0;0;0;1;1;0
"08/07/2024";"02:43:19";"179";"Sem vítima";"338,000";"BR-386/RS";"Crescente";"Colisão traseira";1;0;0;0;0;0;0;0;0;0;1;0;0;0;0
"08/07/2024";"03:29:45";"184";"Sem vítima";"306,000";"BR-386/RS";"Decrescente";"Saída de pista";1;0;0;0;0;0;0;0;0;0;1;0;0;0;0
"08/07/2024";"04:33:33";"197";"Com vítima";"92,000";"BR-290/RS";"Decrescente";"Colisão traseira";1;0;0;1;0;0;0;0;0;0;1;1;0;0;0
"08/07/2024";"05:04:38";"205";"Sem vítima";"14,000";"BR-448/RS";"Crescente";"Saída de pista";1;0;0;0;0;0;0;0;0;0;1;0;0;0;0
"08/07/2024";"07:32:02";"233";"Com vítima";"91,452";"BR-290/RS";"Crescente";"Acidentes de outra natureza";2;0;0;0;0;0;0;0;0;0;3;0;0;0;1
"08/07/2024";"07:50:06";"236";"Sem vítima";"254,000";"BR-386/RS";"Decrescente";"Acidentes de outra natureza";1;0;0;0;0;0;0;0;0;0;2;0;0;0;0
"08/07/2024";"07:57:06";"239";"Com vítima";"260,000";"BR-386/RS";"Decrescente";"Saída de pista";2;0;0;0;0;0;0;0;0;0;0;3;0;0;0
"09/07/2024";"07:05:45";"32";"Sem vítima";"81,000";"BR-290/RS";"Decrescente";"Colisão lateral no mesmo sentido";2;0;0;0;0;0;0;0;0;0;6;0;0;0;0
"09/07/2024";"07:20:36";"42";"Com vítima";"284,000";"BR-386/RS";"Decrescente";"Colisão lateral no mesmo sentido";1;0;0;0;0;0;0;0;0;0;1;1;0;0;0
"09/07/2024";"08:01:00";"64";"Com vítima";"82,100";"BR-101/RS";"Crescente";"Saída de pista";1;0;0;0;0;0;0;0;0;0;0;0;1;0;0
"09/07/2024";"01:30:00";"164";"Sem vítima";"13,000";"BR-290/RS";"Crescente";"Saída de pista";1;0;0;0;0;0;0;0;0;0;1;0;0;0;0
"09/07/2024";"03:49:58";"193";"Com vítima";"226,000";"BR-386/RS";"Decrescente";"Colisão traseira";0;0;3;0;0;0;0;0;0;0;2;0;0;0;1
"09/07/2024";"07:40:46";"244";"Sem vítima";"80,318";"BR-290/RS";"Decrescente";"Saída de pista";1;0;0;0;0;0;0;0;0;0;4;0;0;0;0
"09/07/2024";"09:49:59";"258";"Sem vítima";"10,981";"BR-290/RS";"Decrescente";"Saída de pista";1;0;0;0;0;0;0;0;0;0;5;0;0;0;0
"09/07/2024";"10:32:36";"265";"Sem vítima";"370,000";"BR-386/RS";"Crescente";"Atropelamento de animal";1;0;0;0;0;0;0;0;0;0;1;0;0;0;0
"10/07/2024";"02:10:50";"13";"Sem vítima";"419,000";"BR-386/RS";"Crescente";"Choque";1;0;0;0;0;0;0;0;0;0;1;0;0;0;0
"10/07/2024";"07:43:00";"48";"Com vítima";"21,000";"BR-101/RS";"Decrescente";"Colisão traseira";1;0;0;0;0;0;0;1;0;0;2;3;0;0;0
"10/07/2024";"08:42:00";"69";"Sem vítima";"393,000";"BR-386/RS";"Decrescente";"Acidentes de outra natureza";0;0;1;0;0;0;0;0;0;0;1;0;0;0;0
"10/07/2024";"09:19:41";"83";"Com vítima";"65,000";"BR-290/RS";"Decrescente";"Capotamento";1;0;0;0;0;0;0;0;0;0;0;1;0;0;0
"10/07/2024";"09:32:00";"87";"Sem vítima";"411,000";"BR-386/RS";"Decrescente";"Acidentes de outra natureza";1;0;0;0;0;0;0;0;0;0;1;0;0;0;0
"10/07/2024";"12:07:00";"128";"Com vítima";"428,000";"BR-386/RS";"Decrescente";"Saída de pista";1;0;0;0;0;0;0;0;0;0;0;1;0;0;0
"10/07/2024";"07:05:00";"199";"Sem vítima";"3,000";"BR-448/RS";"Decrescente";"Colisão traseira";1;0;0;0;0;0;0;0;0;0;1;0;0;0;0
"11/07/2024";"08:02:36";"66";"Com vítima";"15,000";"BR-448/RS";"Crescente";"Colisão lateral no mesmo sentido";2;0;0;0;0;0;0;0;0;0;1;1;0;0;0
"11/07/2024";"08:20:03";"78";"Sem vítima";"93,000";"BR-290/RS";"Crescente";"Colisão lateral no mesmo sentido";1;0;1;0;0;0;0;0;0;0;2;0;0;0;0
"11/07/2024";"04:25:00";"206";"Sem vítima";"260,000";"BR-386/RS";"Crescente";"Saída de pista";0;0;1;0;0;0;0;0;0;0;1;0;0;0;0
"11/07/2024";"08:02:02";"246";"Sem vítima";"345,500";"BR-386/RS";"Crescente";"Choque";1;0;0;0;0;0;0;0;0;0;1;0;0;0;0
"11/07/2024";"09:19:00";"263";"Com vítima";"21,293";"BR-101/RS";"Decrescente";"Acidentes de outra natureza";0;0;1;0;0;0;0;0;0;0;2;0;0;0;1
"12/07/2024";"07:15:57";"28";"Com vítima";"342,000";"BR-386/RS";"Decrescente";"Colisão lateral no mesmo sentido";1;0;0;1;0;0;0;0;0;0;2;1;0;0;0
"12/07/2024";"10:51:54";"141";"Sem vítima";"92,000";"BR-290/RS";"Decrescente";"Colisão lateral no mesmo sentido";1;0;0;1;0;0;0;0;0;0;2;0;0;0;0
"12/07/2024";"11:31:00";"156";"Sem vítima";"245,000";"BR-386/RS";"Decrescente";"Colisão lateral no mesmo sentido";2;0;0;0;0;0;0;0;0;0;2;0;0;0;0
"12/07/2024";"02:07:00";"188";"Sem vítima";"88,000";"BR-290/RS";"Decrescente";"Colisão traseira";2;0;1;0;0;0;0;0;0;0;7;0;0;0;0
"12/07/2024";"02:20:57";"197";"Sem vítima";"60,000";"BR-290/RS";"Decrescente";"Colisão traseira";1;0;1;0;0;0;0;0;0;0;2;0;0;0;0
"12/07/2024";"03:44:07";"214";"Sem vítima";"266,000";"BR-386/RS";"Crescente";"Colisão lateral no mesmo sentido";1;0;1;0;0;0;0;0;0;0;3;0;0;0;0
"12/07/2024";"04:56:00";"236";"Sem vítima";"234,000";"BR-386/RS";"Decrescente";"Choque";1;0;0;0;0;0;0;0;0;0;3;0;0;0;0
"12/07/2024";"07:40:02";"270";"Sem vítima";"35,150";"BR-290/RS";"Crescente";"Choque";2;0;0;0;0;0;0;0;0;0;6;0;0;0;0
"12/07/2024";"08:39:40";"289";"Sem vítima";"86,980";"BR-101/RS";"Decrescente";"Colisão lateral no mesmo sentido";0;0;2;0;0;0;0;0;0;0;2;0;0;0;0
"13/07/2024";"03:41:25";"22";"Sem vítima";"67,000";"BR-290/RS";"Decrescente";"Choque";1;0;0;0;0;0;0;0;0;0;1;0;0;0;0
"13/07/2024";"05:47:26";"25";"Sem vítima";"26,000";"BR-290/RS";"Decrescente";"Saída de pista";1;0;0;0;0;0;0;0;0;0;1;0;0;0;0
"13/07/2024";"12:29:00";"107";"Sem vítima";"237,000";"BR-386/RS";"Decrescente";"Colisão traseira";1;0;1;0;0;0;0;0;0;0;5;0;0;0;0
"13/07/2024";"01:46:46";"121";"Com vítima";"86,000";"BR-290/RS";"Crescente";"Queda de moto";0;0;0;1;0;0;0;0;0;0;0;1;0;0;0
"13/07/2024";"02:27:26";"130";"Sem vítima";"303,000";"BR-386/RS";"Decrescente";"Saída de pista";0;0;1;0;0;0;0;0;0;0;1;0;0;0;0
"13/07/2024";"05:18:28";"152";"Sem vítima";"432,000";"BR-386/RS";"Decrescente";"Colisão lateral no mesmo sentido";2;0;0;0;0;0;0;0;0;0;2;0;0;0;0
"13/07/2024";"06:26:08";"166";"Sem vítima";"428,000";"BR-386/RS";"Decrescente";"Choque";1;0;0;0;0;0;0;0;0;0;1;0;0;0;0
"14/07/2024";"02:30:47";"11";"Sem vítima";"369,000";"BR-386/RS";"Decrescente";"Choque";1;0;0;0;0;0;0;0;0;0;1;0;0;0;0
"14/07/2024";"04:34:00";"15";"Sem vítima";"13,693";"BR-101/RS";"Crescente";"Saída de pista";1;0;0;0;0;0;0;0;0;0;1;0;0;0;0
"14/07/2024";"05:10:00";"16";"Sem vítima";"342,000";"BR-386/RS";"Decrescente";"Saída de pista";1;0;0;0;0;0;0;0;0;0;3;0;0;0;0
"14/07/2024";"07:53:34";"24";"Sem vítima";"335,000";"BR-386/RS";"Decrescente";"Saída de pista";1;0;0;0;0;0;0;0;0;0;2;0;0;0;0
"14/07/2024";"11:47:40";"57";"Sem vítima";"96,000";"BR-290/RS";"Decrescente";"Colisão lateral no mesmo sentido";2;0;0;0;0;0;0;0;0;0;3;0;0;0;0
"14/07/2024";"12:11:00";"61";"Sem vítima";"75,000";"BR-290/RS";"Decrescente";"Choque";1;0;0;0;0;0;0;0;0;0;1;0;0;0;0
"14/07/2024";"03:21:00";"83";"Sem vítima";"34,000";"BR-290/RS";"Crescente";"Saída de pista";1;0;0;0;0;0;0;0;0;0;2;0;0;0;0
"14/07/2024";"04:03:39";"88";"Sem vítima";"250,000";"BR-386/RS";"Crescente";"Colisão transversal";2;0;0;0;0;0;0;0;0;0;2;0;0;0;0
"14/07/2024";"05:42:51";"114";"Com vítima";"442,000";"BR-386/RS";"Decrescente";"Colisão frontal";2;0;0;0;0;0;0;0;0;0;1;2;1;0;0
"14/07/2024";"09:20:46";"156";"Sem vítima";"92,900";"BR-290/RS";"Decrescente";"Colisão traseira";2;0;0;0;0;0;0;0;0;0;4;0;0;0;0
"15/07/2024";"02:46:45";"21";"Sem vítima";"19,000";"BR-448/RS";"Decrescente";"Atropelamento de animal";1;0;0;0;0;0;0;0;0;0;1;0;0;0;0
"15/07/2024";"07:04:29";"51";"Sem vítima";"353,000";"BR-386/RS";"Crescente";"Capotamento";1;0;0;0;0;0;0;0;0;0;1;0;0;0;0
"15/07/2024";"08:13:51";"84";"Com vítima";"19,000";"BR-448/RS";"Crescente";"Engavetamento";4;0;0;0;0;0;0;0;0;0;5;0;2;0;0
"15/07/2024";"09:16:14";"122";"Sem vítima";"92,000";"BR-290/RS";"Decrescente";"Colisão lateral no mesmo sentido";2;0;0;0;0;0;0;0;0;0;2;0;0;0;0
"15/07/2024";"10:04:24";"139";"Com vítima";"16,400";"BR-101/RS";"Crescente";"Colisão traseira";1;0;1;0;0;0;0;0;0;0;1;0;1;0;0
"15/07/2024";"04:20:33";"216";"Com vítima";"317,000";"BR-386/RS";"Decrescente";"Colisão traseira";2;0;0;0;0;0;0;0;0;0;3;0;2;0;0
"15/07/2024";"04:21:00";"217";"Sem vítima";"75,000";"BR-101/RS";"Crescente";"Saída de pista";2;0;0;0;0;0;0;0;0;0;2;0;0;0;0
"15/07/2024";"04:51:59";"222";"Com vítima";"86,000";"BR-290/RS";"Decrescente";"Queda de moto";0;0;0;1;0;0;0;0;0;0;0;2;0;0;0
"15/07/2024";"11:35:44";"269";"Sem vítima";"186,000";"BR-386/RS";"Decrescente";"Atropelamento de animal";1;0;0;0;0;0;0;0;0;0;4;0;0;0;0
"16/07/2024";"08:20:05";"95";"Sem vítima";"19,000";"BR-448/RS";"Crescente";"Colisão traseira";2;0;0;0;0;0;0;0;0;0;2;0;0;0;0
"16/07/2024";"09:07:01";"123";"Com vítima";"437,050";"BR-386/RS";"Crescente";"Engavetamento";2;0;2;0;0;0;0;0;0;0;4;2;0;0;0
"16/07/2024";"11:15:00";"166";"Com vítima";"96,000";"BR-290/RS";"Crescente";"Colisão traseira";0;0;2;0;0;0;0;0;0;0;0;8;7;2;0
"16/07/2024";"12:35:00";"182";"Sem vítima";"7,000";"BR-290/RS";"Decrescente";"Choque";1;0;0;0;0;0;0;0;0;0;1;0;0;0;0
"16/07/2024";"02:05:00";"196";"Sem vítima";"84,000";"BR-290/RS";"Crescente";"Colisão traseira";2;0;0;0;0;0;0;0;0;0;2;0;0;0;0
"16/07/2024";"03:19:00";"211";"Sem vítima";"251,000";"BR-386/RS";"Decrescente";"Choque";0;0;1;0;0;0;0;0;0;0;1;0;0;0;0
"16/07/2024";"05:21:00";"227";"Sem vítima";"56,000";"BR-101/RS";"Decrescente";"Colisão lateral no mesmo sentido";1;0;1;0;0;0;0;0;0;0;2;0;0;0;0
"17/07/2024";"07:49:54";"70";"Sem vítima";"92,000";"BR-290/RS";"Crescente";"Colisão traseira";2;0;0;0;0;0;0;0;0;0;3;0;0;0;0
"17/07/2024";"09:13:56";"128";"Sem vítima";"81,000";"BR-290/RS";"Crescente";"Choque";1;0;0;0;0;0;0;0;0;0;2;0;0;0;0
"17/07/2024";"09:33:00";"136";"Sem vítima";"214,000";"BR-386/RS";"Decrescente";"Colisão traseira";2;0;0;0;0;0;0;0;0;0;2;0;0;0;0
"17/07/2024";"11:01:19";"153";"Sem vítima";"92,000";"BR-290/RS";"Decrescente";"Colisão traseira";1;0;1;0;0;0;0;0;0;0;4;0;0;0;0
"17/07/2024";"11:29:00";"159";"Sem vítima";"88,000";"BR-290/RS";"Crescente";"Queda de moto";0;0;0;1;0;0;0;0;0;0;1;0;0;0;0
"17/07/2024";"05:46:00";"233";"Sem vítima";"415,000";"BR-386/RS";"Crescente";"Choque";1;0;0;0;0;0;0;0;0;0;1;0;0;0;0
"17/07/2024";"06:22:35";"244";"Sem vítima";"237,000";"BR-386/RS";"Crescente";"Colisão lateral no mesmo sentido";0;0;2;0;0;0;0;0;0;0;2;0;0;0;0
"17/07/2024";"07:02:03";"251";"Sem vítima";"214,000";"BR-386/RS";"Crescente";"Colisão traseira";0;0;2;0;0;0;0;0;0;0;2;0;0;0;0
"17/07/2024";"08:18:00";"262";"Sem vítima";"92,520";"BR-290/RS";"Crescente";"Colisão traseira";2;0;0;0;0;0;0;0;0;0;4;0;0;0;0
"17/07/2024";"08:48:41";"267";"Com vítima";"245,000";"BR-386/RS";"Decrescente";"Colisão transversal";0;0;1;1;0;0;0;0;0;0;1;1;0;0;0
"18/07/2024";"02:53:46";"8";"Sem vítima";"8,755";"BR-290/RS";"Crescente";"Capotamento";1;0;0;0;0;0;0;0;0;0;1;0;0;0;0
"18/07/2024";"07:35:11";"63";"Com vítima";"354,000";"BR-386/RS";"Crescente";"Tombamento";0;0;0;0;0;0;0;1;0;0;0;0;1;0;0
"18/07/2024";"09:14:06";"121";"Sem vítima";"346,000";"BR-386/RS";"Crescente";"Colisão traseira";1;0;1;0;0;0;0;0;0;0;2;0;0;0;0
"18/07/2024";"12:12:35";"153";"Sem vítima";"214,000";"BR-386/RS";"Decrescente";"Colisão lateral no mesmo sentido";1;0;1;0;0;0;0;0;0;0;2;0;0;0;0
"18/07/2024";"01:03:37";"166";"Sem vítima";"342,000";"BR-386/RS";"Crescente";"Colisão lateral no mesmo sentido";2;0;0;0;0;0;0;0;0;0;2;0;0;0;0
"19/07/2024";"04:15:00";"20";"Sem vítima";"12,000";"BR-290/RS";"Crescente";"Tombamento";0;0;1;0;0;0;0;0;0;0;1;0;0;0;0
"19/07/2024";"10:02:04";"135";"Sem vítima";"248,000";"BR-386/RS";"Decrescente";"Colisão lateral no mesmo sentido";1;0;1;0;0;0;0;0;0;0;2;0;0;0;0
"19/07/2024";"12:06:23";"161";"Sem vítima";"276,000";"BR-386/RS";"Crescente";"Colisão traseira";1;0;1;0;0;0;0;0;0;0;5;0;0;0;0
"19/07/2024";"12:16:44";"168";"Com vítima";"359,000";"BR-386/RS";"Crescente";"Colisão frontal";2;0;0;0;0;0;0;0;0;0;0;2;0;0;0
"19/07/2024";"01:05:07";"175";"Com vítima";"355,000";"BR-386/RS";"Decrescente";"Colisão transversal";2;0;0;0;0;0;0;0;0;0;0;1;2;0;0
"19/07/2024";"04:42:28";"233";"Sem vítima";"22,000";"BR-101/RS";"Crescente";"Colisão lateral no mesmo sentido";1;0;1;0;0;0;0;0;0;0;3;0;0;0;0
"19/07/2024";"05:59:00";"256";"Sem vítima";"77,000";"BR-290/RS";"Decrescente";"Engavetamento";3;0;0;0;0;0;0;0;0;0;3;0;0;0;0
"19/07/2024";"06:01:53";"258";"Sem vítima";"434,000";"BR-386/RS";"Decrescente";"Colisão lateral no mesmo sentido";1;0;1;0;0;0;0;0;0;0;2;0;0;0;0
"19/07/2024";"06:02:09";"257";"Sem vítima";"37,520";"BR-101/RS";"Decrescente";"Colisão lateral no mesmo sentido";1;0;1;0;0;0;0;0;0;0;4;0;0;0;0
"19/07/2024";"06:05:51";"259";"Sem vítima";"77,000";"BR-290/RS";"Decrescente";"Colisão traseira";2;0;0;0;0;0;0;0;0;0;4;0;0;0;0
"19/07/2024";"07:16:59";"284";"Sem vítima";"421,000";"BR-386/RS";"Crescente";"Choque";2;0;0;0;0;0;0;0;0;0;3;0;0;0;0
"19/07/2024";"08:11:39";"297";"Sem vítima";"389,000";"BR-386/RS";"Crescente";"Colisão lateral no mesmo sentido";1;0;1;0;0;0;0;0;0;0;2;0;0;0;0
"20/07/2024";"02:17:34";"14";"Sem vítima";"39,654";"BR-101/RS";"Crescente";"Saída de pista";0;0;1;0;0;0;0;0;0;0;1;0;0;0;0
"20/07/2024";"04:12:16";"26";"Com vítima";"223,100";"BR-386/RS";"Decrescente";"Colisão frontal";1;0;1;0;0;0;0;0;0;0;1;0;0;0;4
"20/07/2024";"07:33:57";"61";"Com vítima";"90,000";"BR-290/RS";"Crescente";"Choque";1;0;0;0;0;0;0;0;0;0;0;3;0;0;0
"20/07/2024";"07:37:14";"63";"Sem vítima";"395,000";"BR-386/RS";"Decrescente";"Colisão lateral no mesmo sentido";1;0;0;0;0;0;0;0;0;0;1;0;0;0;0
"20/07/2024";"09:44:19";"101";"Sem vítima";"217,000";"BR-386/RS";"Crescente";"Engavetamento";2;0;1;0;0;0;0;0;0;0;5;0;0;0;0
"20/07/2024";"12:40:51";"134";"Sem vítima";"415,000";"BR-386/RS";"Crescente";"Colisão lateral no mesmo sentido";1;0;1;0;0;0;0;0;0;0;4;0;0;0;0
"20/07/2024";"03:05:21";"152";"Sem vítima";"243,380";"BR-386/RS";"Decrescente";"Acidentes de outra natureza";1;0;0;0;0;0;0;0;0;0;2;0;0;0;0
"20/07/2024";"05:57:34";"181";"Sem vítima";"324,000";"BR-386/RS";"Decrescente";"Colisão lateral no mesmo sentido";2;0;0;0;0;0;0;0;0;0;9;0;0;0;0
"20/07/2024";"10:23:00";"218";"Sem vítima";"80,000";"BR-290/RS";"Decrescente";"Saída de pista";1;0;0;0;0;0;0;0;0;0;2;0;0;0;0
"20/07/2024";"10:52:22";"223";"Com vítima";"32,000";"BR-101/RS";"Decrescente";"Capotamento";1;0;0;0;0;0;0;0;0;0;0;0;0;1;0
"21/07/2024";"01:29:36";"11";"Sem vítima";"250,000";"BR-386/RS";"Crescente";"Atropelamento de animal";0;0;1;0;0;0;0;0;0;0;1;0;0;0;0
"21/07/2024";"03:17:16";"14";"Sem vítima";"92,000";"BR-290/RS";"Decrescente";"Queda de moto";0;0;0;1;0;0;0;0;0;0;2;0;0;0;0
"21/07/2024";"04:25:25";"18";"Sem vítima";"444,000";"BR-386/RS";"Decrescente";"Choque";1;0;0;0;0;0;0;0;0;0;3;0;0;0;0
"21/07/2024";"05:29:21";"22";"Sem vítima";"82,000";"BR-290/RS";"Decrescente";"Choque";1;0;0;0;0;0;0;0;0;0;2;0;0;0;0
"21/07/2024";"06:18:00";"26";"Sem vítima";"308,000";"BR-386/RS";"Crescente";"Saída de pista";1;0;0;0;0;0;0;0;0;0;2;0;0;0;0
"21/07/2024";"07:51:00";"45";"Com vítima";"96,000";"BR-290/RS";"Crescente";"Choque";1;0;0;0;0;0;0;0;0;0;1;1;0;0;0
"21/07/2024";"02:48:36";"108";"Com vítima";"22,000";"BR-101/RS";"Crescente";"Queda de moto";0;0;1;1;0;0;0;0;0;0;3;0;0;0;1
"21/07/2024";"03:09:51";"115";"Sem vítima";"82,000";"BR-101/RS";"Crescente";"Colisão traseira";2;0;0;0;0;0;0;0;0;0;2;0;0;0;0
"21/07/2024";"03:18:02";"117";"Com vítima";"347,000";"BR-386/RS";"Decrescente";"Colisão traseira";0;0;0;2;0;0;0;0;0;0;1;2;0;0;0
"21/07/2024";"03:38:39";"121";"Com vítima";"435,000";"BR-386/RS";"Crescente";"Colisão transversal";2;0;0;0;0;0;0;0;0;0;0;3;0;0;0
"21/07/2024";"03:55:32";"127";"Com vítima";"257,000";"BR-386/RS";"Decrescente";"Colisão lateral no mesmo sentido";2;0;0;0;0;0;0;0;0;0;3;0;1;1;0
"21/07/2024";"04:39:21";"136";"Sem vítima";"22,000";"BR-101/RS";"Crescente";"Colisão traseira";1;0;1;0;0;0;0;0;0;0;4;0;0;0;0
"21/07/2024";"05:58:00";"162";"Sem vítima";"19,000";"BR-290/RS";"Crescente";"Colisão lateral no mesmo sentido";1;0;0;0;0;0;0;0;0;0;1;0;0;0;0
"21/07/2024";"06:24:20";"169";"Sem vítima";"400,000";"BR-386/RS";"Decrescente";"Capotamento";1;0;0;0;0;0;0;0;0;0;1;0;0;0;0
"21/07/2024";"07:45:10";"192";"Sem vítima";"205,000";"BR-386/RS";"Crescente";"Acidentes de outra natureza";1;0;0;0;0;0;0;0;0;0;2;0;0;0;0
"22/07/2024";"02:44:03";"7";"Sem vítima";"7,548";"BR-290/RS";"Decrescente";"Saída de pista";1;0;0;0;0;0;0;0;0;0;1;0;0;0;0
"22/07/2024";"07:54:29";"71";"Sem vítima";"66,000";"BR-290/RS";"Crescente";"Colisão traseira";0;0;1;0;0;0;0;0;0;0;1;0;0;0;0
"22/07/2024";"01:21:35";"175";"Com vítima";"9,119";"BR-448/RS";"Crescente";"Queda de moto";1;0;0;0;0;0;0;0;0;0;0;1;0;0;0
"22/07/2024";"05:26:52";"236";"Sem vítima";"83,000";"BR-290/RS";"Crescente";"Queda de moto";0;0;0;1;0;0;0;0;0;0;1;0;0;0;0
"22/07/2024";"06:09:59";"247";"Sem vítima";"223,000";"BR-386/RS";"Decrescente";"Colisão lateral no mesmo sentido";1;0;0;0;0;0;0;0;0;0;1;0;0;0;0
"22/07/2024";"06:15:49";"249";"Sem vítima";"214,000";"BR-386/RS";"Decrescente";"Colisão traseira";1;0;0;0;0;0;0;0;0;0;1;0;0;0;0
"22/07/2024";"07:04:59";"262";"Sem vítima";"401,100";"BR-386/RS";"Crescente";"Saída de pista";1;0;0;0;0;0;0;0;0;0;1;0;0;0;0
"22/07/2024";"07:10:37";"263";"Sem vítima";"437,000";"BR-386/RS";"Decrescente";"Acidentes de outra natureza";1;0;0;0;0;0;0;0;0;0;1;0;0;0;0
"22/07/2024";"10:37:42";"295";"Sem vítima";"213,000";"BR-386/RS";"Crescente";"Saída de pista";0;0;1;0;0;0;0;0;0;0;1;0;0;0;0
"23/07/2024";"02:17:00";"14";"Sem vítima";"37,000";"BR-290/RS";"Crescente";"Tombamento";0;0;1;0;0;0;0;0;0;0;1;0;0;0;0
"23/07/2024";"03:57:07";"17";"Sem vítima";"83,100";"BR-101/RS";"Crescente";"Colisão lateral no mesmo sentido";0;0;1;0;0;0;0;0;0;0;1;0;0;0;0
"23/07/2024";"07:00:55";"32";"Com vítima";"30,000";"BR-290/RS";"Decrescente";"Capotamento";0;0;1;0;0;0;0;0;0;0;0;0;0;0;1
"23/07/2024";"07:09:21";"41";"Sem vítima";"439,000";"BR-386/RS";"Decrescente";"Saída de pista";0;0;1;0;0;0;0;0;0;0;1;0;0;0;0
"23/07/2024";"07:51:35";"71";"Sem vítima";"92,000";"BR-290/RS";"Crescente";"Saída de pista";1;0;0;0;0;0;0;0;0;0;1;0;0;0;0
"23/07/2024";"08:27:00";"98";"Sem vítima";"73,000";"BR-101/RS";"Decrescente";"Saída de pista";0;0;1;0;0;0;0;0;0;0;1;0;0;0;0
"23/07/2024";"08:39:26";"107";"Com vítima";"12,000";"BR-448/RS";"Decrescente";"Colisão traseira";1;0;0;0;0;0;0;0;0;0;0;0;1;0;0
"23/07/2024";"08:45:14";"110";"Sem vítima";"373,000";"BR-386/RS";"Crescente";"Saída de pista";1;0;0;0;0;0;0;0;0;0;1;0;0;0;0
"23/07/2024";"03:19:29";"212";"Sem vítima";"261,000";"BR-386/RS";"Decrescente";"Saída de pista";1;0;0;0;0;0;0;0;0;0;1;0;0;0;0