data;horario;n_da_ocorrencia;tipo_de_ocorrencia;km;trecho;sentido;tipo_de_acidente;automovel;bicicleta;caminhao;moto;onibus;outros;tracao_animal;transporte_de_cargas_especiais;trator_maquinas;utilitarios;ilesos;levemente_feridos;moderadamente_feridos;gravemente_feridos;mortos
"09/08/2024";"08:08:16";"291";"Sem vítima";"350,000";"BR-386/RS";"Crescente";"Saída de pista";1;0;0;0;0;0;0;0;0;0;1;0;0;0;0
"09/08/2024";"11:23:00";"333";"Sem vítima";"80,000";"BR-290/RS";"Crescente";"Choque";0;0;0;0;0;0;0;0;0;1;1;0;0;0;0
"09/08/2024";"11:36:32";"335";"Com vítima";"343,000";"BR-386/RS";"Decrescente";"Atropelamento de animal";0;0;0;1;0;0;0;0;0;0;0;1;0;0;0
"10/08/2024";"03:23:10";"20";"Sem vítima";"440,000";"BR-386/RS";"Crescente";"Saída de pista";1;0;0;0;0;0;0;0;0;0;1;0;0;0;0
"10/08/2024";"04:08:11";"25";"Sem vítima";"81,000";"BR-290/RS";"Decrescente";"Saída de pista";1;0;0;0;0;0;0;0;0;0;1;0;0;0;0
"10/08/2024";"06:20:00";"35";"Sem vítima";"389,000";"BR-386/RS";"Decrescente";"Colisão lateral no mesmo sentido";1;0;0;0;0;0;0;0;0;0;1;0;0;0;0
"10/08/2024";"03:27:00";"179";"Sem vítima";"75,000";"BR-290/RS";"Crescente";"Acidentes de outra natureza";1;0;0;0;0;0;0;0;0;0;1;0;0;0;0
"10/08/2024";"06:39:00";"217";"Sem vítima";"233,000";"BR-386/RS";"Decrescente";"Colisão frontal";1;0;0;0;0;0;0;0;0;0;1;0;0;0;0
"11/08/2024";"07:40:41";"34";"Sem vítima";"60,000";"BR-290/RS";"Crescente";"Choque";1;0;0;0;0;0;0;0;0;0;1;0;0;0;0
"11/08/2024";"08:02:07";"37";"Sem vítima";"1,000";"BR-448/RS";"Crescente";"Acidentes de outra natureza";1;0;0;0;0;0;0;0;0;0;1;0;0;0;0
"11/08/2024";"04:17:14";"104";"Com vítima";"431,000";"BR-386/RS";"Crescente";"Choque";1;0;0;0;0;0;0;0;0;0;0;1;0;0;0
"11/08/2024";"05:12:05";"112";"Com vítima";"366,000";"BR-386/RS";"Decrescente";"Atropelamento de animal";0;0;0;1;0;0;0;0;0;0;0;0;1;0;0
"11/08/2024";"08:50:52";"169";"Com vítima";"441,400";"BR-386/RS";"Crescente";"Colisão frontal";1;0;0;0;0;0;0;0;0;0;0;0;0;1;0
"11/08/2024";"10:29:46";"188";"Com vítima";"432,000";"BR-386/RS";"Decrescente";"Colisão lateral no mesmo sentido";0;0;0;1;0;0;0;0;0;0;0;0;0;1;0
"11/08/2024";"11:33:21";"193";"Sem vítima";"13,000";"BR-101/RS";"Crescente";"Saída de pista";1;0;0;0;0;0;0;0;0;0;1;0;0;0;0
"12/08/2024";"12:28:36";"8";"Sem vítima";"19,000";"BR-290/RS";"Crescente";"Colisão lateral no mesmo sentido";1;0;0;0;0;0;0;0;0;0;1;0;0;0;0
"12/08/2024";"06:11:00";"33";"Com vítima";"362,000";"BR-386/RS";"Crescente";"Queda de moto";0;0;0;1;0;0;0;0;0;0;0;1;0;0;0
"12/08/2024";"08:05:31";"95";"Com vítima";"22,000";"BR-448/RS";"Decrescente";"Choque";0;0;0;1;0;0;0;0;0;0;0;0;0;1;0
"12/08/2024";"10:27:59";"163";"Sem vítima";"11,000";"BR-448/RS";"Decrescente";"Colisão traseira";0;0;1;0;0;0;0;0;0;0;1;0;0;0;0
"12/08/2024";"10:36:00";"166";"Sem vítima";"86,000";"BR-290/RS";"Decrescente";"Engavetamento";1;0;0;0;0;0;0;0;0;0;1;0;0;0;0
"12/08/2024";"03:01:41";"215";"Sem vítima";"80,000";"BR-290/RS";"Decrescente";"Saída de pista";1;0;0;0;0;0;0;0;0;0;1;0;0;0;0
"12/08/2024";"03:03:00";"216";"Sem vítima";"356,000";"BR-386/RS";"Crescente";"Colisão lateral no mesmo sentido";1;0;0;0;0;0;0;0;0;0;1;0;0;0;0
"12/08/2024";"04:24:41";"237";"Sem vítima";"86,500";"BR-290/RS";"Decrescente";"Colisão lateral no mesmo sentido";1;0;0;0;0;0;0;0;0;0;1;0;0;0;0
"12/08/2024";"11:31:45";"291";"Com vítima";"442,000";"BR-386/RS";"Decrescente";"Atropelamento de animal";0;0;0;1;0;0;0;0;0;0;0;0;1;0;0
"13/08/2024";"07:28:00";"67";"Sem vítima";"0,300";"BR-290/RS";"Crescente";"Saída de pista";1;0;0;0;0;0;0;0;0;0;1;0;0;0;0
"13/08/2024";"08:15:27";"100";"Sem vítima";"387,000";"BR-386/RS";"Decrescente";"Choque";1;0;0;0;0;0;0;0;0;0;1;0;0;0;0
"13/08/2024";"12:43:46";"188";"Sem vítima";"92,000";"BR-290/RS";"Decrescente";"Colisão traseira";1;0;0;0;0;0;0;0;0;0;1;0;0;0;0
"13/08/2024";"01:45:48";"199";"Com vítima";"37,000";"BR-290/RS";"Crescente";"Colisão lateral no mesmo sentido";1;0;0;0;0;0;0;0;0;0;0;1;0;0;0
"13/08/2024";"02:41:21";"205";"Sem vítima";"21,000";"BR-448/RS";"Decrescente";"Choque";1;0;0;0;0;0;0;0;0;0;1;0;0;0;0
"13/08/2024";"06:40:00";"255";"Com vítima";"86,000";"BR-290/RS";"Decrescente";"Colisão traseira";0;0;0;1;0;0;0;0;0;0;0;1;0;0;0
"13/08/2024";"10:18:29";"290";"Sem vítima";"440,000";"BR-386/RS";"Decrescente";"Choque";1;0;0;0;0;0;0;0;0;0;1;0;0;0;0
"13/08/2024";"10:50:00";"294";"Sem vítima";"15,000";"BR-101/RS";"Crescente";"Saída de pista";1;0;0;0;0;0;0;0;0;0;1;0;0;0;0
"14/08/2024";"01:08:00";"10";"Com vítima";"92,000";"BR-290/RS";"Crescente";"Choque";1;0;0;0;0;0;0;0;0;0;0;0;1;0;0
"14/08/2024";"02:32:05";"12";"Sem vítima";"198,000";"BR-386/RS";"Crescente";"Atropelamento de animal";1;0;0;0;0;0;0;0;0;0;1;0;0;0;0
"14/08/2024";"07:26:19";"61";"Sem vítima";"91,000";"BR-290/RS";"Decrescente";"Colisão lateral no mesmo sentido";0;0;0;1;0;0;0;0;0;0;1;0;0;0;0
"14/08/2024";"10:25:11";"153";"Com vítima";"248,000";"BR-386/RS";"Decrescente";"Colisão lateral no mesmo sentido";1;0;0;0;0;0;0;0;0;0;0;1;0;0;0
"14/08/2024";"10:54:34";"159";"Sem vítima";"248,000";"BR-386/RS";"Decrescente";"Colisão lateral no mesmo sentido";0;0;1;0;0;0;0;0;0;0;1;0;0;0;0
"14/08/2024";"02:43:00";"220";"Sem vítima";"296,900";"BR-386/RS";"Crescente";"Colisão traseira";1;0;0;0;0;0;0;0;0;0;1;0;0;0;0
"14/08/2024";"05:23:54";"247";"Com vítima";"346,000";"BR-386/RS";"Decrescente";"Colisão traseira";1;0;0;0;0;0;0;0;0;0;0;1;0;0;0
"14/08/2024";"11:44:12";"290";"Sem vítima";"54,000";"BR-290/RS";"Crescente";"Tombamento";0;0;1;0;0;0;0;0;0;0;1;0;0;0;0
"15/08/2024";"06:36:00";"30";"Com vítima";"72,000";"BR-101/RS";"Decrescente";"Atropelamento de pedestre";1;0;0;0;0;0;0;0;0;0;1;0;0;0;1
"15/08/2024";"06:48:06";"39";"Sem vítima";"83,000";"BR-290/RS";"Crescente";"Colisão lateral no mesmo sentido";0;0;1;0;0;0;0;0;0;0;1;0;0;0;0
"15/08/2024";"09:31:02";"143";"Sem vítima";"80,000";"BR-290/RS";"Crescente";"Colisão traseira";1;0;0;0;0;0;0;0;0;0;1;0;0;0;0
"15/08/2024";"09:31:31";"145";"Sem vítima";"435,000";"BR-386/RS";"Decrescente";"Colisão traseira";1;0;0;0;0;0;0;0;0;0;1;0;0;0;0
"15/08/2024";"12:42:00";"192";"Com vítima";"350,000";"BR-386/RS";"Crescente";"Colisão transversal";1;0;0;0;0;0;0;0;0;0;0;0;1;0;0
"15/08/2024";"04:04:13";"231";"Sem vítima";"389,000";"BR-386/RS";"Crescente";"Colisão traseira";1;0;0;0;0;0;0;0;0;0;1;0;0;0;0
"15/08/2024";"06:29:00";"255";"Com vítima";"91,000";"BR-290/RS";"Crescente";"Colisão lateral no mesmo sentido";1;0;0;0;0;0;0;0;0;0;0;0;1;0;0
"15/08/2024";"06:56:52";"258";"Sem vítima";"3,000";"BR-448/RS";"Decrescente";"Engavetamento";1;0;0;0;0;0;0;0;0;0;1;0;0;0;0
"15/08/2024";"07:00:46";"259";"Com vítima";"64,000";"BR-101/RS";"Decrescente";"Choque";1;0;0;0;0;0;0;0;0;0;0;1;0;0;0
"15/08/2024";"09:32:00";"280";"Sem vítima";"80,000";"BR-290/RS";"Decrescente";"Saída de pista";1;0;0;0;0;0;0;0;0;0;1;0;0;0;0
"15/08/2024";"10:18:58";"283";"Sem vítima";"439,000";"BR-386/RS";"Decrescente";"Colisão lateral no mesmo sentido";1;0;0;0;0;0;0;0;0;0;1;0;0;0;0
"16/08/2024";"02:13:38";"7";"Sem vítima";"273,500";"BR-386/RS";"Decrescente";"Tombamento";0;0;1;0;0;0;0;0;0;0;1;0;0;0;0
"16/08/2024";"01:48:57";"178";"Sem vítima";"262,000";"BR-386/RS";"Decrescente";"Colisão traseira";1;0;0;0;0;0;0;0;0;0;1;0;0;0;0
"16/08/2024";"07:15:50";"259";"Com vítima";"435,000";"BR-386/RS";"Decrescente";"Colisão lateral no mesmo sentido";1;0;0;0;0;0;0;0;0;0;0;1;0;0;0
"17/08/2024";"12:16:04";"5";"Sem vítima";"302,000";"BR-386/RS";"Crescente";"Choque";1;0;0;0;0;0;0;0;0;0;1;0;0;0;0
"17/08/2024";"12:38:43";"10";"Sem vítima";"53,600";"BR-290/RS";"Decrescente";"Colisão lateral no mesmo sentido";1;0;0;0;0;0;0;0;0;0;1;0;0;0;0
"17/08/2024";"02:42:00";"13";"Sem vítima";"434,000";"BR-386/RS";"Decrescente";"Choque";1;0;0;0;0;0;0;0;0;0;1;0;0;0;0
"17/08/2024";"04:47:19";"19";"Sem vítima";"78,600";"BR-290/RS";"Decrescente";"Colisão lateral no mesmo sentido";1;0;0;0;0;0;0;0;0;0;1;0;0;0;0
"17/08/2024";"08:33:00";"54";"Com vítima";"351,000";"BR-386/RS";"Decrescente";"Queda de moto";0;0;0;1;0;0;0;0;0;0;0;1;0;0;0
"17/08/2024";"10:19:02";"83";"Sem vítima";"60,000";"BR-290/RS";"Decrescente";"Colisão traseira";1;0;0;0;0;0;0;0;0;0;1;0;0;0;0
"17/08/2024";"01:44:50";"110";"Sem vítima";"92,000";"BR-290/RS";"Decrescente";"Choque";1;0;0;0;0;0;0;0;0;0;1;0;0;0;0
"17/08/2024";"03:04:30";"125";"Sem vítima";"92,000";"BR-290/RS";"Decrescente";"Queda de moto";0;0;0;1;0;0;0;0;0;0;1;0;0;0;0
"17/08/2024";"06:13:00";"167";"Sem vítima";"63,000";"BR-290/RS";"Decrescente";"Colisão traseira";1;0;0;0;0;0;0;0;0;0;1;0;0;0;0
"17/08/2024";"09:56:00";"188";"Sem vítima";"5,000";"BR-101/RS";"Decrescente";"Colisão traseira";1;0;0;0;0;0;0;0;0;0;1;0;0;0;0
"18/08/2024";"04:43:00";"17";"Sem vítima";"58,000";"BR-101/RS";"Crescente";"Colisão lateral no mesmo sentido";1;0;0;0;0;0;0;0;0;0;1;0;0;0;0
"18/08/2024";"08:12:09";"46";"Com vítima";"57,000";"BR-290/RS";"Crescente";"Capotamento";1;0;0;0;0;0;0;0;0;0;0;0;1;0;0
"18/08/2024";"03:23:00";"103";"Sem vítima";"366,700";"BR-386/RS";"Decrescente";"Colisão lateral no mesmo sentido";1;0;0;0;0;0;0;0;0;0;1;0;0;0;0
"18/08/2024";"05:48:39";"132";"Sem vítima";"2,000";"BR-290/RS";"Crescente";"Colisão lateral no mesmo sentido";1;0;0;0;0;0;0;0;0;0;1;0;0;0;0
"18/08/2024";"10:59:09";"194";"Sem vítima";"94,000";"BR-290/RS";"Crescente";"Choque";1;0;0;0;0;0;0;0;0;0;1;0;0;0;0
"18/08/2024";"11:10:00";"195";"Com vítima";"389,000";"BR-386/RS";"Decrescente";"Choque";1;0;0;0;0;0;0;0;0;0;0;1;0;0;0
"19/08/2024";"03:09:24";"10";"Sem vítima";"18,200";"BR-290/RS";"Decrescente";"Saída de pista";0;0;1;0;0;0;0;0;0;0;1;0;0;0;0
"19/08/2024";"06:02:00";"28";"Sem vítima";"96,000";"BR-290/RS";"Crescente";"Choque";1;0;0;0;0;0;0;0;0;0;1;0;0;0;0
"19/08/2024";"08:00:00";"93";"Sem vítima";"92,000";"BR-290/RS";"Decrescente";"Colisão traseira";1;0;0;0;0;0;0;0;0;0;1;0;0;0;0
"19/08/2024";"10:31:00";"160";"Sem vítima";"27,000";"BR-290/RS";"Crescente";"Colisão transversal";1;0;0;0;0;0;0;0;0;0;1;0;0;0;0
"19/08/2024";"10:40:00";"162";"Com vítima";"391,000";"BR-386/RS";"Decrescente";"Colisão traseira";1;0;0;0;0;0;0;0;0;0;0;1;0;0;0
"19/08/2024";"04:11:00";"240";"Sem vítima";"409,000";"BR-386/RS";"Decrescente";"Choque";0;0;1;0;0;0;0;0;0;0;1;0;0;0;0
"19/08/2024";"05:50:50";"261";"Sem vítima";"215,000";"BR-386/RS";"Decrescente";"Colisão lateral no mesmo sentido";1;0;0;0;0;0;0;0;0;0;1;0;0;0;0
"19/08/2024";"06:05:40";"266";"Sem vítima";"430,000";"BR-386/RS";"Decrescente";"Capotamento";1;0;0;0;0;0;0;0;0;0;1;0;0;0;0
"19/08/2024";"07:47:05";"288";"Sem vítima";"94,000";"BR-290/RS";"Decrescente";"Colisão lateral no mesmo sentido";1;0;0;0;0;0;0;0;0;0;1;0;0;0;0
"19/08/2024";"08:10:34";"294";"Sem vítima";"247,000";"BR-386/RS";"Crescente";"Colisão traseira";0;0;1;0;0;0;0;0;0;0;1;0;0;0;0
"19/08/2024";"08:58:34";"303";"Sem vítima";"206,000";"BR-386/RS";"Crescente";"Colisão traseira";1;0;0;0;0;0;0;0;0;0;1;0;0;0;0
"19/08/2024";"10:14:00";"312";"Com vítima";"35,000";"BR-290/RS";"Crescente";"Saída de pista";1;0;0;0;0;0;0;0;0;0;0;1;0;0;0
"20/08/2024";"04:57:43";"15";"Sem vítima";"388,000";"BR-386/RS";"Decrescente";"Capotamento";1;0;0;0;0;0;0;0;0;0;1;0;0;0;0
"20/08/2024";"06:50:08";"40";"Sem vítima";"296,000";"BR-386/RS";"Crescente";"Saída de pista";1;0;0;0;0;0;0;0;0;0;1;0;0;0;0
"20/08/2024";"08:28:08";"99";"Sem vítima";"20,000";"BR-448/RS";"Crescente";"Colisão traseira";1;0;0;0;0;0;0;0;0;0;1;0;0;0;0
"20/08/2024";"09:14:01";"110";"Sem vítima";"92,000";"BR-290/RS";"Decrescente";"Colisão lateral no mesmo sentido";1;0;0;0;0;0;0;0;0;0;1;0;0;0;0
"20/08/2024";"10:59:24";"132";"Sem vítima";"91,000";"BR-290/RS";"Crescente";"Colisão traseira";1;0;0;0;0;0;0;0;0;0;1;0;0;0;0
"20/08/2024";"11:49:54";"143";"Sem vítima";"70,000";"BR-101/RS";"Decrescente";"Colisão traseira";0;0;1;0;0;0;0;0;0;0;1;0;0;0;0
"20/08/2024";"03:00:42";"177";"Sem vítima";"296,000";"BR-386/RS";"Crescente";"Colisão traseira";1;0;0;0;0;0;0;0;0;0;1;0;0;0;0
"20/08/2024";"03:17:44";"184";"Sem vítima";"62,000";"BR-290/RS";"Decrescente";"Colisão traseira";0;0;1;0;0;0;0;0;0;0;1;0;0;0;0
"20/08/2024";"04:16:00";"202";"Sem vítima";"37,000";"BR-290/RS";"Crescente";"Saída de pista";1;0;0;0;0;0;0;0;0;0;1;0;0;0;0
"20/08/2024";"06:34:34";"224";"Sem vítima";"11,200";"BR-290/RS";"Decrescente";"Saída de pista";1;0;0;0;0;0;0;0;0;0;1;0;0;0;0
"20/08/2024";"08:04:22";"234";"Sem vítima";"68,000";"BR-290/RS";"Crescente";"Saída de pista";1;0;0;0;0;0;0;0;0;0;1;0;0;0;0
"20/08/2024";"11:05:54";"266";"Com vítima";"94,000";"BR-290/RS";"Crescente";"Colisão traseira";1;0;0;0;0;0;0;0;0;0;0;1;0;0;0
"20/08/2024";"11:20:14";"267";"Sem vítima";"24,000";"BR-101/RS";"Crescente";"Saída de pista";1;0;0;0;0;0;0;0;0;0;1;0;0;0;0
"21/08/2024";"01:50:18";"9";"Sem vítima";"79,000";"BR-101/RS";"Crescente";"Saída de pista";0;0;1;0;0;0;0;0;0;0;1;0;0;0;0
"21/08/2024";"07:44:11";"90";"Com vítima";"346,600";"BR-386/RS";"Crescente";"Queda de moto";0;0;0;1;0;0;0;0;0;0;0;1;0;0;0
"21/08/2024";"08:37:33";"121";"Sem vítima";"92,000";"BR-290/RS";"Crescente";"Colisão lateral no mesmo sentido";1;0;0;0;0;0;0;0;0;0;1;0;0;0;0
"21/08/2024";"01:16:51";"194";"Sem vítima";"21,400";"BR-101/RS";"Crescente";"Saída de pista";1;0;0;0;0;0;0;0;0;0;1;0;0;0;0
"21/08/2024";"01:20:06";"196";"Com vítima";"75,000";"BR-290/RS";"Decrescente";"Colisão lateral no mesmo sentido";0;0;0;1;0;0;0;0;0;0;0;1;0;0;0
"21/08/2024";"09:26:01";"289";"Com vítima";"345,000";"BR-386/RS";"Crescente";"Tombamento";0;0;1;0;0;0;0;0;0;0;0;0;0;1;0
"21/08/2024";"11:15:00";"298";"Sem vítima";"445,000";"BR-386/RS";"Crescente";"Atropelamento de animal";1;0;0;0;0;0;0;0;0;0;1;0;0;0;0
"22/08/2024";"05:24:24";"20";"Sem vítima";"15,000";"BR-448/RS";"Crescente";"Choque";1;0;0;0;0;0;0;0;0;0;1;0;0;0;0
"22/08/2024";"05:37:11";"21";"Sem vítima";"411,000";"BR-386/RS";"Decrescente";"Colisão lateral no mesmo sentido";0;0;1;0;0;0;0;0;0;0;1;0;0;0;0
"22/08/2024";"08:13:19";"83";"Sem vítima";"349,000";"BR-386/RS";"Crescente";"Colisão traseira";1;0;0;0;0;0;0;0;0;0;1;0;0;0;0
"22/08/2024";"05:15:08";"230";"Sem vítima";"60,960";"BR-290/RS";"Crescente";"Colisão traseira";1;0;0;0;0;0;0;0;0;0;1;0;0;0;0
"23/08/2024";"05:41:00";"16";"Sem vítima";"304,000";"BR-386/RS";"Decrescente";"Tombamento";0;0;1;0;0;0;0;0;0;0;1;0;0;0;0
"23/08/2024";"08:12:05";"65";"Sem vítima";"49,000";"BR-101/RS";"Crescente";"Colisão lateral no mesmo sentido";0;0;1;0;0;0;0;0;0;0;1;0;0;0;0
"23/08/2024";"08:29:00";"70";"Sem vítima";"95,000";"BR-290/RS";"Crescente";"Colisão traseira";1;0;0;0;0;0;0;0;0;0;1;0;0;0;0
"23/08/2024";"09:11:43";"86";"Sem vítima";"347,000";"BR-386/RS";"Decrescente";"Saída de pista";1;0;0;0;0;0;0;0;0;0;1;0;0;0;0
"23/08/2024";"10:21:12";"103";"Sem vítima";"259,000";"BR-386/RS";"Decrescente";"Saída de pista";1;0;0;0;0;0;0;0;0;0;1;0;0;0;0
"23/08/2024";"10:34:35";"108";"Sem vítima";"410,000";"BR-386/RS";"Decrescente";"Saída de pista";1;0;0;0;0;0;0;0;0;0;1;0;0;0;0
"23/08/2024";"11:16:04";"120";"Sem vítima";"94,000";"BR-290/RS";"Decrescente";"Choque";1;0;0;0;0;0;0;0;0;0;1;0;0;0;0
"23/08/2024";"11:21:20";"122";"Com vítima";"396,000";"BR-386/RS";"Decrescente";"Capotamento";1;0;0;0;0;0;0;0;0;0;0;0;0;1;0
"23/08/2024";"11:57:39";"126";"Sem vítima";"229,000";"BR-386/RS";"Crescente";"Capotamento";1;0;0;0;0;0;0;0;0;0;1;0;0;0;0
"23/08/2024";"01:11:49";"142";"Sem vítima";"290,000";"BR-386/RS";"Decrescente";"Colisão transversal";1;0;0;0;0;0;0;0;0;0;1;0;0;0;0
"23/08/2024";"01:20:00";"143";"Sem vítima";"440,000";"BR-386/RS";"Decrescente";"Saída de pista";1;0;0;0;0;0;0;0;0;0;1;0;0;0;0
"23/08/2024";"02:47:29";"167";"Sem vítima";"22,000";"BR-448/RS";"Crescente";"Colisão lateral no mesmo sentido";1;0;0;0;0;0;0;0;0;0;1;0;0;0;0
"23/08/2024";"02:50:00";"169";"Sem vítima";"365,000";"BR-386/RS";"Crescente";"Colisão traseira";1;0;0;0;0;0;0;0;0;0;1;0;0;0;0
"23/08/2024";"02:50:09";"168";"Sem vítima";"28,000";"BR-290/RS";"Crescente";"Saída de pista";1;0;0;0;0;0;0;0;0;0;1;0;0;0;0
"23/08/2024";"04:01:25";"188";"Sem vítima";"258,000";"BR-386/RS";"Crescente";"Saída de pista";0;0;1;0;0;0;0;0;0;0;1;0;0;0;0
"23/08/2024";"05:28:04";"211";"Com vítima";"94,000";"BR-290/RS";"Crescente";"Colisão traseira";0;0;0;1;0;0;0;0;0;0;0;1;0;0;0
"23/08/2024";"05:30:12";"212";"Sem vítima";"19,000";"BR-290/RS";"Crescente";"Colisão traseira";0;0;1;0;0;0;0;0;0;0;1;0;0;0;0
"23/08/2024";"06:12:00";"220";"Sem vítima";"75,000";"BR-290/RS";"Decrescente";"Saída de pista";1;0;0;0;0;0;0;0;0;0;1;0;0;0;0
"23/08/2024";"06:50:21";"229";"Sem vítima";"41,000";"BR-290/RS";"Crescente";"Choque";1;0;0;0;0;0;0;0;0;0;1;0;0;0;0
"23/08/2024";"06:53:00";"231";"Sem vítima";"335,000";"BR-386/RS";"Decrescente";"Colisão frontal";1;0;0;0;0;0;0;0;0;0;1;0;0;0;0
"23/08/2024";"07:18:30";"234";"Com vítima";"87,000";"BR-290/RS";"Crescente";"Queda de moto";0;0;0;1;0;0;0;0;0;0;0;1;0;0;0
"23/08/2024";"10:42:00";"268";"Sem vítima";"360,000";"BR-386/RS";"Crescente";"Saída de pista";1;0;0;0;0;0;0;0;0;0;1;0;0;0;0
"24/08/2024";"05:11:39";"13";"Sem vítima";"342,000";"BR-386/RS";"Decrescente";"Colisão traseira";1;0;0;0;0;0;0;0;0;0;1;0;0;0;0
"24/08/2024";"05:27:24";"15";"Sem vítima";"15,000";"BR-448/RS";"Decrescente";"Capotamento";1;0;0;0;0;0;0;0;0;0;1;0;0;0;0
"24/08/2024";"05:56:34";"20";"Sem vítima";"86,000";"BR-290/RS";"Crescente";"Saída de pista";1;0;0;0;0;0;0;0;0;0;1;0;0;0;0
"24/08/2024";"01:07:00";"116";"Com vítima";"80,000";"BR-290/RS";"Crescente";"Queda de moto";0;0;0;1;0;0;0;0;0;0;0;1;0;0;0
"24/08/2024";"06:01:50";"167";"Sem vítima";"350,000";"BR-386/RS";"Decrescente";"Colisão traseira";0;0;0;1;0;0;0;0;0;0;1;0;0;0;0
"25/08/2024";"05:20:15";"21";"Sem vítima";"37,000";"BR-290/RS";"Crescente";"Saída de pista";1;0;0;0;0;0;0;0;0;0;1;0;0;0;0
"25/08/2024";"08:53:58";"53";"Sem vítima";"96,000";"BR-290/RS";"Crescente";"Choque";1;0;0;0;0;0;0;0;0;0;1;0;0;0;0
"25/08/2024";"01:34:25";"87";"Sem vítima";"361,000";"BR-386/RS";"Decrescente";"Saída de pista";1;0;0;0;0;0;0;0;0;0;1;0;0;0;0
"25/08/2024";"08:00:00";"159";"Sem vítima";"32,000";"BR-101/RS";"Decrescente";"Colisão lateral no mesmo sentido";0;0;1;0;0;0;0;0;0;0;1;0;0;0;0
"25/08/2024";"09:11:07";"167";"Com vítima";"34,000";"BR-101/RS";"Crescente";"Capotamento";1;0;0;0;0;0;0;0;0;0;0;1;0;0;0
"25/08/2024";"11:06:22";"181";"Sem vítima";"14,000";"BR-290/RS";"Crescente";"Saída de pista";1;0;0;0;0;0;0;0;0;0;1;0;0;0;0
"26/08/2024";"01:00:00";"7";"Sem vítima";"5,000";"BR-290/RS";"Decrescente";"Atropelamento de animal";1;0;0;0;0;0;0;0;0;0;1;0;0;0;0
"26/08/2024";"07:01:02";"52";"Sem vítima";"75,000";"BR-290/RS";"Crescente";"Capotamento";1;0;0;0;0;0;0;0;0;0;1;0;0;0;0
"26/08/2024";"07:26:09";"72";"Sem vítima";"346,000";"BR-386/RS";"Crescente";"Engavetamento";1;0;0;0;0;0;0;0;0;0;1;0;0;0;0
"26/08/2024";"07:30:39";"76";"Com vítima";"352,000";"BR-386/RS";"Decrescente";"Colisão lateral no mesmo sentido";0;0;1;0;0;0;0;0;0;0;1;0;1;0;0
"26/08/2024";"07:59:00";"91";"Sem vítima";"436,000";"BR-386/RS";"Crescente";"Colisão lateral no mesmo sentido";0;0;1;0;0;0;0;0;0;0;1;0;0;0;0
"26/08/2024";"08:54:44";"123";"Sem vítima";"92,000";"BR-290/RS";"Decrescente";"Colisão lateral no mesmo sentido";1;0;0;0;0;0;0;0;0;0;1;0;0;0;0
"26/08/2024";"09:20:00";"141";"Sem vítima";"54,000";"BR-290/RS";"Crescente";"Colisão traseira";1;0;0;0;0;0;0;0;0;0;1;0;0;0;0
"26/08/2024";"10:26:00";"158";"Sem vítima";"354,000";"BR-386/RS";"Decrescente";"Colisão lateral no mesmo sentido";0;0;1;0;0;0;0;0;0;0;1;0;0;0;0
"26/08/2024";"12:00:49";"183";"Sem vítima";"227,000";"BR-386/RS";"Decrescente";"Engavetamento";1;0;0;0;0;0;0;0;0;0;1;0;0;0;0
"26/08/2024";"01:57:08";"202";"Sem vítima";"233,000";"BR-386/RS";"Decrescente";"Colisão traseira";0;0;1;0;0;0;0;0;0;0;1;0;0;0;0
"26/08/2024";"03:19:23";"217";"Sem vítima";"17,000";"BR-448/RS";"Decrescente";"Colisão traseira";0;0;1;0;0;0;0;0;0;0;1;0;0;0;0
"26/08/2024";"08:19:00";"255";"Sem vítima";"7,000";"BR-448/RS";"Crescente";"Choque";1;0;0;0;0;0;0;0;0;0;1;0;0;0;0
"26/08/2024";"11:43:32";"279";"Sem vítima";"60,000";"BR-290/RS";"Decrescente";"Choque";0;0;1;0;0;0;0;0;0;0;1;0;0;0;0
"27/08/2024";"05:41:21";"17";"Com vítima";"349,000";"BR-386/RS";"Decrescente";"Queda de moto";0;0;0;1;0;0;0;0;0;0;0;1;0;0;0
"27/08/2024";"08:16:40";"98";"Com vítima";"308,000";"BR-386/RS";"Decrescente";"Choque";0;0;1;0;0;0;0;0;0;0;0;0;0;1;0
"27/08/2024";"10:12:44";"137";"Sem vítima";"1,000";"BR-448/RS";"Crescente";"Colisão traseira";1;0;0;0;0;0;0;0;0;0;1;0;0;0;0