data;horario;n_da_ocorrencia;tipo_de_ocorrencia;km;trecho;sentido;tipo_de_acidente;automovel;bicicleta;caminhao;moto;onibus;outros;tracao_animal;transporte_de_cargas_especiais;trator_maquinas;utilitarios;ilesos;levemente_feridos;moderadamente_feridos;gravemente_feridos;mortos
"19/09/2024";"06:41:00";"27";"Sem vítima";"373,000";"BR-386/RS";"Decrescente";"Choque";1;0;0;0;0;0;0;0;0;0;1;0;0;0;0
"19/09/2024";"07:33:07";"68";"Sem vítima";"350,000";"BR-386/RS";"Decrescente";"Colisão lateral no mesmo sentido";1;0;0;0;0;0;0;0;0;0;1;0;0;0;0
"19/09/2024";"08:01:46";"86";"Sem vítima";"19,000";"BR-290/RS";"Crescente";"Colisão traseira";1;0;0;0;0;0;0;0;0;0;1;0;0;0;0
"19/09/2024";"08:27:35";"99";"Sem vítima";"329,000";"BR-386/RS";"Decrescente";"Colisão traseira";1;0;0;0;0;0;0;0;0;0;1;0;0;0;0
"19/09/2024";"02:20:00";"175";"Com vítima";"214,000";"BR-386/RS";"Crescente";"Tombamento";0;0;1;0;0;0;0;0;0;0;0;1;0;0;0
"19/09/2024";"02:41:09";"184";"Sem vítima";"230,000";"BR-386/RS";"Decrescente";"Colisão traseira";1;0;0;0;0;0;0;0;0;0;1;0;0;0;0
"19/09/2024";"05:38:50";"222";"Sem vítima";"349,000";"BR-386/RS";"Decrescente";"Colisão transversal";1;0;0;0;0;0;0;0;0;0;1;0;0;0;0
"19/09/2024";"06:15:43";"227";"Sem vítima";"96,000";"BR-290/RS";"Decrescente";"Colisão traseira";1;0;0;0;0;0;0;0;0;0;1;0;0;0;0
"19/09/2024";"06:18:21";"228";"Com vítima";"344,000";"BR-386/RS";"Decrescente";"Colisão traseira";0;0;0;1;0;0;0;0;0;0;0;1;0;0;0
"19/09/2024";"06:55:58";"235";"Sem vítima";"93,000";"BR-290/RS";"Decrescente";"Colisão lateral no mesmo sentido";0;0;1;0;0;0;0;0;0;0;1;0;0;0;0
"19/09/2024";"07:25:15";"244";"Sem vítima";"198,000";"BR-386/RS";"Crescente";"Choque";0;0;1;0;0;0;0;0;0;0;1;0;0;0;0
"19/09/2024";"07:44:00";"249";"Sem vítima";"385,000";"BR-386/RS";"Crescente";"Colisão traseira";1;0;0;0;0;0;0;0;0;0;1;0;0;0;0
"19/09/2024";"10:06:00";"276";"Sem vítima";"351,000";"BR-386/RS";"Decrescente";"Colisão traseira";1;0;0;0;0;0;0;0;0;0;1;0;0;0;0
"19/09/2024";"11:48:00";"291";"Sem vítima";"430,000";"BR-386/RS";"Crescente";"Atropelamento de animal";1;0;0;0;0;0;0;0;0;0;1;0;0;0;0
"20/09/2024";"12:11:00";"5";"Sem vítima";"9,000";"BR-101/RS";"Decrescente";"Colisão traseira";1;0;0;0;0;0;0;0;0;0;1;0;0;0;0
"20/09/2024";"01:09:34";"15";"Sem vítima";"386,000";"BR-386/RS";"Crescente";"Atropelamento de animal";1;0;0;0;0;0;0;0;0;0;1;0;0;0;0
"20/09/2024";"05:01:00";"35";"Sem vítima";"383,000";"BR-386/RS";"Decrescente";"Choque";1;0;0;0;0;0;0;0;0;0;1;0;0;0;0
"20/09/2024";"07:04:52";"51";"Sem vítima";"369,000";"BR-386/RS";"Crescente";"Choque";1;0;0;0;0;0;0;0;0;0;1;0;0;0;0
"20/09/2024";"07:18:00";"61";"Sem vítima";"440,000";"BR-386/RS";"Decrescente";"Saída de pista";1;0;0;0;0;0;0;0;0;0;1;0;0;0;0
"20/09/2024";"07:25:19";"66";"Sem vítima";"1,000";"BR-290/RS";"Decrescente";"Choque";1;0;0;0;0;0;0;0;0;0;1;0;0;0;0
"20/09/2024";"10:59:35";"122";"Sem vítima";"80,600";"BR-101/RS";"Crescente";"Engavetamento";1;0;0;0;0;0;0;0;0;0;1;0;0;0;0
"20/09/2024";"11:18:13";"127";"Sem vítima";"435,000";"BR-386/RS";"Decrescente";"Choque";1;0;0;0;0;0;0;0;0;0;1;0;0;0;0
"20/09/2024";"11:18:55";"129";"Sem vítima";"236,000";"BR-386/RS";"Decrescente";"Colisão traseira";1;0;0;0;0;0;0;0;0;0;1;0;0;0;0
"20/09/2024";"11:22:41";"130";"Sem vítima";"37,000";"BR-101/RS";"Decrescente";"Colisão traseira";1;0;0;0;0;0;0;0;0;0;1;0;0;0;0
"20/09/2024";"12:25:00";"141";"Sem vítima";"10,000";"BR-448/RS";"Decrescente";"Saída de pista";1;0;0;0;0;0;0;0;0;0;1;0;0;0;0
"20/09/2024";"12:53:18";"150";"Sem vítima";"9,000";"BR-448/RS";"Crescente";"Saída de pista";1;0;0;0;0;0;0;0;0;0;1;0;0;0;0
"20/09/2024";"12:55:18";"151";"Sem vítima";"304,000";"BR-386/RS";"Decrescente";"Colisão traseira";1;0;0;0;0;0;0;0;0;0;1;0;0;0;0
"20/09/2024";"01:47:40";"157";"Sem vítima";"27,000";"BR-101/RS";"Decrescente";"Colisão lateral no mesmo sentido";1;0;0;0;0;0;0;0;0;0;1;0;0;0;0
"20/09/2024";"03:18:14";"172";"Sem vítima";"305,000";"BR-386/RS";"Decrescente";"Colisão traseira";1;0;0;0;0;0;0;0;0;0;1;0;0;0;0
"20/09/2024";"05:20:02";"197";"Sem vítima";"43,000";"BR-290/RS";"Crescente";"Colisão lateral no mesmo sentido";1;0;0;0;0;0;0;0;0;0;1;0;0;0;0
"20/09/2024";"05:38:00";"200";"Sem vítima";"39,000";"BR-290/RS";"Decrescente";"Colisão traseira";1;0;0;0;0;0;0;0;0;0;1;0;0;0;0
"20/09/2024";"07:36:00";"219";"Sem vítima";"246,000";"BR-386/RS";"Crescente";"Saída de pista";1;0;0;0;0;0;0;0;0;0;1;0;0;0;0
"21/09/2024";"03:15:07";"13";"Com vítima";"16,000";"BR-448/RS";"Decrescente";"Capotamento";1;0;0;0;0;0;0;0;0;0;0;1;0;0;0
"21/09/2024";"02:08:43";"114";"Sem vítima";"339,000";"BR-386/RS";"Decrescente";"Colisão lateral no mesmo sentido";0;0;1;0;0;0;0;0;0;0;1;0;0;0;0
"21/09/2024";"04:46:30";"149";"Com vítima";"96,000";"BR-290/RS";"Crescente";"Colisão traseira";0;0;0;1;0;0;0;0;0;0;0;0;1;0;0
"22/09/2024";"03:30:00";"9";"Sem vítima";"86,000";"BR-290/RS";"Crescente";"Capotamento";1;0;0;0;0;0;0;0;0;0;1;0;0;0;0
"22/09/2024";"08:15:52";"36";"Com vítima";"18,200";"BR-290/RS";"Crescente";"Saída de pista";0;0;1;0;0;0;0;0;0;0;0;1;0;0;0
"22/09/2024";"08:27:03";"38";"Com vítima";"67,000";"BR-290/RS";"Crescente";"Colisão traseira";1;0;0;0;0;0;0;0;0;0;0;1;0;0;0
"22/09/2024";"09:56:17";"51";"Sem vítima";"35,100";"BR-101/RS";"Crescente";"Colisão lateral no mesmo sentido";0;0;1;0;0;0;0;0;0;0;1;0;0;0;0
"22/09/2024";"04:02:14";"147";"Sem vítima";"82,000";"BR-101/RS";"Crescente";"Colisão traseira";1;0;0;0;0;0;0;0;0;0;1;0;0;0;0
"22/09/2024";"04:28:00";"154";"Com vítima";"65,000";"BR-101/RS";"Decrescente";"Queda de moto";0;0;0;1;0;0;0;0;0;0;0;1;0;0;0
"22/09/2024";"05:07:38";"165";"Sem vítima";"60,000";"BR-290/RS";"Crescente";"Colisão lateral no mesmo sentido";1;0;0;0;0;0;0;0;0;0;1;0;0;0;0
"22/09/2024";"07:05:00";"207";"Sem vítima";"61,000";"BR-101/RS";"Crescente";"Colisão traseira";1;0;0;0;0;0;0;0;0;0;1;0;0;0;0
"22/09/2024";"07:44:00";"221";"Sem vítima";"38,000";"BR-290/RS";"Crescente";"Saída de pista";1;0;0;0;0;0;0;0;0;0;1;0;0;0;0
"22/09/2024";"08:07:00";"230";"Sem vítima";"436,000";"BR-386/RS";"Crescente";"Choque";0;0;1;0;0;0;0;0;0;0;1;0;0;0;0
"22/09/2024";"08:39:14";"242";"Sem vítima";"70,000";"BR-101/RS";"Crescente";"Colisão traseira";1;0;0;0;0;0;0;0;0;0;1;0;0;0;0
"22/09/2024";"11:47:00";"273";"Com vítima";"346,000";"BR-386/RS";"Crescente";"Choque";0;0;0;1;0;0;0;0;0;0;0;0;0;1;0
"23/09/2024";"01:17:14";"13";"Sem vítima";"35,000";"BR-101/RS";"Decrescente";"Colisão traseira";1;0;0;0;0;0;0;0;0;0;1;0;0;0;0
"23/09/2024";"06:11:56";"27";"Sem vítima";"67,000";"BR-290/RS";"Crescente";"Choque";0;0;1;0;0;0;0;0;0;0;1;0;0;0;0
"23/09/2024";"06:50:00";"53";"Sem vítima";"50,000";"BR-290/RS";"Crescente";"Tombamento";0;0;1;0;0;0;0;0;0;0;1;0;0;0;0
"23/09/2024";"07:26:00";"89";"Sem vítima";"439,000";"BR-386/RS";"Crescente";"Colisão traseira";1;0;0;0;0;0;0;0;0;0;1;0;0;0;0
"23/09/2024";"08:18:12";"114";"Com vítima";"351,000";"BR-386/RS";"Crescente";"Colisão lateral no mesmo sentido";0;0;0;1;0;0;0;0;0;0;0;1;0;0;0
"23/09/2024";"08:58:34";"127";"Sem vítima";"94,200";"BR-290/RS";"Crescente";"Colisão traseira";1;0;0;0;0;0;0;0;0;0;1;0;0;0;0
"23/09/2024";"09:34:06";"141";"Sem vítima";"372,000";"BR-386/RS";"Decrescente";"Colisão lateral no mesmo sentido";1;0;0;0;0;0;0;0;0;0;1;0;0;0;0
"23/09/2024";"11:29:00";"171";"Sem vítima";"219,000";"BR-386/RS";"Decrescente";"Colisão lateral no mesmo sentido";0;0;1;0;0;0;0;0;0;0;1;0;0;0;0
"23/09/2024";"05:32:00";"242";"Com vítima";"22,000";"BR-448/RS";"Crescente";"Capotamento";1;0;0;0;0;0;0;0;0;0;0;1;0;0;0
"23/09/2024";"07:51:00";"261";"Sem vítima";"350,000";"BR-386/RS";"Crescente";"Colisão lateral no mesmo sentido";1;0;0;0;0;0;0;0;0;0;1;0;0;0;0
"24/09/2024";"08:40:00";"117";"Com vítima";"18,500";"BR-448/RS";"Decrescente";"Atropelamento de pedestre";1;0;0;0;0;0;0;0;0;0;1;0;0;0;1
"24/09/2024";"10:51:35";"146";"Sem vítima";"251,000";"BR-386/RS";"Decrescente";"Colisão traseira";1;0;0;0;0;0;0;0;0;0;1;0;0;0;0
"24/09/2024";"11:17:00";"149";"Sem vítima";"37,000";"BR-101/RS";"Crescente";"Tombamento";0;0;1;0;0;0;0;0;0;0;1;0;0;0;0
"24/09/2024";"03:16:18";"189";"Sem vítima";"406,000";"BR-386/RS";"Decrescente";"Choque";1;0;0;0;0;0;0;0;0;0;1;0;0;0;0
"24/09/2024";"06:53:00";"226";"Sem vítima";"79,400";"BR-101/RS";"Decrescente";"Saída de pista";1;0;0;0;0;0;0;0;0;0;1;0;0;0;0
"24/09/2024";"08:14:00";"234";"Sem vítima";"79,400";"BR-101/RS";"Decrescente";"Saída de pista";1;0;0;0;0;0;0;0;0;0;1;0;0;0;0
"24/09/2024";"09:38:00";"246";"Sem vítima";"79,400";"BR-101/RS";"Decrescente";"Saída de pista";0;0;1;0;0;0;0;0;0;0;1;0;0;0;0
"25/09/2024";"10:47:51";"162";"Com vítima";"96,000";"BR-290/RS";"Crescente";"Colisão traseira";1;0;0;0;0;0;0;0;0;0;0;1;0;0;0
"25/09/2024";"01:52:19";"191";"Com vítima";"366,000";"BR-386/RS";"Decrescente";"Saída de pista";1;0;0;0;0;0;0;0;0;0;0;1;0;0;0
"25/09/2024";"02:33:48";"199";"Sem vítima";"304,000";"BR-386/RS";"Decrescente";"Saída de pista";1;0;0;0;0;0;0;0;0;0;1;0;0;0;0
"25/09/2024";"06:42:19";"239";"Sem vítima";"76,000";"BR-290/RS";"Crescente";"Colisão lateral no mesmo sentido";1;0;0;0;0;0;0;0;0;0;1;0;0;0;0
"25/09/2024";"08:56:54";"259";"Sem vítima";"423,800";"BR-386/RS";"Decrescente";"Choque";0;0;1;0;0;0;0;0;0;0;1;0;0;0;0
"25/09/2024";"10:09:52";"265";"Com vítima";"1,110";"BR-448/RS";"Decrescente";"Atropelamento de pedestre";1;0;0;0;0;0;0;0;0;0;1;0;0;0;1
"26/09/2024";"05:40:10";"18";"Sem vítima";"350,000";"BR-386/RS";"Decrescente";"Colisão lateral no mesmo sentido";0;0;1;0;0;0;0;0;0;0;1;0;0;0;0
"26/09/2024";"05:56:23";"21";"Sem vítima";"92,500";"BR-290/RS";"Decrescente";"Colisão lateral no mesmo sentido";1;0;0;0;0;0;0;0;0;0;1;0;0;0;0
"26/09/2024";"06:57:17";"32";"Com vítima";"346,000";"BR-386/RS";"Crescente";"Queda de moto";0;0;0;1;0;0;0;0;0;0;0;1;0;0;0
"26/09/2024";"07:34:29";"53";"Sem vítima";"423,000";"BR-386/RS";"Decrescente";"Saída de pista";1;0;0;0;0;0;0;0;0;0;1;0;0;0;0
"26/09/2024";"07:41:13";"58";"Com vítima";"349,000";"BR-386/RS";"Crescente";"Capotamento";1;0;0;0;0;0;0;0;0;0;0;1;0;0;0
"26/09/2024";"07:56:31";"72";"Sem vítima";"346,000";"BR-386/RS";"Crescente";"Colisão lateral no mesmo sentido";1;0;0;0;0;0;0;0;0;0;1;0;0;0;0
"26/09/2024";"09:15:14";"121";"Com vítima";"394,000";"BR-386/RS";"Decrescente";"Choque";1;0;0;0;0;0;0;0;0;0;0;0;0;1;0
"26/09/2024";"09:59:15";"136";"Sem vítima";"79,000";"BR-290/RS";"Decrescente";"Choque";1;0;0;0;0;0;0;0;0;0;1;0;0;0;0
"26/09/2024";"10:38:39";"147";"Sem vítima";"325,000";"BR-386/RS";"Decrescente";"Colisão transversal";1;0;0;0;0;0;0;0;0;0;1;0;0;0;0
"26/09/2024";"12:29:51";"160";"Sem vítima";"76,400";"BR-290/RS";"Decrescente";"Choque";1;0;0;0;0;0;0;0;0;0;1;0;0;0;0
"26/09/2024";"01:45:23";"166";"Sem vítima";"349,000";"BR-386/RS";"Crescente";"Colisão traseira";1;0;0;0;0;0;0;0;0;0;1;0;0;0;0
"26/09/2024";"02:24:43";"174";"Sem vítima";"365,000";"BR-386/RS";"Crescente";"Saída de pista";1;0;0;0;0;0;0;0;0;0;1;0;0;0;0
"26/09/2024";"02:29:30";"175";"Sem vítima";"78,200";"BR-290/RS";"Crescente";"Choque";1;0;0;0;0;0;0;0;0;0;1;0;0;0;0
"26/09/2024";"02:43:18";"178";"Sem vítima";"295,000";"BR-386/RS";"Decrescente";"Colisão traseira";1;0;0;0;0;0;0;0;0;0;1;0;0;0;0
"26/09/2024";"05:00:24";"194";"Sem vítima";"10,000";"BR-448/RS";"Decrescente";"Choque";1;0;0;0;0;0;0;0;0;0;1;0;0;0;0
"26/09/2024";"05:20:32";"198";"Sem vítima";"229,000";"BR-386/RS";"Decrescente";"Colisão lateral no mesmo sentido";0;0;1;0;0;0;0;0;0;0;1;0;0;0;0
"26/09/2024";"05:21:03";"200";"Sem vítima";"22,000";"BR-101/RS";"Crescente";"Colisão traseira";1;0;0;0;0;0;0;0;0;0;1;0;0;0;0
"26/09/2024";"07:02:32";"215";"Sem vítima";"388,000";"BR-386/RS";"Decrescente";"Colisão transversal";1;0;0;0;0;0;0;0;0;0;1;0;0;0;0
"27/09/2024";"07:22:00";"60";"Sem vítima";"15,000";"BR-448/RS";"Crescente";"Saída de pista";1;0;0;0;0;0;0;0;0;0;1;0;0;0;0
"27/09/2024";"09:51:45";"138";"Sem vítima";"307,000";"BR-386/RS";"Decrescente";"Saída de pista";1;0;0;0;0;0;0;0;0;0;1;0;0;0;0
"27/09/2024";"10:13:12";"146";"Sem vítima";"248,000";"BR-386/RS";"Decrescente";"Colisão frontal";0;0;1;0;0;0;0;0;0;0;1;0;0;0;0
"27/09/2024";"11:09:04";"152";"Com vítima";"320,750";"BR-386/RS";"Crescente";"Colisão frontal";1;0;0;0;0;0;0;0;0;0;0;0;0;0;1
"27/09/2024";"05:38:22";"230";"Sem vítima";"78,000";"BR-290/RS";"Crescente";"Saída de pista";1;0;0;0;0;0;0;0;0;0;1;0;0;0;0
"27/09/2024";"06:27:55";"242";"Sem vítima";"61,000";"BR-101/RS";"Decrescente";"Saída de pista";1;0;0;0;0;0;0;0;0;0;1;0;0;0;0
"27/09/2024";"09:09:40";"264";"Sem vítima";"230,000";"BR-386/RS";"Decrescente";"Colisão traseira";1;0;0;0;0;0;0;0;0;0;1;0;0;0;0
"28/09/2024";"12:38:44";"3";"Sem vítima";"84,200";"BR-290/RS";"Decrescente";"Colisão traseira";1;0;0;0;0;0;0;0;0;0;1;0;0;0;0
"28/09/2024";"12:49:48";"6";"Com vítima";"349,000";"BR-386/RS";"Decrescente";"Queda de moto";0;0;0;1;0;0;0;0;0;0;0;1;0;0;0
"28/09/2024";"02:55:53";"19";"Sem vítima";"7,000";"BR-290/RS";"Decrescente";"Saída de pista";0;0;1;0;0;0;0;0;0;0;1;0;0;0;0
"28/09/2024";"03:27:07";"20";"Sem vítima";"42,000";"BR-290/RS";"Decrescente";"Saída de pista";1;0;0;0;0;0;0;0;0;0;1;0;0;0;0
"28/09/2024";"07:43:03";"77";"Com vítima";"271,000";"BR-386/RS";"Decrescente";"Colisão frontal";1;0;0;0;0;0;0;0;0;0;0;1;0;0;0
"28/09/2024";"12:25:06";"139";"Sem vítima";"65,000";"BR-290/RS";"Decrescente";"Saída de pista";1;0;0;0;0;0;0;0;0;0;1;0;0;0;0
"28/09/2024";"09:05:10";"227";"Com vítima";"69,000";"BR-290/RS";"Crescente";"Colisão traseira";0;0;0;1;0;0;0;0;0;0;0;0;1;0;0
"29/09/2024";"06:51:35";"139";"Com vítima";"26,000";"BR-290/RS";"Crescente";"Colisão traseira";0;0;0;1;0;0;0;0;0;0;0;1;0;0;0
"29/09/2024";"06:59:35";"141";"Sem vítima";"321,000";"BR-386/RS";"Decrescente";"Colisão transversal";1;0;0;0;0;0;0;0;0;0;1;0;0;0;0
"29/09/2024";"07:27:07";"145";"Com vítima";"402,000";"BR-386/RS";"Crescente";"Colisão transversal";1;0;0;0;0;0;0;0;0;0;0;0;0;1;0
"29/09/2024";"07:33:45";"146";"Sem vítima";"275,000";"BR-386/RS";"Crescente";"Colisão traseira";1;0;0;0;0;0;0;0;0;0;1;0;0;0;0
"29/09/2024";"09:32:18";"163";"Sem vítima";"360,000";"BR-386/RS";"Crescente";"Choque";1;0;0;0;0;0;0;0;0;0;1;0;0;0;0
"29/09/2024";"10:51:33";"171";"Sem vítima";"292,000";"BR-386/RS";"Crescente";"Saída de pista";0;0;1;0;0;0;0;0;0;0;1;0;0;0;0
"30/09/2024";"04:15:00";"32";"Sem vítima";"345,000";"BR-386/RS";"Crescente";"Choque";1;0;0;0;0;0;0;0;0;0;1;0;0;0;0
"30/09/2024";"05:15:03";"37";"Com vítima";"349,000";"BR-386/RS";"Crescente";"Queda de moto";0;0;0;1;0;0;0;0;0;0;0;1;0;0;0
"30/09/2024";"09:54:34";"164";"Sem vítima";"19,000";"BR-290/RS";"Decrescente";"Colisão traseira";1;0;0;0;0;0;0;0;0;0;1;0;0;0;0
"30/09/2024";"10:59:54";"177";"Sem vítima";"437,000";"BR-386/RS";"Decrescente";"Colisão traseira";1;0;0;0;0;0;0;0;0;0;1;0;0;0;0
"30/09/2024";"02:18:13";"211";"Com vítima";"213,000";"BR-386/RS";"Crescente";"Capotamento";1;0;0;0;0;0;0;0;0;0;0;0;1;0;0
"30/09/2024";"03:10:30";"227";"Sem vítima";"426,000";"BR-386/RS";"Crescente";"Choque";0;0;1;0;0;0;0;0;0;0;2;0;0;0;0
"30/09/2024";"03:45:50";"237";"Sem vítima";"356,000";"BR-386/RS";"Decrescente";"Saída de pista";1;0;0;0;0;0;0;0;0;0;1;0;0;0;0
"01/10/2024";"02:10:08";"10";"Sem vítima";"59,000";"BR-290/RS";"Crescente";"Colisão traseira";0;0;1;0;0;0;0;0;0;0;1;0;0;0;0
"01/10/2024";"07:37:57";"74";"Sem vítima";"13,000";"BR-448/RS";"Crescente";"Colisão lateral no mesmo sentido";1;0;0;0;0;0;0;0;0;0;1;0;0;0;0
"01/10/2024";"01:00:58";"197";"Sem vítima";"426,000";"BR-386/RS";"Decrescente";"Colisão traseira";1;0;0;0;0;0;0;0;0;0;1;0;0;0;0
"01/10/2024";"01:15:51";"201";"Sem vítima";"247,000";"BR-386/RS";"Crescente";"Colisão lateral no mesmo sentido";1;0;0;0;0;0;0;0;0;0;1;0;0;0;0
"01/10/2024";"03:18:37";"229";"Sem vítima";"17,100";"BR-448/RS";"Decrescente";"Saída de pista";1;0;0;0;0;0;0;0;0;0;1;0;0;0;0
"01/10/2024";"04:11:40";"237";"Sem vítima";"426,000";"BR-386/RS";"Decrescente";"Colisão traseira";0;0;1;0;0;0;0;0;0;0;1;0;0;0;0
"01/10/2024";"04:20:43";"239";"Com vítima";"41,800";"BR-101/RS";"Decrescente";"Choque";1;0;0;0;0;0;0;0;0;0;0;1;0;0;0
"01/10/2024";"04:34:06";"242";"Sem vítima";"88,000";"BR-290/RS";"Decrescente";"Colisão lateral no mesmo sentido";1;0;0;0;0;0;0;0;0;0;1;0;0;0;0
"01/10/2024";"08:30:13";"273";"Com vítima";"349,000";"BR-386/RS";"Crescente";"Queda de moto";0;0;0;1;0;0;0;0;0;0;0;1;0;0;0
"01/10/2024";"08:42:53";"275";"Com vítima";"11,000";"BR-448/RS";"Crescente";"Colisão traseira";0;0;0;1;0;0;0;0;0;0;0;1;0;0;0
"01/10/2024";"08:48:18";"277";"Sem vítima";"2,000";"BR-290/RS";"Decrescente";"Saída de pista";0;0;1;0;0;0;0;0;0;0;1;0;0;0;0
"01/10/2024";"09:39:53";"284";"Sem vítima";"79,000";"BR-101/RS";"Decrescente";"Saída de pista";0;0;1;0;0;0;0;0;0;0;1;0;0;0;0
"02/10/2024";"07:37:40";"66";"Com vítima";"259,000";"BR-386/RS";"Crescente";"Choque";1;0;0;0;0;0;0;0;0;0;0;1;0;0;0
"02/10/2024";"07:57:04";"76";"Sem vítima";"60,000";"BR-101/RS";"Crescente";"Saída de pista";1;0;0;0;0;0;0;0;0;0;1;0;0;0;0
"02/10/2024";"04:27:32";"183";"Com vítima";"247,000";"BR-386/RS";"Crescente";"Saída de pista";0;0;1;0;0;0;0;0;0;0;0;1;0;0;0
"02/10/2024";"06:20:21";"197";"Com vítima";"351,200";"BR-386/RS";"Decrescente";"Queda de moto";0;0;0;1;0;0;0;0;0;0;0;1;0;0;0
"02/10/2024";"06:57:57";"202";"Com vítima";"69,600";"BR-290/RS";"Decrescente";"Acidentes de outra natureza";1;0;0;0;0;0;0;0;0;0;1;0;0;0;1
"02/10/2024";"09:46:16";"225";"Sem vítima";"404,400";"BR-386/RS";"Crescente";"Saída de pista";0;0;1;0;0;0;0;0;0;0;2;0;0;0;0
"02/10/2024";"11:03:08";"234";"Sem vítima";"444,400";"BR-386/RS";"Crescente";"Saída de pista";1;0;0;0;0;0;0;0;0;0;1;0;0;0;0
"03/10/2024";"06:05:10";"26";"Sem vítima";"435,000";"BR-386/RS";"Crescente";"Colisão transversal";0;0;0;1;0;0;0;0;0;0;1;0;0;0;0
"03/10/2024";"07:27:09";"47";"Com vítima";"10,000";"BR-448/RS";"Decrescente";"Colisão lateral no mesmo sentido";0;0;0;1;0;0;0;0;0;0;0;0;1;0;0
"03/10/2024";"08:18:41";"93";"Sem vítima";"89,000";"BR-290/RS";"Crescente";"Colisão traseira";1;0;0;0;0;0;0;0;0;0;1;0;0;0;0
"03/10/2024";"02:25:33";"202";"Sem vítima";"409,000";"BR-386/RS";"Crescente";"Colisão traseira";1;0;0;0;0;0;0;0;0;0;1;0;0;0;0
"03/10/2024";"06:04:32";"236";"Sem vítima";"86,000";"BR-290/RS";"Decrescente";"Engavetamento";1;0;0;0;0;0;0;0;0;0;1;0;0;0;0
"03/10/2024";"08:46:25";"259";"Sem vítima";"350,200";"BR-386/RS";"Crescente";"Colisão traseira";1;0;0;0;0;0;0;0;0;0;1;0;0;0;0
"03/10/2024";"11:13:37";"276";"Sem vítima";"57,800";"BR-290/RS";"Crescente";"Saída de pista";0;0;1;0;0;0;0;0;0;0;1;0;0;0;0
"04/10/2024";"06:23:58";"31";"Sem vítima";"75,000";"BR-290/RS";"Decrescente";"Saída de pista";1;0;0;0;0;0;0;0;0;0;1;0;0;0;0
"04/10/2024";"10:31:05";"156";"Sem vítima";"228,000";"BR-386/RS";"Decrescente";"Engavetamento";1;0;0;0;0;0;0;0;0;0;1;0;0;0;0
"04/10/2024";"11:44:04";"170";"Sem vítima";"92,000";"BR-290/RS";"Decrescente";"Queda de moto";0;0;0;1;0;0;0;0;0;0;1;0;0;0;0
"04/10/2024";"12:52:52";"184";"Com vítima";"70,000";"BR-290/RS";"Crescente";"Capotamento";1;0;0;0;0;0;0;0;0;0;0;0;1;0;0
"04/10/2024";"04:15:47";"233";"Sem vítima";"350,000";"BR-386/RS";"Decrescente";"Colisão lateral no mesmo sentido";1;0;0;0;0;0;0;0;0;0;1;0;0;0;0
"04/10/2024";"04:39:32";"240";"Sem vítima";"19,000";"BR-290/RS";"Crescente";"Colisão traseira";1;0;0;0;0;0;0;0;0;0;1;0;0;0;0
"04/10/2024";"05:14:35";"253";"Sem vítima";"86,000";"BR-290/RS";"Decrescente";"Engavetamento";1;0;0;0;0;0;0;0;0;0;1;0;0;0;0
"04/10/2024";"05:41:24";"262";"Sem vítima";"353,000";"BR-386/RS";"Decrescente";"Colisão traseira";0;0;1;0;0;0;0;0;0;0;1;0;0;0;0
"04/10/2024";"06:52:31";"278";"Sem vítima";"19,000";"BR-290/RS";"Crescente";"Colisão traseira";1;0;0;0;0;0;0;0;0;0;1;0;0;0;0
"04/10/2024";"06:53:59";"279";"Sem vítima";"350,000";"BR-386/RS";"Decrescente";"Colisão traseira";0;0;1;0;0;0;0;0;0;0;1;0;0;0;0
"05/10/2024";"04:12:36";"24";"Com vítima";"64,000";"BR-290/RS";"Crescente";"Saída de pista";1;0;0;0;0;0;0;0;0;0;0;1;0;0;0
"05/10/2024";"06:55:13";"48";"Sem vítima";"228,000";"BR-386/RS";"Decrescente";"Choque";1;0;0;0;0;0;0;0;0;0;1;0;0;0;0
"05/10/2024";"10:05:02";"103";"Sem vítima";"267,000";"BR-386/RS";"Decrescente";"Colisão lateral no mesmo sentido";0;0;1;0;0;0;0;0;0;0;1;0;0;0;0
"05/10/2024";"11:28:45";"130";"Sem vítima";"29,000";"BR-101/RS";"Crescente";"Saída de pista";1;0;0;0;0;0;0;0;0;0;1;0;0;0;0
"06/10/2024";"04:13:23";"20";"Sem vítima";"353,000";"BR-386/RS";"Decrescente";"Choque";1;0;0;0;0;0;0;0;0;0;1;0;0;0;0
"06/10/2024";"06:38:35";"32";"Sem vítima";"324,000";"BR-386/RS";"Decrescente";"Saída de pista";1;0;0;0;0;0;0;0;0;0;1;0;0;0;0